state,date,avg_temperature,avg_visibility,avg_feels_like_temperature,avg_humidity,avg_wind_speed
Johor,2022-01-01,25.26798866855524,7.691218130311615,26.46600566572238,94.79815864022663,4.13456090651558
Johor,2022-01-02,23.64259818731118,7.046827794561934,24.493957703927492,98.04682779456193,3.2993957703927492
Johor,2022-01-03,24.966066066066066,8.80930930930931,25.626126126126128,94.35795795795796,5.461111111111111
Johor,2022-01-04,25.520411392405062,8.67246835443038,27.33386075949367,94.13164556962025,6.93370253164557
Johor,2022-01-05,26.046055437100215,8.921108742004265,28.23454157782516,89.02217484008528,6.401492537313433
Johor,2022-01-06,27.86697080291971,8.959854014598541,30.7007299270073,81.70839416058394,6.701094890510949
Johor,2022-01-07,27.401020408163266,8.927113702623906,29.747813411078717,86.94839650145772,5.806559766763848
Johor,2022-01-08,26.889925925925926,8.734814814814815,29.967407407407407,89.88296296296296,5.443555555555555
Johor,2022-01-09,27.679793510324483,8.212389380530974,29.778761061946902,85.98421828908555,6.254277286135693
Johor,2022-01-10,27.599227799227798,8.893178893178893,29.666666666666668,82.3997425997426,6.563063063063063
Johor,2022-01-11,27.58079306071871,8.920693928128872,29.848822800495665,83.00731102850062,5.902354399008674
Johor,2022-01-12,26.980625931445605,8.873323397913563,28.940387481371086,83.21371087928465,7.038897168405365
Johor,2022-01-13,26.652511415525115,8.961948249619482,28.033485540334855,81.79406392694064,7.347336377473364
Johor,2022-01-14,26.869444444444444,8.662280701754385,28.260233918128655,80.70029239766082,8.075584795321637
Johor,2022-01-15,27.203172205438065,8.96676737160121,28.79154078549849,81.32341389728097,6.205740181268882
Johor,2022-01-16,27.51119293078056,8.986745213549337,29.964653902798233,83.36111929307806,7.176583210603829
Johor,2022-01-17,27.52741935483871,8.67741935483871,30.375,84.33427419354838,6.81989247311828
Johor,2022-01-18,27.62021439509954,8.7687595712098,29.66156202143951,79.3989280245023,7.8660030627871365
Johor,2022-01-19,27.336594663278273,8.747141041931386,29.75095298602287,81.49961880559086,6.583481575603558
Johor,2022-01-20,27.70038510911425,8.722721437740693,29.85622593068036,80.06469833119384,5.582926829268293
Johor,2022-01-21,27.086676217765042,8.992836676217765,29.369627507163322,82.27249283667622,6
Johor,2022-01-22,27.451088534107402,8.99854862119013,29.79245283018868,82.64978229317852,5.158345428156749
Johor,2022-01-23,26.444677137870855,8.879581151832461,27.645724258289704,84.55916230366492,3.568586387434555
Johor,2022-01-24,27.498056537102475,8.696113074204947,29.627208480565372,82.21219081272085,4.65017667844523
Johor,2022-01-25,28.243718592964825,9,30.866834170854272,78.4179648241206,6.263819095477387
Johor,2022-01-26,27.657567185289956,8.932107496463932,29.547383309759546,80.83125884016972,4.997595473833098
Johor,2022-01-27,27.19442119944212,8.723849372384937,28.9581589958159,82.10083682008369,4.778382147838215
Johor,2022-01-28,27.469757489301,9,29.0527817403709,79.78131241084165,4.962054208273894
Johor,2022-01-29,28.078615574783683,8.915945611866501,30.206427688504327,79.53473423980222,4.075030902348579
Johor,2022-01-30,27.460815822002473,8.901112484548825,29.148331273176762,83.28862793572311,3.8589616810877625
Johor,2022-01-31,28.036757425742575,8.856435643564357,31.195544554455445,81.19455445544554,4.294554455445544
Johor,2022-02-01,27.825390625,9,29.641927083333332,82.524609375,5.054296875
Johor,2022-02-02,27.747870778267256,9,29.922173274596183,81.27797356828194,3.654919236417034
Johor,2022-02-03,27.814038461538463,8.892307692307693,31.78076923076923,81.80557692307693,5.57
Johor,2022-02-04,28.037223340040242,8.776659959758552,31.704225352112676,80.52635814889337,6.13158953722334
Johor,2022-02-05,26.876290630975145,8.281070745697896,30.27151051625239,85.77896749521989,5.670363288718929
Johor,2022-02-06,26.19475806451613,7.554435483870968,29.588709677419356,89.5391129032258,5.773991935483871
Johor,2022-02-07,25.105774278215222,8.435695538057743,26.241469816272964,92.99711286089239,5.129658792650918
Johor,2022-02-08,25.6216,8.646,27.752,91.3316,3.8566
Johor,2022-02-09,25.526105263157895,7.869473684210527,26.76421052631579,91.99242105263158,3.5776842105263156
Johor,2022-02-10,23.865665236051502,7.723175965665236,24.09227467811159,96.03154506437768,3.721030042918455
Johor,2022-02-11,25.11827731092437,8.365546218487395,25.80672268907563,89.14747899159664,5.106302521008403
Johor,2022-02-12,26.467621145374448,8.837004405286343,28.1784140969163,82.34229074889868,5.905066079295154
Johor,2022-02-13,26.708704883227178,8.602972399150744,29.751592356687897,85.99469214437367,3.2653927813163484
Johor,2022-02-14,26.825903614457832,8.965863453815262,29.783132530120483,88.2983935742972,3.6616465863453813
Johor,2022-02-15,25.705391304347827,7.845217391304348,27.808695652173913,92.25165217391304,3.319478260869565
Johor,2022-02-16,25.248084054388134,7.699629171817058,26.300370828182942,93.33053152039555,2.915451174289246
Johor,2022-02-17,27.852585119798235,8.548549810844893,29.528373266078184,83.88511979823456,4.432156368221942
Johor,2022-02-18,28.144981412639407,8.790582403965304,32.127633209417596,85.28252788104089,4.945724907063197
Johor,2022-02-19,27.840688775510205,8.911989795918368,30.926020408163264,85.4436224489796,3.9894132653061223
Johor,2022-02-20,27.645420326223338,8.622333751568382,30.55081555834379,85.46373902132999,3.640150564617315
Johor,2022-02-21,28.315080346106303,8.61557478368356,30.865265760197776,82.14202719406676,4.866254635352287
Johor,2022-02-22,27.567682926829267,8.748475609756097,30.184451219512194,83.17256097560976,4.686890243902439
Johor,2022-02-23,26.83191489361702,8.24645390070922,28.377659574468087,85.58457446808511,5.799822695035461
Johor,2022-02-24,24.114583333333332,8.505208333333334,24.41015625,96.943359375,5.209244791666666
Johor,2022-02-25,26.581975308641976,8.367901234567901,27.735802469135802,86.71358024691358,6.136543209876543
Johor,2022-02-26,26.85576923076923,8.992788461538462,27.71033653846154,86.12524038461538,4.125721153846154
Johor,2022-02-27,26.47772397094431,8.687651331719128,29.814769975786923,90.81016949152543,5.045278450363196
Johor,2022-02-28,27.504197530864197,8.572839506172839,30.825925925925926,85.97765432098765,5.595555555555555
Johor,2022-03-01,27.29887076537014,8.548306148055207,30.340025094102884,86.49686323713927,4.44228356336261
Johor,2022-03-02,26.85349428208386,7.9542566709021605,28.79415501905972,88.06759847522237,4.653240152477764
Johor,2022-03-03,27.052605459057073,8.234491315136477,30.255583126550867,88.52307692307693,5.779776674937965
Johor,2022-03-04,27.25523465703971,8.849578820697955,29.23225030084236,87.38772563176896,5.699759326113116
Johor,2022-03-05,27.196894409937887,8.66832298136646,28.6111801242236,86.02186335403727,4.613291925465838
Johor,2022-03-06,27.251387213510252,8.750301568154402,29.20627261761158,87.58057901085645,3.1427020506634498
Johor,2022-03-07,27.04035087719298,8.550125313283209,29.779448621553886,89.99473684210527,3.7974937343358395
Johor,2022-03-08,27.01886075949367,7.830379746835443,29.691139240506327,89.10316455696203,3.6263291139240508
Johor,2022-03-09,27.91430332922318,8.911220715166461,30.948212083847103,87.13699136868064,4.675462392108508
Johor,2022-03-10,28.18058968058968,8.916461916461916,32.082309582309584,85.67100737100738,5.004422604422604
Johor,2022-03-11,28.451325301204818,8.867469879518072,31.37831325301205,83.19373493975904,5.2949397590361444
Johor,2022-03-12,28.447307692307692,8.63076923076923,30.665384615384614,80.43923076923078,5.8133333333333335
Johor,2022-03-13,28.871875,8.997596153846153,32.34855769230769,81.34146634615385,5.0289663461538465
Johor,2022-03-14,28.00791180285344,8.652399481193255,31.17898832684825,87.96770428015564,3.735408560311284
Johor,2022-03-15,26.265360303413402,8.29203539823009,28.02402022756005,92.25777496839444,3.395575221238938
Johor,2022-03-16,27.38068614993647,7.595933926302414,29.64803049555273,87.82401524777637,3.473062261753494
Johor,2022-03-17,26.90036945812808,7.130541871921182,29.23152709359606,91.01256157635468,2.6669950738916257
Johor,2022-03-18,28.069012345679013,7.655555555555556,30.225925925925925,83.8032098765432,5.208271604938272
Johor,2022-03-19,29.266707466340268,8.946144430844553,32.11138310893513,79.78396572827417,4.426805385556915
Johor,2022-03-20,28.961389961389962,7.544401544401544,31.36936936936937,85.81930501930502,3.7526383526383524
Johor,2022-03-21,27.414443084455325,8.334149326805386,30.004895960832314,86.11162790697675,3.730844553243574
Johor,2022-03-22,27.475824175824176,8.482295482295482,31.168498168498168,90.38681318681319,3.4136752136752135
Johor,2022-03-23,26.957735849056604,8.178616352201258,29.227672955974842,91.19433962264151,3.06125786163522
Johor,2022-03-24,28.721098626716604,8.779026217228465,31.034956304619225,82.84681647940074,3.533832709113608
Johor,2022-03-25,27.750700636942675,8.198726114649682,30.629299363057324,87.0659872611465,3.165859872611465
Johor,2022-03-26,27.768476821192053,8.362913907284769,30.113907284768214,87.00119205298013,3.4017218543046357
Johor,2022-03-27,28.37457180500659,8.5098814229249,31.877470355731226,84.25915678524375,4.326086956521739
Johor,2022-03-28,27.841217391304347,8.459130434782608,30.6,87.30208695652173,3.324695652173913
Johor,2022-03-29,27.96829931972789,8.889795918367346,31.053061224489795,85.92829931972788,3.9333333333333336
Johor,2022-03-30,28.561786600496276,8.741935483870968,31.636476426799007,83.612158808933,3.8449131513647643
Johor,2022-03-31,27.53875,8.908333333333333,30.65,82.5875,6.382916666666667
Johor,2022-04-01,28.478188775510205,7.667091836734694,31.802295918367346,83.2530612244898,4.336479591836735
Johor,2022-04-02,26.652575957727873,8.722589167767504,28.833553500660503,90.1665785997358,2.5324966974900924
Johor,2022-04-03,25.641435562805874,8.584013050570963,27.154975530179446,93.05872756933115,2.9089722675367047
Johor,2022-04-04,27.28119205298013,8.95364238410596,29.211920529801326,86.04688741721854,3.2197350993377483
Johor,2022-04-05,27.01506172839506,8.737037037037037,28.890123456790125,89.80086419753087,3.1764197530864196
Johor,2022-04-06,27.576348039215688,8.822303921568627,29.931372549019606,86.03725490196078,4.523897058823529
Johor,2022-04-07,26.037390213299876,8.381430363864492,26.683814303638645,91.88757841907152,4.2360100376411545
Johor,2022-04-08,27.179646017699117,8.332490518331227,29.154235145385588,85.32225031605563,4.447408343868521
Johor,2022-04-09,27.318639455782314,8.997278911564626,28.90340136054422,86.41877551020409,3.7565986394557824
Johor,2022-04-10,27.137532133676093,8.5,29.12210796915167,88.60424164524422,3.252827763496144
Johor,2022-04-11,26.06842751842752,8.14864864864865,27.377149877149876,92.87923832923833,2.6495085995085996
Johor,2022-04-12,27.374193548387098,7.993548387096774,30.258064516129032,87.91690322580645,2.4838709677419355
Johor,2022-04-13,27.160204081632653,6.690051020408164,28.602040816326532,90.80318877551021,2.773341836734694
Johor,2022-04-14,27.984689655172414,7.9255172413793105,30.133793103448276,86.38648275862069,4.603448275862069
Johor,2022-04-15,27.548249027237354,8.289234760051881,29.927367055771725,88.71426718547342,3.8103761348897534
Johor,2022-04-16,28.59863354037267,8.559006211180124,31.685714285714287,83.82024844720497,3.6424844720496896
Johor,2022-04-17,28.55056890012642,7.405815423514539,32.16940581542352,87.48938053097345,3.0305941845764854
Johor,2022-04-18,28.38375314861461,8.288413098236775,31.477329974811084,85.84068010075566,3.9976070528967256
Johor,2022-04-19,27.687862796833773,8.24538258575198,30.576517150395777,87.0895778364116,3.137203166226913
Johor,2022-04-20,28.271088861076347,8.052565707133917,31.778473091364205,85.35644555694618,4.010137672090113
Johor,2022-04-21,25.44358024691358,8.538271604938272,28.346913580246913,94.76358024691358,2.4535802469135803
Johor,2022-04-22,28.521284634760704,7.845088161209068,31.727959697733,84.69811083123426,4.350377833753148
Johor,2022-04-23,28.424474660074164,8.794808405438813,33.813349814585905,86.89184177997528,2.9894932014833127
Johor,2022-04-24,28.6219794344473,8.353470437017995,32.9280205655527,85.6060411311054,2.8697943444730076
Johor,2022-04-25,27.863695090439276,8.294573643410853,31.04780361757106,88.68514211886306,2.97015503875969
Johor,2022-04-26,28.02453531598513,8.329615861214375,30.04089219330855,86.5179677819083,2.9598513011152416
Johor,2022-04-27,27.09346991037132,8.701664532650447,29.622279129321385,90.45889884763125,2.6558258642765686
Johor,2022-04-28,28.87849196538937,8.556242274412856,33.46477132262052,84.77849196538936,3.3342398022249693
Johor,2022-04-29,28.81868811881188,8.716584158415841,31.172029702970296,84.21324257425742,4.3396039603960395
Johor,2022-04-30,28.690301441677587,8.606815203145478,31.851900393184795,84.8826998689384,3.5686762778505896
Johor,2022-05-01,27.906438356164383,7.316438356164384,31.484931506849314,91.05301369863014,3.015753424657534
Johor,2022-05-02,28.098477157360406,8.035532994923859,30.281725888324875,86.36129441624365,4.513197969543147
Johor,2022-05-03,28.24846368715084,8.409217877094973,31.262569832402235,86.15251396648044,4.469413407821229
Johor,2022-05-04,28.045923913043477,8.403532608695652,31.434782608695652,88.4485054347826,4.457336956521739
Johor,2022-05-05,28.99857881136951,8.603359173126615,31.988372093023255,85.26124031007753,3.3922480620155038
Johor,2022-05-06,29.58179581795818,8.587945879458795,34.460024600246,84.81845018450184,3.3169741697416972
Johor,2022-05-07,27.448467966573816,8.06824512534819,30.34401114206128,91.14972144846797,3.740389972144847
Johor,2022-05-08,27.608344733242134,8.677154582763338,30.42954856361149,90.56634746922025,2.830642954856361
Johor,2022-05-09,28.5168776371308,8.168776371308017,32.48523206751055,89.75499296765119,4.958790436005626
Johor,2022-05-10,28.585971685971685,8.015444015444016,32.8957528957529,89.36782496782497,3.346203346203346
Johor,2022-05-11,27.909803921568628,8.248774509803921,31.99142156862745,89.53737745098039,3.4185049019607843
Johor,2022-05-12,29.098950131233597,7.833333333333333,32.721784776902886,85.36692913385826,4.63490813648294
Johor,2022-05-13,29.549934469200526,8.301441677588466,33.048492791612055,81.80366972477064,3.218086500655308
Johor,2022-05-14,28.797783572359844,8.143415906127771,33.289439374185136,87.22086049543677,2.788657105606258
Johor,2022-05-15,27.71072796934866,7.996168582375479,30.911877394636015,89.99565772669222,3.717879948914432
Johor,2022-05-16,26.76317733990148,8.119458128078819,28.261083743842363,90.51391625615763,5.123645320197045
Johor,2022-05-17,29.153108808290156,8.621761658031089,32.16580310880829,81.84520725388602,2.881735751295337
Johor,2022-05-18,29.969900497512437,8.287313432835822,34.41417910447761,82.5181592039801,3.486194029850746
Johor,2022-05-19,27.77940813810111,7.908754623921085,31.329223181257706,89.8980271270037,3.2612823674475955
Johor,2022-05-20,28.605210918114143,7.861042183622828,32.406947890818856,85.03870967741935,3.6187344913151365
Johor,2022-05-21,28.339162561576355,8.657635467980295,31.726600985221676,86.07943349753694,3.6954433497536945
Johor,2022-05-22,28.72361623616236,7.586715867158672,31.084870848708487,84.23813038130382,3.2094710947109473
Johor,2022-05-23,28.362227912932138,7.692701664532651,31.57362355953905,86.30985915492958,3.6469910371318823
Johor,2022-05-24,28.47632311977716,8.130919220055711,30.908077994428968,86.91713091922006,3.6508356545961003
Johor,2022-05-25,26.825531914893617,8.07133917396746,29.50688360450563,91.11414267834793,4.593241551939925
Johor,2022-05-26,28.150990099009903,8.978960396039604,31.451732673267326,82.67128712871288,3.457920792079208
Johor,2022-05-27,28.82120451693852,8.267252195734002,32.07402760351317,84.41769134253451,3.7292346298619825
Johor,2022-05-28,28.236273115220484,8.244665718349928,31.362731152204837,86.79203413940256,4.344950213371266
Johor,2022-05-29,28.855282199710565,8.716353111432706,31.50217076700434,82.683502170767,3.8098408104196815
Johor,2022-05-30,29.758088235294117,8.731617647058824,33.549019607843135,79.57107843137256,3.797671568627451
Johor,2022-05-31,30.21203830369357,8.261285909712722,34.25034199726402,83.95526675786594,4.004651162790697
Johor,2022-06-01,28.742105263157896,7.345479082321187,32.310391363022944,90.24547908232118,3.0686909581646424
Johor,2022-06-02,26.621306818181818,7.588068181818182,28.576704545454547,89.27556818181819,3.8642045454545455
Johor,2022-06-03,28.958258642765685,8.535211267605634,31.267605633802816,85.94430217669654,4.792317541613317
Johor,2022-06-04,28.385019206145966,8.240717029449424,31.199743918053777,85.4708066581306,3.742125480153649
Johor,2022-06-05,27.338522427440633,8.036939313984169,29.558047493403695,89.55712401055409,3.1684696569920843
Johor,2022-06-06,27.959944751381215,7.867403314917127,29.49171270718232,86.1932320441989,3.694060773480663
Johor,2022-06-07,26.91534954407295,8.358662613981762,30.148936170212767,88.13085106382978,2.6407294832826747
Johor,2022-06-08,28.389698492462312,7.919597989949748,31.28894472361809,84.89095477386935,4.19572864321608
Johor,2022-06-09,26.16608442503639,7.213973799126638,28.526928675400292,91.63842794759826,2.585443959243086
Johor,2022-06-10,26.593385826771655,7.952755905511811,30.028346456692912,89.25102362204724,2.7788976377952754
Johor,2022-06-11,26.50963687150838,8.501396648044693,28.972067039106147,91.23519553072626,4.308100558659218
Johor,2022-06-12,26.289159891598917,8.42818428184282,27.74390243902439,93.12574525745258,3.8742547425474254
Johor,2022-06-13,26.71214814814815,8.017777777777777,27.81925925925926,90.0322962962963,3.018666666666667
Johor,2022-06-14,26.299797570850203,8.540485829959515,28.661943319838056,87.40566801619433,3.1983805668016196
Johor,2022-06-15,26.916515151515153,7.746969696969697,29.272727272727273,89.95833333333333,3.4095454545454547
Johor,2022-06-16,26.18523076923077,7.392307692307693,28.11846153846154,91.8456923076923,2.8264615384615386
Johor,2022-06-17,27.249810606060606,7.895833333333333,30.799242424242426,86.08617424242425,3.1863636363636365
Johor,2022-06-18,26.36607843137255,8.4,29.356862745098038,87.28137254901961,2.30078431372549
Johor,2022-06-19,26.731869918699186,8.307317073170731,29.975609756097562,89.10276422764228,2.8221138211382115
Johor,2022-06-20,26.242496050552923,8.941548183254344,28.595576619273302,87.42812006319116,3.6808846761453395
Johor,2022-06-21,25.883333333333333,8.402439024390244,27.321138211382113,90.09532520325203,2.73130081300813
Johor,2022-06-22,27.62185628742515,8.311377245508982,30.067365269461078,86.0494011976048,4.0347305389221555
Johor,2022-06-23,26.125854993160054,8.277701778385772,28.183310533515733,90.44445964432285,2.66046511627907
Johor,2022-06-24,26.798341836734693,8.455357142857142,28.584183673469386,89.97002551020408,3.1973214285714286
Johor,2022-06-25,27.11509433962264,8.528301886792454,28.911051212938006,88.11684636118598,3.720754716981132
Johor,2022-06-26,28.35989010989011,8.417582417582418,29.992673992673993,87.21923076923076,4.639010989010989
Johor,2022-06-27,26.24849884526559,7.933025404157044,28.79445727482679,89.89653579676674,1.9362586605080832
Johor,2022-06-28,25.46804347826087,7.160869565217391,26.889130434782608,93.91282608695653,2.4078260869565216
Johor,2022-06-29,27.066618911174785,7.775071633237823,29.873925501432666,85.69899713467049,3.080945558739255
Johor,2022-06-30,27.355744680851064,8.787234042553191,30.374468085106383,81.73191489361702,7.221276595744681
Johor,2022-07-01,28.270152091254754,8.773764258555133,32.12167300380228,79.01844106463878,4.433079847908745
Johor,2022-07-02,27.979110251450678,8.705996131528046,31.3036750483559,80.51044487427465,3.9015473887814314
Johor,2022-07-03,28.10814393939394,8.464015151515152,32.22537878787879,80.73465909090909,3.962121212121212
Johor,2022-07-04,28.82864864864865,8.425225225225224,32.66486486486487,79.90774774774775,4.0663063063063065
Johor,2022-07-05,26.432329317269076,8.042168674698795,28.339357429718877,87.7855421686747,3.541767068273092
Johor,2022-07-06,26.5717017208413,8.334608030592735,29.1395793499044,86.66271510516252,3.075717017208413
Johor,2022-07-07,27.863951120162934,8.531568228105906,32.35845213849287,81.71364562118126,3.6321792260692463
Johor,2022-07-08,27.663906581740978,8.711252653927813,31.318471337579616,82.51231422505307,3.6789808917197453
Johor,2022-07-09,30.426315789473684,8.873684210526315,34.963157894736845,78.05131578947369,5.385
Johor,2022-07-10,27.83719165085389,8.74573055028463,30.78178368121442,89.20721062618595,3.8332068311195444
Johor,2022-07-11,28.412755102040816,8.5,31.26360544217687,85.60442176870748,3.8988095238095237
Johor,2022-07-12,27.669961489088575,8.623876765083441,31.38382541720154,87.5183568677792,4.138382541720154
Johor,2022-07-13,28.270306748466258,8.338650306748466,32.379141104294476,87.19779141104294,3.0265030674846627
Johor,2022-07-14,28.433946078431372,8.473039215686274,31.965686274509803,86.81421568627451,3.109313725490196
Johor,2022-07-15,28.230856423173805,8.253148614609572,31.15994962216625,87.21372795969774,3.462846347607053
Johor,2022-07-16,29.347523427041498,8.261044176706827,32.235609103078986,82.13828647925034,4.280856760374832
Johor,2022-07-17,29.93920220082531,8.995873452544703,34.79779917469051,83.61251719394772,4.640715268225585
Johor,2022-07-18,30.112377450980393,8.761029411764707,35.099264705882355,82.49803921568628,4.371078431372549
Johor,2022-07-19,30.075061425061424,8.48894348894349,34.83292383292383,81.15184275184275,4.855036855036855
Johor,2022-07-20,26.690036900369005,8.324723247232471,28.68757687576876,88.40381303813038,3.5068880688806887
Johor,2022-07-21,26.75037821482602,8.043872919818456,28.927382753403933,90.07443267776097,2.5186081694402422
Johor,2022-07-22,27.389264705882354,8.305882352941177,31.808823529411764,88.20308823529412,2.9967647058823528
Johor,2022-07-23,27.5677793904209,8.399129172714078,30.85631349782293,88.44267053701016,3.107402031930334
Johor,2022-07-24,27.099038461538463,8.321428571428571,29.582417582417584,88.70714285714286,3.2425824175824176
Johor,2022-07-25,25.886915887850467,7.977303070761015,27.487316421895862,92.79372496662216,2.5994659546061416
Johor,2022-07-26,26.587882496940026,8.470012239902081,28.695226438188495,90.00648714810282,2.994859241126071
Johor,2022-07-27,28.642892156862747,8.583333333333334,30.401960784313726,82.64742647058823,5.020833333333333
Johor,2022-07-28,26.045717884130983,7.166246851385391,27.10831234256927,94.73740554156171,2.547229219143577
Johor,2022-07-29,25.894300518134713,7.2979274611398965,27.930051813471504,93.2997409326425,3.477979274611399
Johor,2022-07-30,27.997146401985113,8.337468982630273,31.08560794044665,84.77990074441688,4.463275434243176
Johor,2022-07-31,26.797326852976912,8.111786148238153,28.986634264884568,90.26464155528554,3.652490886998785
Johor,2022-08-01,27.534926470588236,8.216911764705882,29.811274509803923,87.84142156862745,3.1182598039215685
Johor,2022-08-02,26.135400516795865,8.195090439276486,27.502583979328165,93.23320413436693,2.7018087855297157
Johor,2022-08-03,26.398277982779828,7.920049200492005,27.61869618696187,91.11217712177121,3.4321033210332104
Johor,2022-08-04,25.16262254901961,8.047794117647058,27.626225490196077,93.51164215686275,3.0378676470588237
Johor,2022-08-05,26.838231631382317,8.315068493150685,28.818181818181817,88.08804483188045,2.133250311332503
Johor,2022-08-06,28.527272727272727,8.91031941031941,31.035626535626534,80.08206388206388,4.764373464373464
Johor,2022-08-07,28.179768041237114,8.426546391752577,30.390463917525775,84.34884020618557,5.119716494845361
Johor,2022-08-08,28.43639705882353,8.259803921568627,30.029411764705884,85.40269607843138,4.756004901960784
Johor,2022-08-09,28.561910994764396,7.429319371727749,30.61780104712042,83.25301047120419,4.254712041884817
Johor,2022-08-10,28.922426470588235,8.324754901960784,31.529411764705884,82.0546568627451,5.3882352941176475
Johor,2022-08-11,29.808114856429462,8.49812734082397,33.71161048689139,80.56591760299625,5.3154806491885145
Johor,2022-08-12,27.848171500630517,8.441361916771752,32.973518284993695,88.86279949558639,3.408827238335435
Johor,2022-08-13,27.104959785522787,8.575067024128685,29.745308310991955,87.87788203753351,3.7827077747989275
Johor,2022-08-14,27.00574098798398,8.647530040053404,30.404539385847798,88.57102803738317,2.8801068090787716
Johor,2022-08-15,27.951772151898734,8.188607594936709,30.50506329113924,86.10860759493671,3.27126582278481
Johor,2022-08-16,27.505598958333334,7.958333333333333,31.186197916666668,86.70260416666666,3.620833333333333
Johor,2022-08-17,28.916299019607845,8.491421568627452,32.52205882352941,83.49203431372548,4.782107843137255
Johor,2022-08-18,26.957460732984295,7.887434554973822,29.99738219895288,89.30143979057591,3.6
Johor,2022-08-19,27.40171779141104,8.663803680981594,31.573006134969326,87.9596319018405,3.7990184049079754
Johor,2022-08-20,25.623202170963363,8.054274084124831,27.57259158751696,94.00379918588874,2.8453188602442334
Johor,2022-08-21,26.652143845089903,8.594744121715076,29.89764868603043,89.76154910096818,4.41313969571231
Johor,2022-08-22,28.073923739237394,8.68880688806888,30.489544895448955,84.03640836408364,3.3723247232472326
Johor,2022-08-23,25.976470588235294,8.214460784313726,28.386029411764707,91.47120098039215,2.8933823529411766
Johor,2022-08-24,27.28561917443409,8.616511318242344,30.177097203728362,87.09467376830892,3.8837549933422104
Johor,2022-08-25,26.106633906633906,8.047911547911548,28.235872235872236,93.33439803439803,3.145945945945946
Johor,2022-08-26,24.515970149253732,6.895522388059701,25.44776119402985,95.53791044776119,2.509402985074627
Johor,2022-08-27,25.741241379310345,7.4013793103448275,27.82896551724138,91.22455172413792,2.690758620689655
Johor,2022-08-28,26.109142857142857,8.134285714285713,28.25,91.68985714285714,3.245857142857143
Johor,2022-08-29,26.433374233128834,8.120245398773006,28.74355828220859,90.24907975460123,2.7374233128834358
Johor,2022-08-30,26.975123152709358,8.630541871921181,29.700738916256157,88.5960591133005,3.7616995073891624
Johor,2022-08-31,27.884455324357404,8.248470012239903,30.38188494492044,85.15128518971848,3.2618115055079557
Johor,2022-09-01,27.60189393939394,8.63510101010101,30.335858585858585,87.20214646464646,3.1378787878787877
Johor,2022-09-02,26.61081081081081,8.469416785206258,29.964438122332858,90.95376955903272,4.47027027027027
Johor,2022-09-03,28.067992424242423,8.465909090909092,30.352272727272727,88.12083333333334,5.595454545454546
Johor,2022-09-04,28.358872651356993,8.739039665970772,32.127348643006265,89.00187891440501,4.694780793319415
Johor,2022-09-05,26.214698162729658,7.364829396325459,30.3503937007874,93.30997375328084,2.416535433070866
Johor,2022-09-06,27.38,7.63312101910828,30.684076433121017,86.16751592356688,3.1211464968152867
Johor,2022-09-07,26.65570552147239,8.3079754601227,29.479754601226993,88.20858895705521,4.4242944785276075
Johor,2022-09-08,26.929019607843138,8.556862745098039,28.900653594771242,89.28993464052287,2.7183006535947714
Johor,2022-09-09,25.609541984732825,7.786259541984733,26.940203562340965,93.8179389312977,2.2638676844783716
Johor,2022-09-10,27.859718309859154,8.377464788732395,29.63943661971831,87.31661971830987,3.2538028169014086
Johor,2022-09-11,26.2629679144385,8.20855614973262,28.109625668449198,91.45561497326203,3.4885026737967912
Johor,2022-09-12,27.44506866416979,7.9937578027465666,30.26092384519351,85.90099875156055,2.789138576779026
Johor,2022-09-13,27.468053855569156,8.402692778457773,30.258261933904528,87.19461444308446,4.21921664626683
Johor,2022-09-14,27.163558282208587,8.622085889570553,28.754601226993866,85.04760736196319,5.783312883435583
Johor,2022-09-15,27.41521739130435,8.673913043478262,28.838874680306905,85.88094629156011,3.921611253196931
Johor,2022-09-16,27.629290322580644,7.672258064516129,29.121290322580645,87.05096774193548,3.836
Johor,2022-09-17,27.792952127659575,7.88031914893617,29.929521276595743,88.13244680851064,3.414760638297872
Johor,2022-09-18,25.301478494623655,7.669354838709677,27.00537634408602,94.35322580645162,4.677822580645161
Johor,2022-09-19,27.282513661202184,8.142076502732241,28.721311475409838,86.8561475409836,3.0131147540983605
Johor,2022-09-20,26.639729397293973,8.565805658056581,28.113161131611317,88.88720787207872,3.8137761377613777
Johor,2022-09-21,28.309725685785537,8.052369077306734,30.55361596009975,85.08740648379052,3.7286783042394016
Johor,2022-09-22,25.68833746898263,8.064516129032258,27.46650124069479,89.76799007444168,4.889330024813896
Johor,2022-09-23,28.58848684210526,8.65296052631579,29.769736842105264,81.1439144736842,3.022861842105263
Johor,2022-09-24,27.800954979536154,8.652114597544339,30.51705320600273,85.27735334242837,4.904092769440655
Johor,2022-09-25,26.388781163434903,8.18836565096953,28.462603878116344,89.751108033241,5.369806094182826
Johor,2022-09-26,27.416770963704632,8.88360450563204,30.573216520650814,87.298372966207765,3.5914893617021275
Johor,2022-09-27,28.45803680981595,8.29079754601227,30.238036809815952,82.97239263803681,4.090306748466258
Johor,2022-09-28,28.112760736196318,7.671165644171779,30.00245398773006,84.69815950920245,4.775092024539878
Johor,2022-09-29,28.046975546975546,8.562419562419562,30.751608751608753,85.5024453024453,3.4978120978120977
Johor,2022-09-30,28.30112359550562,8.057428214731585,32.31960049937578,87.1498127340824,3.343820224719101
Johor,2022-10-01,26.272675250357654,8.40343347639485,29.61230329041488,93.07682403433476,4.36409155937053
Johor,2022-10-02,27.35036855036855,8.405405405405405,29.3022113022113,86.37432432432432,4.471498771498771
Johor,2022-10-03,26.638383838383838,8.36489898989899,28.549242424242426,89.64078282828282,2.9871212121212123
Johor,2022-10-04,26.182579787234044,8.007978723404255,28.1156914893617,92.3220744680851,3.023005319148936
Johor,2022-10-05,25.382786885245903,7.848360655737705,26.75409836065574,91.07377049180327,4.577868852459017
Johor,2022-10-06,25.723337679269882,8.509778357235984,27.956975228161667,95.64719687092568,3.357105606258149
Johor,2022-10-07,25.627854454203263,8.452948557089083,26.961104140526977,94.6814303638645,2.1356336260978672
Johor,2022-10-08,27.45607094133697,8.560709413369713,29.09549795361528,88.2474761255116,3.0672578444747614
Johor,2022-10-09,27.580753138075313,8.246861924686192,29.418410041841003,88.84546722454672,3.5121338912133893
Johor,2022-10-10,26.702784810126584,8.262025316455697,29.09493670886076,93.16101265822785,3.6645569620253164
Johor,2022-10-11,29.044594594594596,8.501228501228502,29.972972972972972,83.1061425061425,3.824078624078624
Johor,2022-10-12,26.846125461254612,8.46248462484625,28.460024600246,91.12152521525215,6.519434194341944
Johor,2022-10-13,27.851985111662533,8.490074441687344,29.93300248138958,89.30632754342432,4.309305210918114
Johor,2022-10-14,27.65987012987013,8.484415584415585,29.82857142857143,89.83363636363636,6.67025974025974
Johor,2022-10-15,27.10268817204301,8.405017921146953,28.82078853046595,94.15197132616487,6.064874551971326
Johor,2022-10-16,27.278504672897196,8.367156208277704,29.057409879839785,89.27076101468624,5.405607476635514
Johor,2022-10-17,27.953931203931205,8.882063882063882,30.57248157248157,89.30847665847666,4.357862407862408
Johor,2022-10-18,28.804539877300613,8.749693251533742,32.25030674846626,85.88122699386503,4.38920245398773
Johor,2022-10-19,27.755684007707128,8.585741811175337,31.131021194605008,82.17919075144509,4.568400770712909
Johor,2022-10-20,29.135782747603834,8.484025559105431,32.87220447284345,79.54600638977635,5.012140575079872
Johor,2022-10-21,27.036710719530102,7.803230543318649,29.3935389133627,94.20411160058737,3.3008810572687226
Johor,2022-10-22,26.138850174216028,8.017421602787456,28.222996515679444,93.07508710801393,4.685365853658537
Johor,2022-10-23,26.007832167832166,8.68111888111888,28.472727272727273,92.58545454545454,4.006853146853147
Johor,2022-10-24,26.593682795698925,7.94489247311828,28.412634408602152,92.75228494623656,2.8450268817204303
Johor,2022-10-25,26.730657894736844,8.614473684210527,29.457894736842107,90.55302631578947,5.262631578947368
Johor,2022-10-26,25.69932614555256,8.745283018867925,27.345013477088948,96.21522911051213,4.688140161725068
Johor,2022-10-27,27.53955223880597,7.986318407960199,29.15671641791045,85.75659203980099,7.902363184079602
Johor,2022-10-28,27.752690863579474,8.508135168961202,29.570713391739673,86.08598247809762,6.680851063829787
Johor,2022-10-29,28.062208588957056,8.759509202453987,30.57914110429448,85.74453987730061,4.713374233128834
Johor,2022-10-30,28.18709677419355,8.741935483870968,30.409429280397024,86.01079404466502,5.120347394540943
Johor,2022-10-31,26.996962025316456,8.39873417721519,29.23164556962025,88.9393670886076,5.185696202531646
Johor,2022-11-01,26.784718826405868,8.62958435207824,29.13447432762836,94.07286063569683,2.9226161369193155
Johor,2022-11-02,27.372616136919316,7.163814180929095,28.257946210268948,89.76088019559903,2.887775061124694
Johor,2022-11-03,27.960819462227914,8.64404609475032,30.784891165172855,88.2381562099872,2.562483994878361
Johor,2022-11-04,27.956806282722514,8.1282722513089,29.727748691099478,87.49620418848167,3.9993455497382198
Johor,2022-11-05,25.29679218967922,8.553695955369596,27.592747559274756,96.2255230125523,3.6295676429567645
Johor,2022-11-06,26.63939024390244,7.95,28.28292682926829,89.89085365853659,3.055609756097561
Johor,2022-11-07,27.01311706629055,8.3836389280677,27.521861777150917,89.15980253878702,3.645275035260931
Johor,2022-11-08,25.986451612903227,8.348387096774193,27.538709677419355,94.16,3.1551612903225807
Johor,2022-11-09,26.058148631029987,8.235984354628423,27.679269882659714,95.12164276401565,4.879530638852673
Johor,2022-11-10,26.570833333333333,8.125,27.683823529411764,93.30183823529411,4.0700980392156865
Johor,2022-11-11,27.24969249692497,8.268142681426815,29.271832718327182,90.1619926199262,3.4030750307503075
Johor,2022-11-12,26.344350758853288,7.571669477234401,28.074198988195615,94.35784148397977,2.759696458684654
Johor,2022-11-13,26.727175368139225,8.572958500669344,29.338688085676036,92.77443105756359,3.0899598393574297
Johor,2022-11-14,27.426470588235293,8.4390756302521,30.928571428571427,85.575,4.310504201680672
Johor,2022-11-15,27.018036072144287,8.613226452905812,30.23246492985972,85.58356713426853,4.712024048096192
Johor,2022-11-16,27.386976744186047,8.2015503875969,30.613953488372093,87.10697674418604,5.004806201550387
Johor,2022-11-17,27.59685929648241,8.546482412060302,30.515075376884422,87.59108040201005,4.211306532663317
Johor,2022-11-18,27.8944099378882,8.798757763975155,31.1055900621118,88.77254658385093,5.506086956521739
Johor,2022-11-19,25.10609271523179,8.33907284768212,26.749668874172187,96.89523178807947,3.366754966887417
Johor,2022-11-20,27.344157441574417,8.490774907749078,29.050430504305044,87.67060270602705,6.7763837638376385
Johor,2022-11-21,27.570477386934673,8.457286432160805,30.86180904522613,87.88103015075377,7.090452261306533
Johor,2022-11-22,29.314233128834356,8.712883435582823,32.79263803680982,84.04453987730061,6.116196319018405
Johor,2022-11-23,27.04485294117647,8.507352941176471,30.21813725490196,90.92291666666667,5.681127450980392
Johor,2022-11-24,28.138560411311055,8.296915167095115,30.519280205655527,87.18007712082262,4.5089974293059125
Johor,2022-11-25,27.3325,8.683333333333334,28.968055555555555,90.62277777777778,4.200138888888889
Johor,2022-11-26,27.972075471698112,8.39245283018868,30.475471698113207,87.39949685534592,2.959748427672956
Johor,2022-11-27,25.873529411764707,8.403186274509803,28.102941176470587,93.5485294117647,2.357598039215686
Johor,2022-11-28,26.83341836734694,8.681122448979592,30.105867346938776,90.25280612244897,3.1771683673469386
Johor,2022-11-29,27.348957055214726,8.607361963190185,30.496932515337424,87.91680981595093,3.374233128834356
Johor,2022-11-30,26.964817150063052,8.703656998738966,30.136191677175283,88.67767969735183,4.153089533417402
Johor,2022-12-01,26.454145728643216,8.136934673366834,29.60175879396985,91.59082914572865,4.528015075376884
Johor,2022-12-02,25.83379746835443,8.165822784810127,27.759493670886076,94.1932911392405,4.049240506329114
Johor,2022-12-03,27.406985294117646,8.674019607843137,29.935049019607842,87.9452205882353,3.930514705882353
Johor,2022-12-04,27.43042944785276,8.265030674846626,29.58036809815951,90.14036809815951,3.9959509202453987
Johor,2022-12-05,26.31,7.945454545454545,27.801298701298702,93.66077922077922,2.5354545454545456
Johor,2022-12-06,27.14478527607362,8.650306748466258,29.482208588957054,90.2401226993865,3.102208588957055
Johor,2022-12-07,27.341448189762797,8.805243445692884,30.242197253433208,89.15193508114857,4.426342072409488
Johor,2022-12-08,26.301167315175096,7.913099870298314,27.731517509727627,93.19844357976653,5.03514915693904
Johor,2022-12-09,26.562867647058823,7.784313725490196,28.145833333333332,89.80906862745098,5.283578431372549
Johor,2022-12-10,26.729238329238328,8.839066339066338,28.213759213759214,90.86425061425061,3.994840294840295
Johor,2022-12-11,24.963970588235295,7.9754901960784315,26.449754901960784,96.73651960784314,2.265563725490196
Johor,2022-12-12,26.669348127600554,7.851595006934812,28.399445214979195,89.07226074895978,2.369625520110957
Johor,2022-12-13,26.335205992509362,7.352059925093633,28.380149812734082,88.62996254681649,13.449063670411984
Johor,2022-12-14,24.804924242424242,6.984848484848484,25.22159090909091,94.02651515151516,6.125
Johor,2022-12-15,25.060795454545456,8.212121212121213,25.857954545454547,92.36704545454545,5.146401515151515
Johor,2022-12-16,26.747635726795096,8.65323992994746,29.44833625218914,88.36217162872154,4.846935201401051
Johor,2022-12-17,26.872827586206895,8.635862068965517,29.681379310344827,91.3056551724138,4.473379310344828
Johor,2022-12-18,25.997165991902833,8.295546558704453,27.168690958164643,93.8,3.5615384615384613
Johor,2022-12-19,25.827852760736196,8.2920245398773,26.16319018404908,95.75815950920246,4.714478527607362
Johor,2022-12-20,26.91886559802713,8.733662145499384,28.08754623921085,88.79790382244143,4.451787916152898
Johor,2022-12-21,27.34546568627451,8.756127450980392,29.75980392156863,88.15367647058824,5.625122549019608
Johor,2022-12-22,25.915906288532675,7.564734895191122,26.09494451294698,94.2561035758323,7.908014796547472
Johor,2022-12-23,26.371375921375922,8.305896805896806,28.422604422604422,92.36486486486487,5.262776412776413
Johor,2022-12-24,27.06201550387597,8.342377260981912,29.45736434108527,85.8250645994832,5.982299741602067
Johor,2022-12-25,27.69115479115479,8.760442260442261,29.28746928746929,85.69078624078624,6.682309582309582
Johor,2022-12-26,27.02325285895807,8.756035578144854,29.186785260482846,88.70609911054638,7.1959339263024145
Johor,2022-12-27,26.948034398034398,8.582309582309582,29.32800982800983,89.98304668304668,4.606633906633907
Johor,2022-12-28,26.50883435582822,8.439263803680982,28.466257668711656,90.9483435582822,4.574355828220859
Johor,2022-12-29,26.448347613219095,8.542227662178703,28.899632802937578,92.3577723378213,4.815055079559364
Johor,2022-12-30,27.408588957055215,8.954601226993866,29.07484662576687,85.2361963190184,6.078036809815951
Johor,2022-12-31,27.157490396927017,8.166453265044815,29.206145966709347,88.04903969270167,7.2678617157490395
Kedah,2022-01-01,28.15909090909091,9,30.810606060606062,70.96212121212122,11.704545454545455
Kedah,2022-01-02,27.95,9,30.464285714285715,72.47857142857143,10.407142857142857
Kedah,2022-01-03,27.34285714285714,8.892857142857142,29.85,76.45714285714286,8.635714285714286
Kedah,2022-01-04,28.571428571428573,8.857142857142858,31.035714285714285,70.09285714285714,9.207142857142857
Kedah,2022-01-05,28.185714285714287,8.771428571428572,30.87142857142857,73.57142857142857,6.892857142857143
Kedah,2022-01-06,28.77857142857143,9,31.8,71.7,8.435714285714285
Kedah,2022-01-07,29.235714285714284,9,32.457142857142856,69.04285714285714,9.885714285714286
Kedah,2022-01-08,28.985714285714284,8.92142857142857,32.4,72.07142857142857,9.257142857142858
Kedah,2022-01-09,28.9,9,31.978571428571428,69.52142857142857,9.92142857142857
Kedah,2022-01-10,28.257142857142856,8.95,31.1,72.47142857142858,8.714285714285714
Kedah,2022-01-11,28.242857142857144,8.842857142857143,30.885714285714286,72.13571428571429,8.6
Kedah,2022-01-12,28.585714285714285,9,30.65714285714286,66.73571428571428,11.221428571428572
Kedah,2022-01-13,28.764285714285716,8.942857142857143,30.457142857142856,60.57857142857143,11.82857142857143
Kedah,2022-01-14,28.093525179856115,9,29.87769784172662,65.26618705035972,11.273381294964029
Kedah,2022-01-15,27.97826086956522,9,30.007246376811594,67.14492753623189,9.471014492753623
Kedah,2022-01-16,28.292857142857144,8.978571428571428,30.757142857142856,70.61428571428571,8.364285714285714
Kedah,2022-01-17,28.5,8.985714285714286,30.985714285714284,69.44285714285714,10.55
Kedah,2022-01-18,28.685714285714287,8.892857142857142,31.15714285714286,67.37857142857143,8.82857142857143
Kedah,2022-01-19,28.15714285714286,8.935714285714285,30.707142857142856,70.38571428571429,8.207142857142857
Kedah,2022-01-20,28.42142857142857,8.978571428571428,31.32857142857143,72.85714285714286,7.314285714285714
Kedah,2022-01-21,27.821428571428573,9,30.614285714285714,78.16428571428571,6.378571428571429
Kedah,2022-01-22,28.064285714285713,9,31.464285714285715,77.5,6.557142857142857
Kedah,2022-01-23,28.178571428571427,8.964285714285714,32.05,78.75,5.492857142857143
Kedah,2022-01-24,28.37857142857143,8.957142857142857,31.557142857142857,75.01428571428572,6.5285714285714285
Kedah,2022-01-25,28.87142857142857,8.992857142857142,31.728571428571428,70.78571428571429,7.064285714285714
Kedah,2022-01-26,28.714285714285715,8.907142857142857,31.714285714285715,71.66428571428571,7.128571428571429
Kedah,2022-01-27,28.935714285714287,8.964285714285714,32.42857142857143,73.91428571428571,5.871428571428571
Kedah,2022-01-28,28.77857142857143,8.842857142857143,32.621428571428574,75.77857142857142,5.728571428571429
Kedah,2022-01-29,28.435714285714287,8.692857142857143,32.09285714285714,78.14285714285714,5.8428571428571425
Kedah,2022-01-30,27.9,8.821428571428571,31.642857142857142,81.85714285714286,5.885714285714286
Kedah,2022-01-31,28.34285714285714,8.914285714285715,31.62857142857143,76.26428571428572,5.95
Kedah,2022-02-01,29.291044776119403,8.947761194029852,32.14179104477612,68.92537313432835,9.41044776119403
Kedah,2022-02-02,28.07857142857143,8.721428571428572,31.442857142857143,78.43571428571428,6.642857142857143
Kedah,2022-02-03,28.164285714285715,8.664285714285715,31.864285714285714,81.25714285714285,5.664285714285715
Kedah,2022-02-04,28.464285714285715,8.985714285714286,31.685714285714287,74.61428571428571,9.085714285714285
Kedah,2022-02-05,28.535714285714285,8.957142857142857,31.59285714285714,73.36428571428571,9.392857142857142
Kedah,2022-02-06,29.207142857142856,9,32.52142857142857,69.05714285714286,9.764285714285714
Kedah,2022-02-07,27.5,8.507142857142858,30.442857142857143,80.47142857142858,6.235714285714286
Kedah,2022-02-08,28.55,8.971428571428572,31.692857142857143,76.93571428571428,7.671428571428572
Kedah,2022-02-09,28.821428571428573,8.864285714285714,32.714285714285715,77.17142857142858,6.2
Kedah,2022-02-10,27.771428571428572,8.757142857142858,30.242857142857144,76.82142857142857,7.742857142857143
Kedah,2022-02-11,27.771428571428572,8.778571428571428,30.55,78.38571428571429,5.6
Kedah,2022-02-12,27.635714285714286,8.492857142857142,30.6,78.42857142857143,5.792857142857143
Kedah,2022-02-13,28.771428571428572,9,32.26428571428571,73.08571428571429,6.864285714285714
Kedah,2022-02-14,28.1796875,8.5859375,31.328125,78.6796875,6.5546875
Kedah,2022-02-15,27.77857142857143,8.65,31.02857142857143,83.77857142857142,5.578571428571428
Kedah,2022-02-16,28.55,8.842857142857143,32.55714285714286,79.81428571428572,6.078571428571428
Kedah,2022-02-17,27.564285714285713,8.164285714285715,30.714285714285715,82.42142857142858,6.207142857142857
Kedah,2022-02-18,29.535714285714285,8.92142857142857,34.785714285714285,77.88571428571429,6.514285714285714
Kedah,2022-02-19,28.014285714285716,8.857142857142858,31.385714285714286,81.77142857142857,5.85
Kedah,2022-02-20,27.978571428571428,8.92142857142857,31.535714285714285,79.83571428571429,5.478571428571429
Kedah,2022-02-21,28.62857142857143,8.842857142857143,32.957142857142856,79.94285714285714,4.9
Kedah,2022-02-22,29.178571428571427,8.835714285714285,32.97857142857143,74.68571428571428,6.607142857142857
Kedah,2022-02-23,28.964285714285715,8.864285714285714,32.42142857142857,72.08571428571429,7.521428571428571
Kedah,2022-02-24,27.90714285714286,8.957142857142857,30.87142857142857,76.81428571428572,9.628571428571428
Kedah,2022-02-25,25.2,8.764285714285714,26.135714285714286,86.24285714285715,9.814285714285715
Kedah,2022-02-26,25.742857142857144,8.292857142857143,27.207142857142856,86.21428571428571,9.157142857142857
Kedah,2022-02-27,26.585714285714285,8.7,28.464285714285715,80.77142857142857,12.528571428571428
Kedah,2022-02-28,28.457142857142856,9,31.521428571428572,72.62142857142857,8.707142857142857
Kedah,2022-03-01,28.257142857142856,8.95,31.728571428571428,76.06428571428572,7.4714285714285715
Kedah,2022-03-02,28.835714285714285,8.757142857142858,32.57142857142857,76.90714285714286,5.235714285714286
Kedah,2022-03-03,29.55,9,33.34285714285714,71.73571428571428,8.492857142857142
Kedah,2022-03-04,28.72661870503597,8.892086330935252,31.964028776978417,74.63309352517986,7.762589928057554
Kedah,2022-03-05,26.978571428571428,8.585714285714285,29.321428571428573,85.02857142857142,5.728571428571429
Kedah,2022-03-06,26.864285714285714,8.4,29.285714285714285,86.32857142857142,5.185714285714286
Kedah,2022-03-07,28.37857142857143,8.928571428571429,32.135714285714286,80.30714285714286,6.928571428571429
Kedah,2022-03-08,27.057142857142857,8.314285714285715,29.82857142857143,86.32857142857142,6.7785714285714285
Kedah,2022-03-09,27.9,8.764285714285714,31.77857142857143,84.36428571428571,5.878571428571429
Kedah,2022-03-10,28.771428571428572,8.835714285714285,33.56428571428572,80.23571428571428,6.478571428571429
Kedah,2022-03-11,29.02857142857143,8.907142857142857,33.17857142857143,76.51428571428572,6.428571428571429
Kedah,2022-03-12,29.085714285714285,8.542857142857143,33.65,77.95714285714286,6.0285714285714285
Kedah,2022-03-13,28.849624060150376,8.827067669172932,32.89473684210526,77.85714285714286,6.7443609022556394
Kedah,2022-03-14,28.333333333333332,8.80952380952381,32.93650793650794,84.07936507936508,6.420634920634921
Kedah,2022-03-15,29,8.685714285714285,34.23571428571429,80.5,5.871428571428571
Kedah,2022-03-16,27.835714285714285,8.564285714285715,32.128571428571426,86.42142857142858,5.5285714285714285
Kedah,2022-03-17,28.04964539007092,8.539007092198581,32.269503546099294,86.43262411347517,4.723404255319149
Kedah,2022-03-18,27.964285714285715,8.85,32.22857142857143,84.79285714285714,6.521428571428571
Kedah,2022-03-19,28.95744680851064,8.659574468085106,34.191489361702125,82,6.787234042553192
Kedah,2022-03-20,28.788732394366196,8.767605633802816,33.58450704225352,82.63380281690141,6.070422535211268
Kedah,2022-03-21,28.140845070422536,8.528169014084508,31.87323943661972,82.15492957746478,5.97887323943662
Kedah,2022-03-22,29.02112676056338,9,34.352112676056336,80.77464788732394,5.26056338028169
Kedah,2022-03-23,28.70921985815603,8.687943262411348,33.276595744680854,82.1063829787234,5.99290780141844
Kedah,2022-03-24,28.19858156028369,8.75177304964539,32.40425531914894,83.16312056737588,5.75886524822695
Kedah,2022-03-25,28.077464788732396,8.859154929577464,32.79577464788732,85.83802816901408,5.563380281690141
Kedah,2022-03-26,27.91549295774648,9,31.97887323943662,83.69014084507042,5.908450704225352
Kedah,2022-03-27,29.04225352112676,8.82394366197183,34.37323943661972,79.71830985915493,6
Kedah,2022-03-28,28.84,9,34.5,83.08,6.22
Kedah,2022-03-29,29.228571428571428,8.82857142857143,34.5,79.87142857142857,5.214285714285714
Kedah,2022-03-30,29.29861111111111,8.791666666666666,33.96527777777778,78.63888888888889,4.701388888888889
Kedah,2022-03-31,27.4375,8.73611111111111,31.02777777777778,86.4375,5.333333333333333
Kedah,2022-04-01,27.75,8.42361111111111,31.65972222222222,84.8125,5.805555555555555
Kedah,2022-04-02,26.229166666666668,8.590277777777779,28.59027777777778,91.19444444444444,4.1875
Kedah,2022-04-03,26.53846153846154,8.961538461538462,29,88.92307692307692,4.5576923076923075
Kedah,2022-04-04,27.07857142857143,8.964285714285714,29.728571428571428,84.97857142857143,6.692857142857143
Kedah,2022-04-05,27.40972222222222,8.659722222222221,30.32638888888889,83.97916666666667,4.631944444444445
Kedah,2022-04-06,26.40972222222222,8.340277777777779,28.583333333333332,89.40972222222223,5.430555555555555
Kedah,2022-04-07,26.90277777777778,8.479166666666666,29.11111111111111,86.45138888888889,4.5625
Kedah,2022-04-08,27.458333333333332,8.854166666666666,30.84027777777778,85.42361111111111,3.4444444444444446
Kedah,2022-04-09,27.90277777777778,8.972222222222221,31.055555555555557,81.81944444444444,4.597222222222222
Kedah,2022-04-10,28.54861111111111,9,33.083333333333336,81.5625,5.215277777777778
Kedah,2022-04-11,28.666666666666668,8.833333333333334,33.875,82.34722222222223,6.520833333333333
Kedah,2022-04-12,28.743055555555557,8.972222222222221,34.229166666666664,83.3125,5.986111111111111
Kedah,2022-04-13,28.71527777777778,8.73611111111111,34.02777777777778,82.81944444444444,5.923611111111111
Kedah,2022-04-14,28.76388888888889,8.48611111111111,34.020833333333336,82.79166666666667,6.833333333333333
Kedah,2022-04-15,28.98611111111111,8.95138888888889,35.13194444444444,84.29861111111111,6.472222222222222
Kedah,2022-04-16,28.708333333333332,9,34.236111111111114,82.68055555555556,5.597222222222222
Kedah,2022-04-17,28.86111111111111,9,34.28472222222222,83.24305555555556,5.576388888888889
Kedah,2022-04-18,29.40277777777778,8.88888888888889,34.69444444444444,79.16666666666667,5.319444444444445
Kedah,2022-04-19,28.11111111111111,8.694444444444445,32.72222222222222,85.54861111111111,4.840277777777778
Kedah,2022-04-20,27.868055555555557,8.569444444444445,31.805555555555557,85.97222222222223,4.701388888888889
Kedah,2022-04-21,29.20138888888889,8.895833333333334,33.99305555555556,79.23611111111111,5.6875
Kedah,2022-04-22,29.118055555555557,8.965277777777779,35.229166666666664,82.83333333333333,5.097222222222222
Kedah,2022-04-23,28.86111111111111,8.979166666666666,34.375,83.00694444444444,4.743055555555555
Kedah,2022-04-24,28.76388888888889,8.819444444444445,34.138888888888886,84.03472222222223,5.430555555555555
Kedah,2022-04-25,27.79861111111111,8.805555555555555,32.30555555555556,88.54861111111111,4.527777777777778
Kedah,2022-04-26,28.569444444444443,8.694444444444445,34.013888888888886,85.33333333333333,5.9375
Kedah,2022-04-27,29.45138888888889,8.979166666666666,35.80555555555556,81.70138888888889,5.430555555555555
Kedah,2022-04-28,30.02777777777778,8.92361111111111,37.47222222222222,81.47916666666667,6.104166666666667
Kedah,2022-04-29,29.03472222222222,8.930555555555555,34.93055555555556,82.98611111111111,6.590277777777778
Kedah,2022-04-30,28.48611111111111,8.86111111111111,33.513888888888886,84.42361111111111,5.868055555555555
Kedah,2022-05-01,28.95138888888889,8.833333333333334,34.84027777777778,83.58333333333333,5.583333333333333
Kedah,2022-05-02,27.881944444444443,8.895833333333334,32.53472222222222,86.64583333333333,5.131944444444445
Kedah,2022-05-03,28.03472222222222,8.92361111111111,32.826388888888886,86.91666666666667,5.145833333333333
Kedah,2022-05-04,28.604166666666668,9,33.666666666666664,82.88194444444444,4.152777777777778
Kedah,2022-05-05,28.377622377622377,8.692307692307692,33.069930069930066,85.1958041958042,6.65034965034965
Kedah,2022-05-06,28.8125,8.625,34.020833333333336,84.66666666666667,5.756944444444445
Kedah,2022-05-07,28.194444444444443,8.881944444444445,32.90972222222222,87.08333333333333,5.625
Kedah,2022-05-08,28.67361111111111,8.743055555555555,34.229166666666664,85.72916666666667,6.291666666666667
Kedah,2022-05-09,28.09722222222222,8.694444444444445,32.94444444444444,87.48611111111111,4.416666666666667
Kedah,2022-05-10,28.680555555555557,8.76388888888889,34.65972222222222,85.875,4.458333333333333
Kedah,2022-05-11,28.430555555555557,8.722222222222221,33.520833333333336,85.30555555555556,4.840277777777778
Kedah,2022-05-12,29.42361111111111,8.895833333333334,35.645833333333336,81.45138888888889,4.930555555555555
Kedah,2022-05-13,29.46527777777778,9,35.763888888888886,80.88194444444444,4.944444444444445
Kedah,2022-05-14,29.381944444444443,8.979166666666666,35.63194444444444,82.01388888888889,5.347222222222222
Kedah,2022-05-15,29.57638888888889,8.930555555555555,36.638888888888886,83.88194444444444,6.041666666666667
Kedah,2022-05-16,26.770833333333332,8.375,29.833333333333332,90.22916666666667,5.222222222222222
Kedah,2022-05-17,28.569444444444443,9,33.43055555555556,81.59027777777777,5.069444444444445
Kedah,2022-05-18,29.15,9,34.98571428571429,82.13571428571429,4.414285714285715
Kedah,2022-05-19,29.118055555555557,8.909722222222221,34.69444444444444,81.51388888888889,4.048611111111111
Kedah,2022-05-20,29.61111111111111,9,35.74305555555556,79.9375,5.888888888888889
Kedah,2022-05-21,29.208333333333332,9,34.69444444444444,80.75694444444444,7.173611111111111
Kedah,2022-05-22,29.15277777777778,8.881944444444445,35.25694444444444,83.02083333333333,5.326388888888889
Kedah,2022-05-23,29.479166666666668,9,35.888888888888886,82.35416666666667,5.201388888888889
Kedah,2022-05-24,29.59027777777778,9,35.50694444444444,79.95833333333333,5.319444444444445
Kedah,2022-05-25,28.15277777777778,8.8125,32.75694444444444,84.26388888888889,4.444444444444445
Kedah,2022-05-26,28.145833333333332,9,32.93055555555556,85.81944444444444,4.972222222222222
Kedah,2022-05-27,28.729166666666668,8.895833333333334,33.97222222222222,81.65972222222223,7.819444444444445
Kedah,2022-05-28,28.368055555555557,9,32.895833333333336,82.95138888888889,8.631944444444445
Kedah,2022-05-29,27.555555555555557,8.729166666666666,30.82638888888889,84.92361111111111,9.54861111111111
Kedah,2022-05-30,27.069444444444443,8.520833333333334,30.256944444444443,87.63888888888889,7.472222222222222
Kedah,2022-05-31,27.92361111111111,8.70138888888889,32.25,85.11111111111111,6.590277777777778
Kedah,2022-06-01,27.1484375,8.203125,30.3046875,88.0859375,4.9375
Kedah,2022-06-02,28.375,8.676470588235293,33.14705882352941,83.82352941176471,5.970588235294118
Kedah,2022-06-03,28.583333333333332,8.9375,34.13194444444444,85.00694444444444,4.805555555555555
Kedah,2022-06-04,28.069444444444443,8.694444444444445,32.90277777777778,87.15277777777777,5.006944444444445
Kedah,2022-06-05,28.020833333333332,8.902777777777779,32.208333333333336,83.21527777777777,5.680555555555555
Kedah,2022-06-06,28.09722222222222,8.965277777777779,32.645833333333336,84.71527777777777,5.1875
Kedah,2022-06-07,27.541666666666668,8.75,31.208333333333332,86.19444444444444,5.618055555555555
Kedah,2022-06-08,28.319444444444443,8.979166666666666,33.020833333333336,84.19444444444444,5.8125
Kedah,2022-06-09,28.63888888888889,8.993055555555555,34.11805555555556,84.52083333333333,5.125
Kedah,2022-06-10,26.77777777777778,8.930555555555555,29.78472222222222,90.25694444444444,6.020833333333333
Kedah,2022-06-11,26.895833333333332,8.70138888888889,30.09722222222222,89.1875,7.548611111111111
Kedah,2022-06-12,26.881944444444443,8.9375,30.118055555555557,88.5,5.229166666666667
Kedah,2022-06-13,28.458333333333332,8.993055555555555,33.47222222222222,85.05555555555556,4.645833333333333
Kedah,2022-06-14,28.243055555555557,8.881944444444445,33.458333333333336,87.25694444444444,4.215277777777778
Kedah,2022-06-15,27.868055555555557,8.722222222222221,32.013888888888886,85.25694444444444,5.916666666666667
Kedah,2022-06-16,27.71527777777778,8.61111111111111,31.381944444444443,84.57638888888889,5.909722222222222
Kedah,2022-06-17,27.78472222222222,8.909722222222221,32.020833333333336,86.875,4.506944444444445
Kedah,2022-06-18,27.618055555555557,8.791666666666666,31.819444444444443,87.65972222222223,5.25
Kedah,2022-06-19,27.75,8.958333333333334,31.92361111111111,85.65277777777777,6.791666666666667
Kedah,2022-06-20,28.194444444444443,8.88888888888889,33.19444444444444,85.98611111111111,6.076388888888889
Kedah,2022-06-21,27.25,8.875,30.70138888888889,88.17361111111111,5.8125
Kedah,2022-06-22,28.041666666666668,9,32.451388888888886,84.98611111111111,5.798611111111111
Kedah,2022-06-23,27.520833333333332,8.881944444444445,31.625,87.53472222222223,6.319444444444445
Kedah,2022-06-24,26.319444444444443,8.659722222222221,28.4375,90.17361111111111,6.763888888888889
Kedah,2022-06-25,27.941176470588236,8.897058823529411,31.78676470588235,83.56617647058823,3.463235294117647
Kedah,2022-06-26,28.34108527131783,9,33.57364341085271,85.55813953488372,4.364341085271318
Kedah,2022-06-27,28.53846153846154,8.76923076923077,33.69230769230769,84.98076923076923,5.538461538461538
Kedah,2022-06-28,28.2,8.607142857142858,33.05,85.02857142857142,5.7785714285714285
Kedah,2022-06-29,27.73611111111111,8.597222222222221,32.083333333333336,87.61805555555556,5.125
Kedah,2022-06-30,27.395833333333332,8.75,31.229166666666668,88.71527777777777,7.263888888888889
Kedah,2022-07-01,28.479166666666668,8.854166666666666,33.333333333333336,84.14583333333333,4.194444444444445
Kedah,2022-07-02,28.645833333333332,8.805555555555555,33.84027777777778,84.02083333333333,5.534722222222222
Kedah,2022-07-03,28.708333333333332,8.98611111111111,34.333333333333336,84.06944444444444,5.125
Kedah,2022-07-04,26.22222222222222,8.055555555555555,28.618055555555557,91.89583333333333,6.118055555555555
Kedah,2022-07-05,27.368055555555557,8.659722222222221,30.84722222222222,85.5,2.9791666666666665
Kedah,2022-07-06,28.15277777777778,8.95138888888889,33.513888888888886,87.625,3.4652777777777777
Kedah,2022-07-07,28.88888888888889,8.88888888888889,34.875,85.53472222222223,4.013888888888889
Kedah,2022-07-08,28.8125,8.67361111111111,34.75694444444444,85.00694444444444,4.402777777777778
Kedah,2022-07-09,28.854166666666668,8.8125,34.71527777777778,84.60416666666667,4.5
Kedah,2022-07-10,28.71527777777778,8.38888888888889,34.666666666666664,85.64583333333333,4.576388888888889
Kedah,2022-07-11,27.493055555555557,8.493055555555555,31.23611111111111,87.43055555555556,5.0625
Kedah,2022-07-12,26.479166666666668,7.951388888888889,28.76388888888889,90.74305555555556,7.604166666666667
Kedah,2022-07-13,27.75,8.854166666666666,31.97222222222222,86.61111111111111,6.215277777777778
Kedah,2022-07-14,28.0625,8.92361111111111,33.05555555555556,87.28472222222223,4.173611111111111
Kedah,2022-07-15,29.583333333333332,8.92361111111111,35.90277777777778,80.71527777777777,6.041666666666667
Kedah,2022-07-16,28.545454545454547,8.846153846153847,33.98601398601399,85.67832167832168,4.4125874125874125
Kedah,2022-07-17,28.791666666666668,8.333333333333334,34.65277777777778,85.14583333333333,4.583333333333333
Kedah,2022-07-18,29.055555555555557,8.785714285714286,34.96825396825397,84.01587301587301,4.888888888888889
Kedah,2022-07-19,28.900709219858157,8.97163120567376,34.248226950354606,83.18439716312056,4.5177304964539005
Kedah,2022-07-20,28.45138888888889,8.868055555555555,32.895833333333336,82.49305555555556,4.722222222222222
Kedah,2022-07-21,28.4375,8.659722222222221,33.5625,85.04166666666667,3.8194444444444446
Kedah,2022-07-22,28.71527777777778,8.444444444444445,34.25,84.95833333333333,4.194444444444445
Kedah,2022-07-23,27.95138888888889,8.819444444444445,32.3125,85.11111111111111,5.784722222222222
Kedah,2022-07-24,28.28472222222222,8.965277777777779,33.201388888888886,85.36805555555556,4.777777777777778
Kedah,2022-07-25,27.5625,8.54861111111111,31.583333333333332,88.59027777777777,5.666666666666667
Kedah,2022-07-26,27.743055555555557,8.819444444444445,31.75,87.33333333333333,4.701388888888889
Kedah,2022-07-27,27.631944444444443,8.4375,32.020833333333336,88.19444444444444,6.222222222222222
Kedah,2022-07-28,28.32638888888889,8.618055555555555,32.604166666666664,84.93055555555556,5.652777777777778
Kedah,2022-07-29,28.40277777777778,8.67361111111111,33.18055555555556,85.46527777777777,7.145833333333333
Kedah,2022-07-30,27.96527777777778,8.722222222222221,32.88194444444444,87.94444444444444,4.555555555555555
Kedah,2022-07-31,28.6875,8.76388888888889,33.94444444444444,84.65972222222223,4.465277777777778
Kedah,2022-08-01,27.46527777777778,8.743055555555555,31.27777777777778,86.13888888888889,4.430555555555555
Kedah,2022-08-02,27.40972222222222,8.4375,31.256944444444443,87.66666666666667,5.319444444444445
Kedah,2022-08-03,26.52777777777778,8.61111111111111,28.993055555555557,88.28472222222223,4.666666666666667
Kedah,2022-08-04,27.506944444444443,8.958333333333334,31.458333333333332,87.08333333333333,4.819444444444445
Kedah,2022-08-05,28.63888888888889,8.694444444444445,33.52777777777778,82.40972222222223,4.527777777777778
Kedah,2022-08-06,26.319444444444443,8.645833333333334,29.03472222222222,88.95833333333333,6.798611111111111
Kedah,2022-08-07,27.604166666666668,8.708333333333334,32.111111111111114,87.17361111111111,4.201388888888889
Kedah,2022-08-08,28.65972222222222,7.972222222222222,33.951388888888886,84.63194444444444,6.604166666666667
Kedah,2022-08-09,28.86111111111111,8.680555555555555,33.94444444444444,81.71527777777777,4.541666666666667
Kedah,2022-08-10,28.983471074380166,8.975206611570249,34,80.47107438016529,5.528925619834711
Kedah,2022-08-11,28.7578125,8.359375,33.5,80.859375,5.21875
Kedah,2022-08-12,29.03472222222222,8.42361111111111,34.81944444444444,82.59722222222223,4.284722222222222
Kedah,2022-08-13,28.97222222222222,8.708333333333334,34.34027777777778,80.83333333333333,5.3125
Kedah,2022-08-14,28.36111111111111,8.9375,32.72222222222222,81.23611111111111,4.930555555555555
Kedah,2022-08-15,28.208333333333332,8.833333333333334,32.27777777777778,81.86805555555556,6.652777777777778
Kedah,2022-08-16,26.791666666666668,8.569444444444445,29.71527777777778,86.83333333333333,4.027777777777778
Kedah,2022-08-17,27.604166666666668,8.9375,31.416666666666668,85.93055555555556,5.791666666666667
Kedah,2022-08-18,28.15277777777778,9,32.74305555555556,84.96527777777777,4.569444444444445
Kedah,2022-08-19,27.86111111111111,8.875,31.791666666666668,83.77083333333333,4.625
Kedah,2022-08-20,28.395833333333332,8.979166666666666,32.61805555555556,82.4375,5.791666666666667
Kedah,2022-08-21,26.09722222222222,8.472222222222221,28.243055555555557,90.01388888888889,5.680555555555555
Kedah,2022-08-22,26.90277777777778,8.92361111111111,29.82638888888889,85.22916666666667,5.208333333333333
Kedah,2022-08-23,26.1875,8.395833333333334,28.166666666666668,89.375,5.8125
Kedah,2022-08-24,26.930555555555557,8.743055555555555,29.993055555555557,87.3125,5.763888888888889
Kedah,2022-08-25,27.354166666666668,8.458333333333334,30.82638888888889,87.68055555555556,5.868055555555555
Kedah,2022-08-26,27.71527777777778,8.840277777777779,31.34027777777778,83.93055555555556,5.548611111111111
Kedah,2022-08-27,27.95138888888889,8.715277777777779,31.854166666666668,82.81944444444444,4.777777777777778
Kedah,2022-08-28,27.36111111111111,8.833333333333334,30.493055555555557,83.70138888888889,4.659722222222222
Kedah,2022-08-29,27.368055555555557,8.645833333333334,30.65277777777778,84.59722222222223,4.965277777777778
Kedah,2022-08-30,27.88888888888889,8.82638888888889,31.65972222222222,82,5.576388888888889
Kedah,2022-08-31,28.29861111111111,9,32.854166666666664,81.88194444444444,4.666666666666667
Kedah,2022-09-01,28.07638888888889,8.916666666666666,32.548611111111114,84.84722222222223,5.305555555555555
Kedah,2022-09-02,27.055555555555557,8.652777777777779,29.72222222222222,84.21527777777777,7.048611111111111
Kedah,2022-09-03,27.368055555555557,8.82638888888889,30.833333333333332,85.23611111111111,6.097222222222222
Kedah,2022-09-04,27.569444444444443,8.70138888888889,30.583333333333332,81.31944444444444,4.784722222222222
Kedah,2022-09-05,27.73611111111111,9,31.84722222222222,83.61805555555556,3.236111111111111
Kedah,2022-09-06,28.507042253521128,8.80281690140845,32.809859154929576,80.6056338028169,4.908450704225352
Kedah,2022-09-07,28.20138888888889,9,32.041666666666664,79.23611111111111,7.381944444444445
Kedah,2022-09-08,26.97222222222222,8.958333333333334,29.881944444444443,85.26388888888889,2.7916666666666665
Kedah,2022-09-09,28.29861111111111,9,31.95138888888889,79.33333333333333,4.208333333333333
Kedah,2022-09-10,28.51388888888889,8.972222222222221,32.81944444444444,79.06944444444444,4.375
Kedah,2022-09-11,26.33823529411765,8.198529411764707,28.74264705882353,84.88970588235294,5.073529411764706
Kedah,2022-09-12,27.17037037037037,8.866666666666667,30.266666666666666,84.1037037037037,4.925925925925926
Kedah,2022-09-13,27.52777777777778,8.76388888888889,30.694444444444443,82.04861111111111,5.409722222222222
Kedah,2022-09-14,27.07638888888889,8.95138888888889,29.45138888888889,81.99305555555556,5.645833333333333
Kedah,2022-09-15,26.90277777777778,8.805555555555555,29.479166666666668,85.50694444444444,5.270833333333333
Kedah,2022-09-16,26.291666666666668,8.76388888888889,28.430555555555557,89.625,4.256944444444445
Kedah,2022-09-17,27.875,9,31.541666666666668,82.33333333333333,5.354166666666667
Kedah,2022-09-18,27.51388888888889,8.569444444444445,30.90277777777778,83.28472222222223,4.805555555555555
Kedah,2022-09-19,28.180555555555557,8.95138888888889,31.98611111111111,79.27083333333333,5.208333333333333
Kedah,2022-09-20,26.958333333333332,8.881944444444445,29.97222222222222,84.84722222222223,3.7916666666666665
Kedah,2022-09-21,27.65277777777778,8.958333333333334,31.09027777777778,82.8125,4.694444444444445
Kedah,2022-09-22,26.54861111111111,8.8125,28.729166666666668,83.91666666666667,5.256944444444445
Kedah,2022-09-23,26.03846153846154,8.634615384615385,27.826923076923077,88,5.115384615384615
Kedah,2022-09-24,27.32857142857143,8.978571428571428,30.414285714285715,82.83571428571429,6.6
Kedah,2022-09-25,26.791666666666668,8.76388888888889,29.23611111111111,85.34027777777777,4.423611111111111
Kedah,2022-09-26,27.743055555555557,9,31.07638888888889,80.27083333333333,4.402777777777778
Kedah,2022-09-27,27.791666666666668,8.854166666666666,31.71527777777778,82.6875,4.145833333333333
Kedah,2022-09-28,26.73611111111111,8.743055555555555,29.59027777777778,87.64583333333333,4.006944444444445
Kedah,2022-09-29,27.09722222222222,8.63888888888889,30.27777777777778,86.77083333333333,5.048611111111111
Kedah,2022-09-30,27.125,8.76388888888889,30.09722222222222,86.09027777777777,5.215277777777778
Kedah,2022-10-01,26.354166666666668,8.680555555555555,28.333333333333332,82.74305555555556,7.208333333333333
Kedah,2022-10-02,27.70138888888889,8.79861111111111,30.993055555555557,80.56944444444444,5.9375
Kedah,2022-10-03,26.38888888888889,8.70138888888889,28.895833333333332,88.45138888888889,4.173611111111111
Kedah,2022-10-04,27.65972222222222,8.98611111111111,30.958333333333332,81.72916666666667,4.597222222222222
Kedah,2022-10-05,26.854166666666668,8.645833333333334,29.6875,86.8125,4.027777777777778
Kedah,2022-10-06,27.944444444444443,8.82638888888889,31.229166666666668,79.3125,4.881944444444445
Kedah,2022-10-07,26.881944444444443,8.479166666666666,29.430555555555557,86.51388888888889,4.638888888888889
Kedah,2022-10-08,26.694444444444443,8.645833333333334,29.02777777777778,85.45833333333333,3.3125
Kedah,2022-10-09,26.243055555555557,8.694444444444445,28.479166666666668,88.36805555555556,3.8402777777777777
Kedah,2022-10-10,27.5625,8.98611111111111,30.381944444444443,80.875,5.333333333333333
Kedah,2022-10-11,27.90972222222222,9,31.333333333333332,79.70833333333333,5.263888888888889
Kedah,2022-10-12,28.15277777777778,8.909722222222221,31.881944444444443,79.95833333333333,5.5625
Kedah,2022-10-13,27.0625,9,30.20138888888889,86.14583333333333,4.236111111111111
Kedah,2022-10-14,26.53472222222222,8.555555555555555,28.444444444444443,84.47916666666667,6.590277777777778
Kedah,2022-10-15,26.384615384615383,8.326923076923077,28.596153846153847,86.40384615384616,5.423076923076923
Kedah,2022-10-16,25.114285714285714,7.192857142857143,25.77857142857143,92.67142857142858,4.257142857142857
Kedah,2022-10-17,27.86111111111111,9,31.32638888888889,80.5,4.888888888888889
Kedah,2022-10-18,26.729166666666668,8.243055555555555,29.54861111111111,88.71527777777777,3.6458333333333335
Kedah,2022-10-19,27.118055555555557,8.833333333333334,29.96527777777778,86.36111111111111,5.284722222222222
Kedah,2022-10-20,27.88888888888889,9,30.694444444444443,78.83333333333333,4.5625
Kedah,2022-10-21,28.22222222222222,8.569444444444445,32.36805555555556,81.69444444444444,5.166666666666667
Kedah,2022-10-22,27.666666666666668,8.715277777777779,30.993055555555557,82.47222222222223,4.1875
Kedah,2022-10-23,28.25,9,32.048611111111114,78.8125,5.388888888888889
Kedah,2022-10-24,27.444444444444443,8.944444444444445,30.506944444444443,82.15277777777777,5.104166666666667
Kedah,2022-10-25,27.45138888888889,8.847222222222221,31.01388888888889,85.625,4.583333333333333
Kedah,2022-10-26,26.52777777777778,8.222222222222221,28.72222222222222,88.33333333333333,6.270833333333333
Kedah,2022-10-27,26.75,8.916666666666666,29.67361111111111,85.85416666666667,4.972222222222222
Kedah,2022-10-28,26.48611111111111,8.722222222222221,28.805555555555557,87.50694444444444,4.152777777777778
Kedah,2022-10-29,27.180555555555557,8.95138888888889,29.944444444444443,84.20833333333333,3.5277777777777777
Kedah,2022-10-30,28.243055555555557,8.8125,32.0625,79.38888888888889,5.131944444444445
Kedah,2022-10-31,27.291666666666668,8.916666666666666,30.631944444444443,85.13888888888889,4.291666666666667
Kedah,2022-11-01,27.26388888888889,8.833333333333334,30.319444444444443,84.40972222222223,4.694444444444445
Kedah,2022-11-02,27.208333333333332,8.972222222222221,30.07638888888889,83.84027777777777,4.083333333333333
Kedah,2022-11-03,27.555555555555557,8.652777777777779,30.65277777777778,82.39583333333333,4.236111111111111
Kedah,2022-11-04,26.666666666666668,8.0625,28.944444444444443,86.64583333333333,5.013888888888889
Kedah,2022-11-05,25.92361111111111,8.819444444444445,27.368055555555557,89.79861111111111,4.215277777777778
Kedah,2022-11-06,26.72222222222222,8.51388888888889,29.42361111111111,87.13888888888889,3.5902777777777777
Kedah,2022-11-07,27.145833333333332,8.916666666666666,30.47222222222222,85.90972222222223,4.979166666666667
Kedah,2022-11-08,27.881944444444443,8.819444444444445,30.84027777777778,80.84722222222223,4.798611111111111
Kedah,2022-11-09,27.84722222222222,8.930555555555555,31.1875,79.22916666666667,5.597222222222222
Kedah,2022-11-10,26.90277777777778,8.541666666666666,29.458333333333332,84.34722222222223,5.861111111111111
Kedah,2022-11-11,26.88888888888889,8.715277777777779,29.27777777777778,82.59722222222223,7.569444444444445
Kedah,2022-11-12,28.153846153846153,9,31.25,75.71153846153847,8.057692307692308
Kedah,2022-11-13,27.742857142857144,8.9,31.057142857142857,81.39285714285714,4.85
Kedah,2022-11-14,26.78472222222222,8.652777777777779,29.479166666666668,88.34722222222223,4.590277777777778
Kedah,2022-11-15,26.59027777777778,8.63888888888889,28.96527777777778,87.09027777777777,4.694444444444445
Kedah,2022-11-16,27.743055555555557,8.840277777777779,31.23611111111111,82.50694444444444,3.6041666666666665
Kedah,2022-11-17,28.01388888888889,8.819444444444445,31.9375,83.00694444444444,4.527777777777778
Kedah,2022-11-18,27.40972222222222,8.95138888888889,30.666666666666668,85.15277777777777,4.388888888888889
Kedah,2022-11-19,27.493055555555557,8.965277777777779,30.555555555555557,82.375,5.069444444444445
Kedah,2022-11-20,27.46527777777778,8.48611111111111,30.34027777777778,82.04166666666667,6.625
Kedah,2022-11-21,27.944444444444443,8.902777777777779,31.895833333333332,82.04166666666667,5.395833333333333
Kedah,2022-11-22,27.645833333333332,8.965277777777779,31.03472222222222,83.28472222222223,6.25
Kedah,2022-11-23,26.29861111111111,8.472222222222221,28.458333333333332,89.72916666666667,6.0625
Kedah,2022-11-24,27.708333333333332,8.70138888888889,31.055555555555557,84.70138888888889,5.076388888888889
Kedah,2022-11-25,27.993055555555557,8.902777777777779,31.694444444444443,82.21527777777777,5.534722222222222
Kedah,2022-11-26,27.84722222222222,8.756944444444445,31.729166666666668,83.29861111111111,4.631944444444445
Kedah,2022-11-27,27.930555555555557,8.840277777777779,31.29861111111111,81.38194444444444,5.118055555555555
Kedah,2022-11-28,28.1875,8.902777777777779,31.78472222222222,80.23611111111111,4.375
Kedah,2022-11-29,27.458333333333332,8.854166666666666,30.36111111111111,84.63888888888889,4.75
Kedah,2022-11-30,27.895833333333332,8.847222222222221,31.145833333333332,81.38888888888889,4.881944444444445
Kedah,2022-12-01,26.6875,8.972222222222221,28.993055555555557,85.58333333333333,4.013888888888889
Kedah,2022-12-02,26.756944444444443,8.958333333333334,29.305555555555557,81.92361111111111,5.756944444444445
Kedah,2022-12-03,25.52777777777778,9,27,88.80555555555556,5
Kedah,2022-12-04,26.937062937062937,8.874125874125873,29.67132867132867,83.27272727272727,4.741258741258742
Kedah,2022-12-05,27.430555555555557,8.854166666666666,30.291666666666668,83.22222222222223,4.972222222222222
Kedah,2022-12-06,27.993055555555557,8.5625,31.71527777777778,81.40277777777777,5.715277777777778
Kedah,2022-12-07,28.041666666666668,8.9375,31.51388888888889,82.07638888888889,5.138888888888889
Kedah,2022-12-08,26.53472222222222,8.569444444444445,28.583333333333332,83.00694444444444,5.791666666666667
Kedah,2022-12-09,24.3125,8.027777777777779,24.881944444444443,90.96527777777777,5.527777777777778
Kedah,2022-12-10,25.743055555555557,8.8125,27.59027777777778,87.13888888888889,4.263888888888889
Kedah,2022-12-11,26.645833333333332,9,28.694444444444443,83.15277777777777,5.083333333333333
Kedah,2022-12-12,26.729166666666668,8.979166666666666,28.75,80.53472222222223,5.388888888888889
Kedah,2022-12-13,27.67361111111111,9,29.97222222222222,72.79861111111111,11.0625
Kedah,2022-12-14,28.01388888888889,9,30.055555555555557,68.625,9.145833333333334
Kedah,2022-12-15,28.493055555555557,9,31.29861111111111,70.03472222222223,8.402777777777779
Kedah,2022-12-16,28.65972222222222,8.819444444444445,31.833333333333332,72.59027777777777,8.444444444444445
Kedah,2022-12-17,27.65972222222222,9,30.46527777777778,76.52777777777777,9.67361111111111
Kedah,2022-12-18,24.45138888888889,8.402777777777779,24.979166666666668,88.5625,8.5625
Kedah,2022-12-19,24.86111111111111,8.770833333333334,25.65277777777778,83.125,8.847222222222221
Kedah,2022-12-20,27.368055555555557,9,29.395833333333332,74.85416666666667,9.70138888888889
Kedah,2022-12-21,26.73611111111111,8.930555555555555,28.958333333333332,81.88888888888889,6.180555555555555
Kedah,2022-12-22,27.5625,8.944444444444445,30.333333333333332,78.23611111111111,4.326388888888889
Kedah,2022-12-23,27.9375,8.930555555555555,30.20138888888889,73.30555555555556,8.659722222222221
Kedah,2022-12-24,27.5625,9,28.916666666666668,67.25694444444444,9.854166666666666
Kedah,2022-12-25,27.6875,9,29.118055555555557,64.90972222222223,8.98611111111111
Kedah,2022-12-26,26.881944444444443,9,28.375,70.84027777777777,8.354166666666666
Kedah,2022-12-27,27.07638888888889,8.708333333333334,28.36111111111111,69.72916666666667,7.069444444444445
Kedah,2022-12-28,27.0625,8.75,28.48611111111111,70.85416666666667,5.770833333333333
Kedah,2022-12-29,26.65277777777778,9,27.895833333333332,71.27777777777777,6.270833333333333
Kedah,2022-12-30,26.305555555555557,8.875,27.444444444444443,71.03472222222223,5.125
Kedah,2022-12-31,26.1875,8.854166666666666,27.625,75.79861111111111,4.4375
Kelantan,2022-01-01,27.014285714285716,8.9,29.357142857142858,79.12857142857143,24.585714285714285
Kelantan,2022-01-02,27.142857142857142,8.619047619047619,29.77777777777778,80.5079365079365,21.46031746031746
Kelantan,2022-01-03,27.357142857142858,9,30.185714285714287,79.7,18.12857142857143
Kelantan,2022-01-04,27.071428571428573,8.857142857142858,29.571428571428573,81.38571428571429,15.271428571428572
Kelantan,2022-01-05,26.02857142857143,9,27.957142857142856,87.61428571428571,5.057142857142857
Kelantan,2022-01-06,26.12857142857143,9,28.12857142857143,86.95714285714286,6.828571428571428
Kelantan,2022-01-07,26.557142857142857,9,28.942857142857143,87.14285714285714,9.557142857142857
Kelantan,2022-01-08,27.17142857142857,9,30.34285714285714,84.78571428571429,16.314285714285713
Kelantan,2022-01-09,26.228571428571428,8.885714285714286,28.214285714285715,86.04285714285714,6.985714285714286
Kelantan,2022-01-10,25.914285714285715,8.914285714285715,27.52857142857143,83.81428571428572,5.8
Kelantan,2022-01-11,26,9,27.87142857142857,83.87142857142857,7.328571428571428
Kelantan,2022-01-12,26.6,9,28.34285714285714,78.21428571428571,11.885714285714286
Kelantan,2022-01-13,25.52857142857143,8.957142857142857,26.97142857142857,79.28571428571429,7.8428571428571425
Kelantan,2022-01-14,26.17543859649123,9,27.736842105263158,78.14035087719299,8.87719298245614
Kelantan,2022-01-15,25.434782608695652,9,26.942028985507246,82.84057971014492,8.768115942028986
Kelantan,2022-01-16,26.742857142857144,9,29.242857142857144,81.92857142857143,14.114285714285714
Kelantan,2022-01-17,26.742857142857144,9,29.085714285714285,81.97142857142858,11.514285714285714
Kelantan,2022-01-18,26.228571428571428,9,27.771428571428572,82.52857142857142,7.742857142857143
Kelantan,2022-01-19,26.385714285714286,9,28.071428571428573,81.21428571428571,10.414285714285715
Kelantan,2022-01-20,26.4,9,28.385714285714286,81.08571428571429,9.057142857142857
Kelantan,2022-01-21,26.557142857142857,9,28.614285714285714,81.27142857142857,8.185714285714285
Kelantan,2022-01-22,26.585714285714285,9,28.52857142857143,80.9,8.214285714285714
Kelantan,2022-01-23,26.685714285714287,9,29.057142857142857,82.97142857142858,8.885714285714286
Kelantan,2022-01-24,26.242857142857144,9,28.12857142857143,84.31428571428572,6.171428571428572
Kelantan,2022-01-25,26.4,9,28.728571428571428,83.25714285714285,5.9714285714285715
Kelantan,2022-01-26,26.785714285714285,8.9,28.942857142857143,81.47142857142858,8.17142857142857
Kelantan,2022-01-27,26.942857142857143,9,29.242857142857144,79.74285714285715,8.914285714285715
Kelantan,2022-01-28,26.7,9,28.714285714285715,79.87142857142857,7.942857142857143
Kelantan,2022-01-29,26,9,27.928571428571427,82.28571428571429,7.142857142857143
Kelantan,2022-01-30,26.357142857142858,8.871428571428572,28.62857142857143,83.57142857142857,7.257142857142857
Kelantan,2022-01-31,26.485714285714284,9,28.84285714285714,83.37142857142857,7.271428571428571
Kelantan,2022-02-01,27.223880597014926,9,30.074626865671643,81.41791044776119,10.492537313432836
Kelantan,2022-02-02,27.271428571428572,9,30.2,81.57142857142857,9.3
Kelantan,2022-02-03,27.014285714285716,8.985714285714286,29.957142857142856,86.2,11.357142857142858
Kelantan,2022-02-04,27.785714285714285,8.82857142857143,31.62857142857143,82.14285714285714,19.085714285714285
Kelantan,2022-02-05,27.914285714285715,9,31.62857142857143,80.02857142857142,23.257142857142856
Kelantan,2022-02-06,27.62857142857143,9,30.728571428571428,78.32857142857142,14.885714285714286
Kelantan,2022-02-07,27.357142857142858,8.742857142857142,30.914285714285715,85.14285714285714,13.042857142857143
Kelantan,2022-02-08,25.585714285714285,7.228571428571429,26.742857142857144,94.12857142857143,5.728571428571429
Kelantan,2022-02-09,26.4,8.3,28.87142857142857,87.35714285714286,8.4
Kelantan,2022-02-10,27.271428571428572,8.985714285714286,30.557142857142857,85.28571428571429,9.542857142857143
Kelantan,2022-02-11,25.857142857142858,8.842857142857143,27.585714285714285,89.91428571428571,5.742857142857143
Kelantan,2022-02-12,26,8.842857142857143,27.857142857142858,90.71428571428571,4.1571428571428575
Kelantan,2022-02-13,26.042857142857144,8.971428571428572,27.985714285714284,89.15714285714286,4.957142857142857
Kelantan,2022-02-14,25.957142857142856,8.042857142857143,27.885714285714286,92.24285714285715,6.542857142857143
Kelantan,2022-02-15,25.614285714285714,6.6,27.214285714285715,93.38571428571429,9.185714285714285
Kelantan,2022-02-16,26.514285714285716,9,29.52857142857143,88.24285714285715,9.628571428571428
Kelantan,2022-02-17,27.214285714285715,9,30.97142857142857,88.61428571428571,10.214285714285714
Kelantan,2022-02-18,27.514285714285716,9,30.87142857142857,85.42857142857143,10.042857142857143
Kelantan,2022-02-19,27.12857142857143,8.82857142857143,30.957142857142856,88.8,9.17142857142857
Kelantan,2022-02-20,27.228571428571428,8.885714285714286,30.84285714285714,89.12857142857143,5.685714285714286
Kelantan,2022-02-21,27.47142857142857,9,30.47142857142857,83.14285714285714,8.142857142857142
Kelantan,2022-02-22,27.4,9,30.714285714285715,83.71428571428571,10.028571428571428
Kelantan,2022-02-23,27.385714285714286,8.942857142857143,30.885714285714286,84.28571428571429,15.428571428571429
Kelantan,2022-02-24,27.34285714285714,8.82857142857143,30.62857142857143,82.92857142857143,18.214285714285715
Kelantan,2022-02-25,25.84285714285714,7.014285714285714,27.485714285714284,89.42857142857143,25.914285714285715
Kelantan,2022-02-26,25.114285714285714,4.9714285714285715,25.642857142857142,92.4,30.714285714285715
Kelantan,2022-02-27,24.728571428571428,7.128571428571429,25.52857142857143,94.25714285714285,17.985714285714284
Kelantan,2022-02-28,25.62857142857143,9,27.65714285714286,90.94285714285714,11.1
Kelantan,2022-03-01,27.428571428571427,9,31.257142857142856,85.64285714285714,12.414285714285715
Kelantan,2022-03-02,27.17142857142857,9,30.47142857142857,87.37142857142857,9.357142857142858
Kelantan,2022-03-03,27.414285714285715,9,30.9,85.35714285714286,11.185714285714285
Kelantan,2022-03-04,26.185714285714287,8.757142857142858,28.12857142857143,91.8,4.314285714285714
Kelantan,2022-03-05,24.82857142857143,8.342857142857143,25.057142857142857,95.75714285714285,1.5714285714285714
Kelantan,2022-03-06,26.785714285714285,9,29.571428571428573,88.75714285714285,6.085714285714285
Kelantan,2022-03-07,27.042857142857144,8.871428571428572,30.242857142857144,89.74285714285715,7.257142857142857
Kelantan,2022-03-08,26.585714285714285,8.442857142857143,29.042857142857144,89.12857142857143,10.585714285714285
Kelantan,2022-03-09,26.62857142857143,8.742857142857142,29.357142857142858,88.51428571428572,9.7
Kelantan,2022-03-10,27.314285714285713,9,30.12857142857143,82.61428571428571,7.857142857142857
Kelantan,2022-03-11,26.8,8.82857142857143,29.285714285714285,85.1,6.271428571428571
Kelantan,2022-03-12,26.957142857142856,8.82857142857143,29.542857142857144,84.78571428571429,4.757142857142857
Kelantan,2022-03-13,26.585714285714285,8.642857142857142,29.02857142857143,88.42857142857143,3.5142857142857142
Kelantan,2022-03-14,27.114285714285714,8.614285714285714,30.02857142857143,87.8,9.228571428571428
Kelantan,2022-03-15,27.5,9,30.857142857142858,83.42857142857143,9.7
Kelantan,2022-03-16,27.142857142857142,9,30.142857142857142,85.46031746031746,6.666666666666667
Kelantan,2022-03-17,27.82857142857143,9,32.22857142857143,85.4,7.5285714285714285
Kelantan,2022-03-18,27.685714285714287,9,31.557142857142857,84.65714285714286,7.114285714285714
Kelantan,2022-03-19,27.84285714285714,8.914285714285715,32.142857142857146,84.02857142857142,8.442857142857143
Kelantan,2022-03-20,26.985714285714284,9,30,85.31428571428572,7.942857142857143
Kelantan,2022-03-21,27.057142857142857,8.857142857142858,30.314285714285713,85.17142857142858,9.028571428571428
Kelantan,2022-03-22,27.87142857142857,8.957142857142857,32.17142857142857,86.3,7.642857142857143
Kelantan,2022-03-23,27.385714285714286,8.928571428571429,30.8,84.51428571428572,8.028571428571428
Kelantan,2022-03-24,27.485714285714284,9,30.985714285714284,83.95714285714286,6.928571428571429
Kelantan,2022-03-25,28.514285714285716,8.885714285714286,33.41428571428571,83.17142857142858,8.17142857142857
Kelantan,2022-03-26,28.34285714285714,9,33.08571428571429,84.01428571428572,7.1571428571428575
Kelantan,2022-03-27,28.37142857142857,9,32.75714285714286,83.01428571428572,6.457142857142857
Kelantan,2022-03-28,28.291666666666668,9,32.083333333333336,78.58333333333333,7.458333333333333
Kelantan,2022-03-29,28.7,9,33.24285714285714,80.35714285714286,8.67142857142857
Kelantan,2022-03-30,28.90277777777778,9,33.75,79.45833333333333,8.430555555555555
Kelantan,2022-03-31,28.84722222222222,9,33.166666666666664,78.58333333333333,8
Kelantan,2022-04-01,27.666666666666668,9,30.958333333333332,80.84722222222223,6.583333333333333
Kelantan,2022-04-02,27.125,8.805555555555555,30.15277777777778,85.70833333333333,4.916666666666667
Kelantan,2022-04-03,25.73076923076923,8.923076923076923,27.576923076923077,89.73076923076923,4.269230769230769
Kelantan,2022-04-04,27.814285714285713,8.971428571428572,31.185714285714287,82.97142857142858,10.6
Kelantan,2022-04-05,26.583333333333332,8.38888888888889,28.875,86.44444444444444,7.180555555555555
Kelantan,2022-04-06,26.069444444444443,8.416666666666666,27.583333333333332,89.20833333333333,3.3333333333333335
Kelantan,2022-04-07,26.23611111111111,8.305555555555555,28.59722222222222,87.01388888888889,4.430555555555555
Kelantan,2022-04-08,26.875,8.63888888888889,29.36111111111111,84.25,5.347222222222222
Kelantan,2022-04-09,27.65277777777778,9,30.72222222222222,81.34722222222223,8.36111111111111
Kelantan,2022-04-10,27.291666666666668,9,30.36111111111111,81.61111111111111,8.48611111111111
Kelantan,2022-04-11,28.458333333333332,9,32.94444444444444,82.51388888888889,7.208333333333333
Kelantan,2022-04-12,27.84722222222222,9,31.27777777777778,80.69444444444444,6.958333333333333
Kelantan,2022-04-13,28.291666666666668,9,32.19444444444444,79.30555555555556,6.763888888888889
Kelantan,2022-04-14,27.97222222222222,9,31.583333333333332,80.98611111111111,7.430555555555555
Kelantan,2022-04-15,28.52777777777778,9,33.47222222222222,81.23611111111111,6.847222222222222
Kelantan,2022-04-16,28.625,9,33.083333333333336,78.79166666666667,7.513888888888889
Kelantan,2022-04-17,28.694444444444443,9,33.375,80.90277777777777,9.208333333333334
Kelantan,2022-04-18,29.458333333333332,9,35.05555555555556,78.31944444444444,8.791666666666666
Kelantan,2022-04-19,29.23611111111111,9,34.97222222222222,80.31944444444444,11.402777777777779
Kelantan,2022-04-20,27.666666666666668,8.680555555555555,31.40277777777778,84.19444444444444,6.125
Kelantan,2022-04-21,27.958333333333332,9,31.5,82.93055555555556,6.611111111111111
Kelantan,2022-04-22,28.944444444444443,9,33.916666666666664,79.95833333333333,9.444444444444445
Kelantan,2022-04-23,28.805555555555557,9,33.65277777777778,81.44444444444444,8.63888888888889
Kelantan,2022-04-24,28.86111111111111,8.98611111111111,34.19444444444444,83.26388888888889,7.777777777777778
Kelantan,2022-04-25,28.86111111111111,9,33.708333333333336,81.94444444444444,8.069444444444445
Kelantan,2022-04-26,28.88888888888889,9,33.416666666666664,79.38888888888889,7.486111111111111
Kelantan,2022-04-27,28.88888888888889,9,33.986111111111114,81.54166666666667,5.694444444444445
Kelantan,2022-04-28,29.125,9,34.138888888888886,80.09722222222223,7.680555555555555
Kelantan,2022-04-29,29.194444444444443,9,34.65277777777778,80.44444444444444,7.361111111111111
Kelantan,2022-04-30,28.458333333333332,8.75,33.763888888888886,84.875,5.902777777777778
Kelantan,2022-05-01,27.76388888888889,8.569444444444445,31.430555555555557,85.25,7.263888888888889
Kelantan,2022-05-02,27.583333333333332,9,31.11111111111111,84.04166666666667,7.138888888888889
Kelantan,2022-05-03,28.166666666666668,9,32.638888888888886,82.97222222222223,6.694444444444445
Kelantan,2022-05-04,26.416666666666668,7.986111111111111,28.791666666666668,92.31944444444444,4.111111111111111
Kelantan,2022-05-05,28.555555555555557,8.958333333333334,33.416666666666664,83.68055555555556,6.458333333333333
Kelantan,2022-05-06,28.75,9,34.611111111111114,83.22222222222223,6.347222222222222
Kelantan,2022-05-07,28.625,8.930555555555555,34.625,86.06944444444444,6.722222222222222
Kelantan,2022-05-08,28.541666666666668,9,33.861111111111114,84.54166666666667,7.319444444444445
Kelantan,2022-05-09,27.76388888888889,8.86111111111111,32.30555555555556,89.26388888888889,7.458333333333333
Kelantan,2022-05-10,28.416666666666668,9,33.611111111111114,84.25,7.25
Kelantan,2022-05-11,27.61111111111111,8.416666666666666,31.22222222222222,84.72222222222223,5.222222222222222
Kelantan,2022-05-12,27.86111111111111,8.930555555555555,31.51388888888889,84.29166666666667,6.944444444444445
Kelantan,2022-05-13,28.34722222222222,9,32.68055555555556,82,6.930555555555555
Kelantan,2022-05-14,28.51388888888889,9,33.05555555555556,82.25,6.138888888888889
Kelantan,2022-05-15,29.26388888888889,9,35.44444444444444,83.09722222222223,6.347222222222222
Kelantan,2022-05-16,26.25,8.472222222222221,28.666666666666668,92.13888888888889,6.138888888888889
Kelantan,2022-05-17,27.291666666666668,9,30.305555555555557,83.31944444444444,3.4166666666666665
Kelantan,2022-05-18,28.37142857142857,9,33.32857142857143,82.94285714285714,6.214285714285714
Kelantan,2022-05-19,28.555555555555557,8.666666666666666,33.30555555555556,81.19444444444444,6.055555555555555
Kelantan,2022-05-20,28.75,9,33.375,77.27777777777777,7.069444444444445
Kelantan,2022-05-21,28.680555555555557,9,32.94444444444444,81,5.944444444444445
Kelantan,2022-05-22,27.875,8.819444444444445,31.430555555555557,84.72222222222223,5.916666666666667
Kelantan,2022-05-23,27.819444444444443,9,31.40277777777778,82.875,4.402777777777778
Kelantan,2022-05-24,29.02777777777778,8.902777777777779,34.77777777777778,82.75,5.347222222222222
Kelantan,2022-05-25,28.416666666666668,8.958333333333334,32.958333333333336,81.97222222222223,6.069444444444445
Kelantan,2022-05-26,28.40277777777778,9,32.583333333333336,78.70833333333333,8.125
Kelantan,2022-05-27,28.319444444444443,9,31.930555555555557,77.44444444444444,4.236111111111111
Kelantan,2022-05-28,29.125,8.930555555555555,32.888888888888886,74.13888888888889,5.138888888888889
Kelantan,2022-05-29,27.01388888888889,8.777777777777779,29.805555555555557,84.08333333333333,4.958333333333333
Kelantan,2022-05-30,26.65277777777778,8.791666666666666,28.72222222222222,81.59722222222223,5.486111111111111
Kelantan,2022-05-31,28.09722222222222,9,31.34722222222222,79.125,5.694444444444445
Kelantan,2022-06-01,28.125,9,32.263888888888886,82.51388888888889,3.875
Kelantan,2022-06-02,27.65277777777778,8.88888888888889,30.805555555555557,84.51388888888889,6.791666666666667
Kelantan,2022-06-03,27.444444444444443,9,30.13888888888889,80.52777777777777,7.208333333333333
Kelantan,2022-06-04,27.65277777777778,9,30.805555555555557,80.13888888888889,6.694444444444445
Kelantan,2022-06-05,27.65277777777778,8.708333333333334,30.930555555555557,84.81944444444444,4.805555555555555
Kelantan,2022-06-06,28.055555555555557,8.944444444444445,31.944444444444443,84.58333333333333,6.583333333333333
Kelantan,2022-06-07,27.75,9,31,82.63888888888889,6.472222222222222
Kelantan,2022-06-08,27.541666666666668,9,30.416666666666668,80.38888888888889,8.069444444444445
Kelantan,2022-06-09,28.51388888888889,9,32.513888888888886,79.5,7.25
Kelantan,2022-06-10,28.569444444444443,8.98611111111111,33.06944444444444,81.81944444444444,5.708333333333333
Kelantan,2022-06-11,27.944444444444443,9,31.23611111111111,80,7.597222222222222
Kelantan,2022-06-12,27.36111111111111,9,30.444444444444443,81.76388888888889,4.111111111111111
Kelantan,2022-06-13,28.372549019607842,9,32.745098039215684,81.90196078431373,5.666666666666667
Kelantan,2022-06-14,28.47887323943662,9,32.098591549295776,78.94366197183099,7.225352112676056
Kelantan,2022-06-15,27.23611111111111,8.541666666666666,30.555555555555557,86,4.152777777777778
Kelantan,2022-06-16,27.22222222222222,8.902777777777779,30.13888888888889,83.84722222222223,6.555555555555555
Kelantan,2022-06-17,28.48611111111111,9,32.84722222222222,82.125,5.291666666666667
Kelantan,2022-06-18,27.375,9,30.27777777777778,83.02777777777777,5.083333333333333
Kelantan,2022-06-19,27.724137931034484,9,30.948275862068964,80.48275862068965,7.241379310344827
Kelantan,2022-06-20,28.375,9,32.541666666666664,80.20833333333333,5.0625
Kelantan,2022-06-21,27.81159420289855,8.768115942028986,31.18840579710145,81.23188405797102,7.043478260869565
Kelantan,2022-06-22,28.01388888888889,9,31.194444444444443,78.61111111111111,6.458333333333333
Kelantan,2022-06-23,26.791666666666668,8.944444444444445,29.88888888888889,87.06944444444444,5.013888888888889
Kelantan,2022-06-24,26.59722222222222,8.48611111111111,28.72222222222222,86.86111111111111,5.763888888888889
Kelantan,2022-06-25,26.48611111111111,8.972222222222221,28.569444444444443,84.68055555555556,6.847222222222222
Kelantan,2022-06-26,28.083333333333332,9,31.52777777777778,78.95833333333333,8.305555555555555
Kelantan,2022-06-27,28.53846153846154,9,33.30769230769231,82.42307692307692,6.923076923076923
Kelantan,2022-06-28,28.52857142857143,9,33.6,83.51428571428572,5.2
Kelantan,2022-06-29,28.069444444444443,9,32.02777777777778,80.15277777777777,7.083333333333333
Kelantan,2022-06-30,27.958333333333332,9,31.694444444444443,80.75,5.958333333333333
Kelantan,2022-07-01,28.541666666666668,9,33.40277777777778,82.93055555555556,5.666666666666667
Kelantan,2022-07-02,28.819444444444443,9,33.25,79.20833333333333,6.569444444444445
Kelantan,2022-07-03,28.86111111111111,9,34.06944444444444,82.40277777777777,5.5
Kelantan,2022-07-04,27.555555555555557,8.958333333333334,31.15277777777778,84.875,7.208333333333333
Kelantan,2022-07-05,26.819444444444443,8.722222222222221,29.26388888888889,83.48611111111111,4.666666666666667
Kelantan,2022-07-06,27.694444444444443,8.944444444444445,31.76388888888889,84.08333333333333,5.111111111111111
Kelantan,2022-07-07,27.903846153846153,9,31.346153846153847,82.65384615384616,6.403846153846154
Kelantan,2022-07-08,28.151515151515152,8.742424242424242,31.939393939393938,81.07575757575758,6.7727272727272725
Kelantan,2022-07-09,27.569444444444443,9,31.055555555555557,82.68055555555556,4.791666666666667
Kelantan,2022-07-10,27.73611111111111,9,31.680555555555557,85.05555555555556,3.5555555555555554
Kelantan,2022-07-11,27.27777777777778,8.291666666666666,30.208333333333332,86.43055555555556,5.097222222222222
Kelantan,2022-07-12,25.52777777777778,9,26.77777777777778,89.80555555555556,6.291666666666667
Kelantan,2022-07-13,27.75,9,31.27777777777778,81.48611111111111,6.680555555555555
Kelantan,2022-07-14,27.22222222222222,9,30.291666666666668,86.26388888888889,4.444444444444445
Kelantan,2022-07-15,27.98611111111111,9,31.083333333333332,81.52777777777777,5.611111111111111
Kelantan,2022-07-16,27.51388888888889,9,31.083333333333332,85.15277777777777,4.694444444444445
Kelantan,2022-07-17,28.02777777777778,8.88888888888889,32.84722222222222,87.47222222222223,5.486111111111111
Kelantan,2022-07-18,28.444444444444443,9,33.763888888888886,85.08333333333333,7.944444444444445
Kelantan,2022-07-19,27.305555555555557,9,30.583333333333332,83.27777777777777,6.291666666666667
Kelantan,2022-07-20,27.88888888888889,9,31.666666666666668,82.81944444444444,6.472222222222222
Kelantan,2022-07-21,27.90277777777778,9,31.75,81.98611111111111,5.75
Kelantan,2022-07-22,27.875,8.38888888888889,31.583333333333332,85.16666666666667,7.958333333333333
Kelantan,2022-07-23,27.90277777777778,8.902777777777779,31.555555555555557,84.66666666666667,6.513888888888889
Kelantan,2022-07-24,28.27777777777778,9,31.84722222222222,81.59722222222223,6.597222222222222
Kelantan,2022-07-25,28.23611111111111,9,32.19444444444444,81.36111111111111,5.527777777777778
Kelantan,2022-07-26,28.416666666666668,9,32.375,81,6.430555555555555
Kelantan,2022-07-27,27.84722222222222,9,31.333333333333332,81.18055555555556,5.652777777777778
Kelantan,2022-07-28,27.569444444444443,9,31.041666666666668,82.29166666666667,7.083333333333333
Kelantan,2022-07-29,28.23611111111111,9,31.84722222222222,79.86111111111111,6.75
Kelantan,2022-07-30,27.97222222222222,9,31.90277777777778,83,4.819444444444445
Kelantan,2022-07-31,27.805555555555557,9,30.875,78.69444444444444,8.26388888888889
Kelantan,2022-08-01,27.583333333333332,9,30.694444444444443,80.76388888888889,7.5
Kelantan,2022-08-02,27.166666666666668,9,30.34722222222222,87.23611111111111,4.402777777777778
Kelantan,2022-08-03,26.34722222222222,8.5,28.708333333333332,89.34722222222223,3.9166666666666665
Kelantan,2022-08-04,27.070422535211268,9,29.845070422535212,82.29577464788733,5.577464788732394
Kelantan,2022-08-05,28.02777777777778,9,31.666666666666668,80.76388888888889,6.833333333333333
Kelantan,2022-08-06,26.52777777777778,8.597222222222221,28.34722222222222,77.65277777777777,9.875
Kelantan,2022-08-07,26.98611111111111,9,29.27777777777778,82.73611111111111,4.875
Kelantan,2022-08-08,27.61111111111111,8.597222222222221,30.958333333333332,83.93055555555556,8.583333333333334
Kelantan,2022-08-09,26.524590163934427,8.98360655737705,28.868852459016395,85.49180327868852,6.032786885245901
Kelantan,2022-08-10,29.098360655737704,9,33.885245901639344,78.63934426229508,6.967213114754099
Kelantan,2022-08-11,28.805555555555557,9,33.736111111111114,82.59722222222223,7.027777777777778
Kelantan,2022-08-12,27.84722222222222,7.930555555555555,32.59722222222222,88.56944444444444,5.958333333333333
Kelantan,2022-08-13,26.75,8.819444444444445,29.47222222222222,83.81944444444444,6.486111111111111
Kelantan,2022-08-14,27.333333333333332,9,30.055555555555557,79.44444444444444,7.361111111111111
Kelantan,2022-08-15,28.055555555555557,9,31.84722222222222,80.05555555555556,7.861111111111111
Kelantan,2022-08-16,27.041666666666668,8.416666666666666,29.875,83.29166666666667,7.277777777777778
Kelantan,2022-08-17,28.36111111111111,9,32.041666666666664,80.13888888888889,6.638888888888889
Kelantan,2022-08-18,26.48611111111111,8.708333333333334,28.555555555555557,86.29166666666667,6.680555555555555
Kelantan,2022-08-19,27.38888888888889,9,30.430555555555557,83.63888888888889,6.513888888888889
Kelantan,2022-08-20,26.944444444444443,8.680555555555555,29.625,84.43055555555556,7.152777777777778
Kelantan,2022-08-21,26.069444444444443,9,27.708333333333332,86.45833333333333,7.722222222222222
Kelantan,2022-08-22,27.875,9,31.125,79.54166666666667,7.152777777777778
Kelantan,2022-08-23,26.875,8.222222222222221,29.73611111111111,86.72222222222223,5.861111111111111
Kelantan,2022-08-24,28.194444444444443,9,31.52777777777778,79.44444444444444,7
Kelantan,2022-08-25,27.13888888888889,8.472222222222221,29.76388888888889,85.22222222222223,7.805555555555555
Kelantan,2022-08-26,26.75,8.652777777777779,28.76388888888889,82.04166666666667,8.555555555555555
Kelantan,2022-08-27,26.84722222222222,9,29.61111111111111,85.33333333333333,6.472222222222222
Kelantan,2022-08-28,27.791666666666668,8.972222222222221,30.791666666666668,78.80555555555556,9.291666666666666
Kelantan,2022-08-29,27.694444444444443,8.958333333333334,30.875,82.58333333333333,8.36111111111111
Kelantan,2022-08-30,27.47222222222222,9,30.819444444444443,85.61111111111111,6.055555555555555
Kelantan,2022-08-31,27.569444444444443,8.916666666666666,30.65277777777778,82.30555555555556,6.736111111111111
Kelantan,2022-09-01,28.15277777777778,8.98611111111111,32.125,80.11111111111111,7.722222222222222
Kelantan,2022-09-02,27.47222222222222,9,30.583333333333332,85.04166666666667,6.597222222222222
Kelantan,2022-09-03,27.36111111111111,9,29.916666666666668,83.55555555555556,6.763888888888889
Kelantan,2022-09-04,27.444444444444443,9,30.86111111111111,83.06944444444444,6.236111111111111
Kelantan,2022-09-05,27,9,30.38888888888889,90.36111111111111,2.2777777777777777
Kelantan,2022-09-06,28.154929577464788,9,32.11267605633803,82.3943661971831,7.549295774647887
Kelantan,2022-09-07,27.15277777777778,9,29.319444444444443,75.81944444444444,8.555555555555555
Kelantan,2022-09-08,26.680555555555557,9,29.01388888888889,82.30555555555556,5.888888888888889
Kelantan,2022-09-09,27.76271186440678,9,31.35593220338983,84.84745762711864,5.915254237288136
Kelantan,2022-09-10,26.686567164179106,8.761194029850746,28.925373134328357,83.59701492537313,7.432835820895522
Kelantan,2022-09-11,26.63888888888889,9,28.97222222222222,82.30555555555556,8.055555555555555
Kelantan,2022-09-12,27.11111111111111,9,29.61111111111111,80.69444444444444,6.25
Kelantan,2022-09-13,26.666666666666668,8.583333333333334,28.90277777777778,84.22222222222223,7
Kelantan,2022-09-14,26.833333333333332,8.541666666666666,28.90277777777778,80.70833333333333,8.194444444444445
Kelantan,2022-09-15,26.444444444444443,8.597222222222221,28.59722222222222,84.25,8.625
Kelantan,2022-09-16,26.63888888888889,8.708333333333334,28.72222222222222,82.30555555555556,7
Kelantan,2022-09-17,27.27777777777778,9,30.055555555555557,81.77777777777777,6.180555555555555
Kelantan,2022-09-18,27.083333333333332,8.166666666666666,29.958333333333332,86.34722222222223,4.722222222222222
Kelantan,2022-09-19,27.444444444444443,9,30.47222222222222,80.90277777777777,7.638888888888889
Kelantan,2022-09-20,26.02777777777778,8.972222222222221,27.5,82.59722222222223,7.75
Kelantan,2022-09-21,26.555555555555557,8.777777777777779,28.569444444444443,82.41666666666667,8.819444444444445
Kelantan,2022-09-22,26.458333333333332,9,28.38888888888889,83.02777777777777,7.722222222222222
Kelantan,2022-09-23,26.615384615384617,8.884615384615385,28.46153846153846,82,6.461538461538462
Kelantan,2022-09-24,27.17142857142857,8.742857142857142,29.67142857142857,81.98571428571428,8.2
Kelantan,2022-09-25,26.819444444444443,9,29.13888888888889,84.91666666666667,5.25
Kelantan,2022-09-26,27.055555555555557,8.555555555555555,29.77777777777778,82.93055555555556,7.458333333333333
Kelantan,2022-09-27,27.194444444444443,9,30.02777777777778,86.04166666666667,5.111111111111111
Kelantan,2022-09-28,27.805555555555557,9,30.72222222222222,81.83333333333333,6.541666666666667
Kelantan,2022-09-29,27.208333333333332,8.694444444444445,29.958333333333332,85.54166666666667,5.5
Kelantan,2022-09-30,27.02777777777778,8.75,29.5,87.13888888888889,5.625
Kelantan,2022-10-01,27.083333333333332,8.88888888888889,29.708333333333332,85.125,6.736111111111111
Kelantan,2022-10-02,27.72222222222222,9,30.61111111111111,77.30555555555556,5.902777777777778
Kelantan,2022-10-03,26.27777777777778,7.972222222222222,28.569444444444443,87.61111111111111,7.111111111111111
Kelantan,2022-10-04,25.416666666666668,8.958333333333334,26.805555555555557,91.94444444444444,4.902777777777778
Kelantan,2022-10-05,26.38888888888889,8.708333333333334,28.5,89.5,5.916666666666667
Kelantan,2022-10-06,26.90277777777778,9,29.72222222222222,85.26388888888889,6.305555555555555
Kelantan,2022-10-07,26.23611111111111,9,28.333333333333332,88.63888888888889,5.25
Kelantan,2022-10-08,26.458333333333332,9,28.694444444444443,83.13888888888889,6.486111111111111
Kelantan,2022-10-09,25.805555555555557,8.847222222222221,27.541666666666668,89.43055555555556,4.722222222222222
Kelantan,2022-10-10,26.041666666666668,9,27.930555555555557,85.72222222222223,3.763888888888889
Kelantan,2022-10-11,26.930555555555557,9,29.76388888888889,83.875,8.097222222222221
Kelantan,2022-10-12,27.430555555555557,8.930555555555555,30.458333333333332,83.09722222222223,13.152777777777779
Kelantan,2022-10-13,26.625,8.63888888888889,29.083333333333332,89.04166666666667,6.597222222222222
Kelantan,2022-10-14,27.166666666666668,9,30.083333333333332,83.33333333333333,9.76388888888889
Kelantan,2022-10-15,27.153846153846153,9,30.076923076923077,85.1923076923077,7.961538461538462
Kelantan,2022-10-16,27.02857142857143,9,29.785714285714285,84.55714285714286,6.128571428571429
Kelantan,2022-10-17,27.416666666666668,9,30.833333333333332,82.93055555555556,9.38888888888889
Kelantan,2022-10-18,27.01388888888889,8.680555555555555,29.680555555555557,87.01388888888889,6.541666666666667
Kelantan,2022-10-19,26.59722222222222,8.402777777777779,29.11111111111111,90.875,4.291666666666667
Kelantan,2022-10-20,26.833333333333332,9,29.88888888888889,88.75,4.527777777777778
Kelantan,2022-10-21,27.52777777777778,8.86111111111111,31.09722222222222,86.08333333333333,8.48611111111111
Kelantan,2022-10-22,26.26388888888889,8.26388888888889,28.38888888888889,89.48611111111111,6.791666666666667
Kelantan,2022-10-23,25.930555555555557,8.708333333333334,27.625,90.52777777777777,5.972222222222222
Kelantan,2022-10-24,26.13888888888889,8.777777777777779,28.38888888888889,90.33333333333333,5.125
Kelantan,2022-10-25,26.916666666666668,9,30.055555555555557,90.72222222222223,3.138888888888889
Kelantan,2022-10-26,27.52777777777778,8.75,30.47222222222222,85.58333333333333,7.208333333333333
Kelantan,2022-10-27,25.76388888888889,8.791666666666666,27.34722222222222,92.75,2.9444444444444446
Kelantan,2022-10-28,25.583333333333332,8.694444444444445,27.15277777777778,92.97222222222223,4.944444444444445
Kelantan,2022-10-29,26.22222222222222,8.51388888888889,28.48611111111111,90.75,2.7777777777777777
Kelantan,2022-10-30,27.166666666666668,8.875,30.180555555555557,87.01388888888889,7.263888888888889
Kelantan,2022-10-31,26.36111111111111,8.930555555555555,28.88888888888889,91.34722222222223,5
Kelantan,2022-11-01,26.75,8.88888888888889,29.375,88.38888888888889,6.583333333333333
Kelantan,2022-11-02,26.319444444444443,8.694444444444445,28.59722222222222,88.93055555555556,6.166666666666667
Kelantan,2022-11-03,26.458333333333332,9,28.694444444444443,89.625,5.027777777777778
Kelantan,2022-11-04,26,8.444444444444445,28,93.11111111111111,3.2083333333333335
Kelantan,2022-11-05,26.083333333333332,8.652777777777779,28.208333333333332,92.76388888888889,3.0972222222222223
Kelantan,2022-11-06,26.541666666666668,8.458333333333334,29.208333333333332,90.97222222222223,7.916666666666667
Kelantan,2022-11-07,26.680555555555557,8.972222222222221,29.305555555555557,86.04166666666667,7.180555555555555
Kelantan,2022-11-08,27.208333333333332,9,30.40277777777778,87.11111111111111,3.861111111111111
Kelantan,2022-11-09,27.13888888888889,8.944444444444445,29.90277777777778,84.875,5.111111111111111
Kelantan,2022-11-10,25.930555555555557,8.541666666666666,27.875,93.69444444444444,8.208333333333334
Kelantan,2022-11-11,25.791666666666668,8.26388888888889,27.569444444444443,93.15277777777777,5.416666666666667
Kelantan,2022-11-12,25.53846153846154,7.769230769230769,27.192307692307693,94.3076923076923,1.8846153846153846
Kelantan,2022-11-13,27.02857142857143,9,30.32857142857143,87.22857142857143,6.071428571428571
Kelantan,2022-11-14,27.09722222222222,8.416666666666666,30.458333333333332,89.06944444444444,7.694444444444445
Kelantan,2022-11-15,26.98611111111111,8.805555555555555,30.36111111111111,90.06944444444444,6.097222222222222
Kelantan,2022-11-16,27.375,9,31.069444444444443,86.84722222222223,6.888888888888889
Kelantan,2022-11-17,27.47222222222222,8.958333333333334,31,86.88888888888889,6.555555555555555
Kelantan,2022-11-18,26.75,9,29.583333333333332,89.80555555555556,6.486111111111111
Kelantan,2022-11-19,26.38888888888889,8.902777777777779,28.833333333333332,91.44444444444444,6.527777777777778
Kelantan,2022-11-20,26.958333333333332,9,29.88888888888889,87.11111111111111,12.583333333333334
Kelantan,2022-11-21,27.319444444444443,9,30.15277777777778,84.05555555555556,10.944444444444445
Kelantan,2022-11-22,27.25,9,30.194444444444443,86.29166666666667,5.347222222222222
Kelantan,2022-11-23,26.5,8.51388888888889,28.680555555555557,89.29166666666667,5.222222222222222
Kelantan,2022-11-24,26.305555555555557,8.722222222222221,28.680555555555557,90.88888888888889,3.138888888888889
Kelantan,2022-11-25,26.72222222222222,9,29.77777777777778,87.47222222222223,7.319444444444445
Kelantan,2022-11-26,26.708333333333332,9,29.569444444444443,87.13888888888889,5.041666666666667
Kelantan,2022-11-27,26.73611111111111,9,29.458333333333332,88.01388888888889,4.583333333333333
Kelantan,2022-11-28,27.01388888888889,9,30.083333333333332,85.29166666666667,7.333333333333333
Kelantan,2022-11-29,27.26388888888889,9,30.430555555555557,85.94444444444444,6.194444444444445
Kelantan,2022-11-30,27.52777777777778,9,31.069444444444443,85.79166666666667,5.444444444444445
Kelantan,2022-12-01,26.541666666666668,8.222222222222221,28.430555555555557,87.76388888888889,6.125
Kelantan,2022-12-02,23.875,5.763888888888889,23.875,97.5,1.6388888888888888
Kelantan,2022-12-03,24.291666666666668,7.083333333333333,24.51388888888889,96.69444444444444,0.3333333333333333
Kelantan,2022-12-04,25.5,9,27.27777777777778,93.66666666666667,0.4583333333333333
Kelantan,2022-12-05,25.041666666666668,7.611111111111111,25.59722222222222,97.08333333333333,1.375
Kelantan,2022-12-06,26.63888888888889,8.708333333333334,29.61111111111111,90.5,6.444444444444445
Kelantan,2022-12-07,25.77777777777778,7.708333333333333,27.416666666666668,93.18055555555556,7.194444444444445
Kelantan,2022-12-08,26.01388888888889,8.930555555555555,27.791666666666668,90.44444444444444,8.319444444444445
Kelantan,2022-12-09,24.333333333333332,6.75,24.59722222222222,96.91666666666667,2.638888888888889
Kelantan,2022-12-10,24.666666666666668,8.23611111111111,25.38888888888889,95.79166666666667,2.0833333333333335
Kelantan,2022-12-11,24.48611111111111,6.152777777777778,24.569444444444443,96.29166666666667,5.513888888888889
Kelantan,2022-12-12,26.430555555555557,8.375,28.791666666666668,88.38888888888889,11.26388888888889
Kelantan,2022-12-13,27.5,9,30.666666666666668,80.36111111111111,20.77777777777778
Kelantan,2022-12-14,27.430555555555557,9,30.23611111111111,78,14.583333333333334
Kelantan,2022-12-15,25.5,8.902777777777779,26.76388888888889,90.48611111111111,6.236111111111111
Kelantan,2022-12-16,26.430555555555557,8.916666666666666,29.36111111111111,91.04166666666667,8.444444444444445
Kelantan,2022-12-17,25.041666666666668,7.333333333333333,25.84722222222222,93.55555555555556,11.833333333333334
Kelantan,2022-12-18,24.132075471698112,4.60377358490566,24.62264150943396,95.15094339622641,21
Kelantan,2022-12-19,22.414285714285715,6.057142857142857,22.428571428571427,97.1,3.1142857142857143
Kelantan,2022-12-20,23.875,7.819444444444445,24.430555555555557,95.19444444444444,2.7222222222222223
Kelantan,2022-12-21,26.98611111111111,8.916666666666666,29.944444444444443,85.59722222222223,13.652777777777779
Kelantan,2022-12-22,26,9,27.819444444444443,89.19444444444444,3.1666666666666665
Kelantan,2022-12-23,25.52777777777778,9,26.958333333333332,88.91666666666667,3.4027777777777777
Kelantan,2022-12-24,25.055555555555557,8.833333333333334,26.11111111111111,85.65277777777777,7.958333333333333
Kelantan,2022-12-25,26,9,27.38888888888889,79.83333333333333,10.416666666666666
Kelantan,2022-12-26,25.98611111111111,9,27.51388888888889,80.29166666666667,7.027777777777778
Kelantan,2022-12-27,25.76388888888889,8.86111111111111,27.09722222222222,80.90277777777777,7.791666666666667
Kelantan,2022-12-28,25.61111111111111,8.930555555555555,26.86111111111111,82.36111111111111,7.486111111111111
Kelantan,2022-12-29,25.875,8.930555555555555,27.166666666666668,80.81944444444444,6.263888888888889
Kelantan,2022-12-30,25.27777777777778,9,26.680555555555557,84.54166666666667,5.777777777777778
Kelantan,2022-12-31,25.90277777777778,9,27.40277777777778,83.63888888888889,5.722222222222222
Kuala Lumpur,2022-01-01,25.682156540777232,8.223864258347017,27.423645320197043,92.77624521072796,1.59584017515052
Kuala Lumpur,2022-01-02,25.210212998361552,7.211906062261059,25.12561441835063,94.74735117422173,1.3865101037684326
Kuala Lumpur,2022-01-03,25.80891684901532,7.87308533916849,26.579868708971553,91.6550875273523,1.8635120350109409
Kuala Lumpur,2022-01-04,27.06142857142857,8.373626373626374,29.09065934065934,87.06148351648352,1.9523076923076923
Kuala Lumpur,2022-01-05,27.07593201754386,8.603618421052632,28.82017543859649,86.35751096491228,1.9171052631578946
Kuala Lumpur,2022-01-06,28.131850631521143,9,30.919824272377813,81.37622185612301,1.9337726523887973
Kuala Lumpur,2022-01-07,27.807185957213385,8.749862863411959,31.94075699396599,84.5776193088316,1.98036204059243
Kuala Lumpur,2022-01-08,28.236318681318682,8.979670329670329,33.043956043956044,81.85664835164835,2.621593406593407
Kuala Lumpur,2022-01-09,28.74785949506037,9,32.689352360043905,81.01630076838639,2.2972008781558726
Kuala Lumpur,2022-01-10,28.263631376851343,9,31.982995063082832,81.25809105869446,2.2298409215578716
Kuala Lumpur,2022-01-11,27.855922865013774,8.600550964187327,30.13939393939394,78.84837465564738,1.721818181818182
Kuala Lumpur,2022-01-12,28.398706411698537,9,30.181664791901014,72.70719910011249,2.6227221597300336
Kuala Lumpur,2022-01-13,28.428061504667763,9,30.233937397034598,67.38758923668314,3.2105436573311366
Kuala Lumpur,2022-01-14,28.132581177765548,9,29.968079251513483,66.6757292239956,2.647550908090259
Kuala Lumpur,2022-01-15,28.416139767054908,9,30.547420965058237,68.57981142540211,2.698391569606212
Kuala Lumpur,2022-01-16,28.47628979143798,9,31.358397365532383,74.06130625686059,2.575192096597146
Kuala Lumpur,2022-01-17,27.86809210526316,8.925986842105264,32.358552631578945,80.33322368421052,2.212390350877193
Kuala Lumpur,2022-01-18,27.42966242390703,9,30.272827891532927,79.06635307138905,1.7111787493082458
Kuala Lumpur,2022-01-19,26.592960893854748,8.441340782122905,28.879329608938548,82.38804469273742,2.3101117318435755
Kuala Lumpur,2022-01-20,27.265016501650166,8.288778877887788,29.6006600660066,81.9398789878988,1.8597909790979097
Kuala Lumpur,2022-01-21,27.84961580680571,8.789791437980242,30.649286498353458,79.62354555433589,2.1159165751920965
Kuala Lumpur,2022-01-22,27.10674342105263,8.72313596491228,29.22532894736842,85.38322368421052,2.0157894736842104
Kuala Lumpur,2022-01-23,27.589453340695748,8.557702926559912,30.806184428492546,83.64168967421314,1.9376035339591386
Kuala Lumpur,2022-01-24,26.45711700844391,8.793124246079614,29.82207478890229,88.37255729794934,1.55729794933655
Kuala Lumpur,2022-01-25,26.72095447065277,8.185408667032364,28.74657158529896,87.76352166758092,1.5683488754799781
Kuala Lumpur,2022-01-26,27.3082875960483,8.12788144895719,29.78430296377607,85.54160263446762,1.7772228320526893
Kuala Lumpur,2022-01-27,27.085880908532843,8.558011049723756,29.81767955801105,84.48268876611418,2.068692449355433
Kuala Lumpur,2022-01-28,26.907878787878786,8.708539944903581,30.165289256198346,84.76798898071625,1.954435261707989
Kuala Lumpur,2022-01-29,27.475137211855106,9,31.277716794731063,84.54484083424808,2.4378704720087816
Kuala Lumpur,2022-01-30,27.410043907793632,8.83205268935236,30.424807903402854,87.27403951701427,2.0783205268935236
Kuala Lumpur,2022-01-31,27.30879120879121,8.310989010989012,31.243406593406593,86.91406593406593,1.9295604395604395
Kuala Lumpur,2022-02-01,27.66602422907489,9,31.480176211453745,84.03430616740089,1.581387665198238
Kuala Lumpur,2022-02-02,27.647472527472527,9,30.907692307692308,82.31961538461539,1.7597252747252747
Kuala Lumpur,2022-02-03,28.048601206801976,8.958310477235326,30.61108063631377,80.30532089961602,2.0095447065277017
Kuala Lumpur,2022-02-04,28.361546900713112,9,31.979155238617665,76.92528798683489,3.2608886450905104
Kuala Lumpur,2022-02-05,28.277759472817134,8.916529379461835,31.02361339923119,77.78874244920374,2.939538714991763
Kuala Lumpur,2022-02-06,27.5776875,8.665625,29.159375,81.49275,2.3758125
Kuala Lumpur,2022-02-07,26.71171693735499,8.964037122969838,28.425754060324827,84.52853828306264,2.2662412993039442
Kuala Lumpur,2022-02-08,27.164245810055867,9,30.243715083798882,78.12946927374301,1.979259776536313
Kuala Lumpur,2022-02-09,27.875295755045233,8.933194154488518,29.88935281837161,77.40229645093946,2.3507306889352817
Kuala Lumpur,2022-02-10,25.49128171763175,7.683148991541965,25.939492517892,89.90182173064412,2.107417046193884
Kuala Lumpur,2022-02-11,26.02729641693811,7.646905537459284,27.8071661237785,83.59667752442996,1.8190879478827362
Kuala Lumpur,2022-02-12,26.877640156453715,8.606910039113428,29.29400260756193,77.43852672750978,2.3202086049543675
Kuala Lumpur,2022-02-13,26.99321148825065,8.77088772845953,29.712793733681462,81.96194516971279,2.5653394255874673
Kuala Lumpur,2022-02-14,27.59615635179153,8.747882736156352,31.13485342019544,79.09342019543973,3.0912052117263844
Kuala Lumpur,2022-02-15,28.528487614080834,9,31.986310299869622,74.85775749674055,3.531747066492829
Kuala Lumpur,2022-02-16,29.09593442622951,8.647213114754098,31.16918032786885,71.87134426229508,3.802950819672131
Kuala Lumpur,2022-02-17,28.113320209973754,8.60761154855643,29.183727034120736,71.76141732283465,3.4166666666666665
Kuala Lumpur,2022-02-18,29.349478487614082,9,32.0019556714472,67.83441981747066,3.1373533246414604
Kuala Lumpur,2022-02-19,29.3481384715872,8.540822991508819,31.152188112344874,70.20607446113651,2.606466361854997
Kuala Lumpur,2022-02-20,27.79798045602606,8.605211726384365,31.028664495114008,79.26188925081433,2.7866449511400653
Kuala Lumpur,2022-02-21,26.88227848101266,8.849367088607595,29.801898734177215,83.37892405063292,2.508481012658228
Kuala Lumpur,2022-02-22,26.739956092206366,9,30.437431394072448,83.43863885839737,2.26218441273326
Kuala Lumpur,2022-02-23,27.233843630399125,8.314379442318206,30.18808091853472,83.63499179879716,2.490814652815746
Kuala Lumpur,2022-02-24,25.38232711306257,8.28046103183315,27.519758507135016,91.98111964873765,1.7335345773874862
Kuala Lumpur,2022-02-25,26.522008781558725,8.479692645444567,28.50548847420417,87.11690450054884,2.07371020856202
Kuala Lumpur,2022-02-26,25.743822075782536,8.979681493684788,28.800109829763866,90.58890719384954,1.8030203185063152
Kuala Lumpur,2022-02-27,26.191148982957667,8.48982957669049,28.316657504123146,89.81858163826278,1.791918636613524
Kuala Lumpur,2022-02-28,29.21372872048325,8.979132344865459,31.12465678198792,74.1881933003844,4.438605161998901
Kuala Lumpur,2022-03-01,27.570813064628215,8.978457261987492,29.507296733842946,83.2593467685893,2.5307157748436415
Kuala Lumpur,2022-03-02,27.64116006692694,9,31.314556609035137,82.78103736754043,2.2633017289459008
Kuala Lumpur,2022-03-03,27.050575342465752,8.254794520547945,29.95123287671233,85.67967123287671,2.202958904109589
Kuala Lumpur,2022-03-04,26.693897746014294,7.9411764705882355,29.194062671797692,89.68894997251238,2.0462341946124245
Kuala Lumpur,2022-03-05,25.404845814977975,8.657488986784141,26.986784140969164,92.96541850220264,1.7934471365638767
Kuala Lumpur,2022-03-06,26.209467821782177,8.794554455445544,27.399133663366335,88.82623762376238,1.706621287128713
Kuala Lumpur,2022-03-07,26.062830060934328,9,28.73798239675017,91.34123222748815,2.4942450914014893
Kuala Lumpur,2022-03-08,26.27625344352617,8.451790633608816,29.184022038567495,89.84402203856749,1.913168044077135
Kuala Lumpur,2022-03-09,27.88676227247656,8.916161059018203,32.12686155543298,84.69150579150579,1.6651406508549367
Kuala Lumpur,2022-03-10,28.00762479429512,8.816785518376303,31.611629182665936,83.74662643993418,2.4277015907844213
Kuala Lumpur,2022-03-11,28.269916897506924,9,32.98448753462604,85.56626038781164,2.2467036011080332
Kuala Lumpur,2022-03-12,28.235274725274724,8.95934065934066,32.16593406593407,84.33741758241759,1.912967032967033
Kuala Lumpur,2022-03-13,28.679967069154774,8.166849615806806,33.060373216245885,82.34994511525795,1.8436333699231613
Kuala Lumpur,2022-03-14,28.86201209455745,8.560197910940078,33.74106652006597,83.81880153930732,2.2914238592633316
Kuala Lumpur,2022-03-15,28.013798790544254,8.847718526663002,31.318306761957118,85.39730621220451,2.2141836173721825
Kuala Lumpur,2022-03-16,27.55678059536935,8.729327453142227,31.421719955898567,85.86857772877619,2.0884233737596474
Kuala Lumpur,2022-03-17,27.330351262349065,8.895718990120747,31.979692645444565,88.16888035126235,2.2117453347969263
Kuala Lumpur,2022-03-18,28.175398132894014,8.364085667215816,30.68643602416255,83.10395387149917,2.7636463481603513
Kuala Lumpur,2022-03-19,30.031032547699215,9,33.28338945005612,71.73148148148148,2.5097081930415266
Kuala Lumpur,2022-03-20,30.101100110011,9,34.24202420242024,74.71094609460945,2.615841584158416
Kuala Lumpur,2022-03-21,29.9903951701427,9,32.70856201975851,75.23117453347969,2.168880351262349
Kuala Lumpur,2022-03-22,29.086545853926413,9,34.540911587040085,79.92355848434926,2.057166392092257
Kuala Lumpur,2022-03-23,29.81069004524887,8.788461538461538,34.331447963800905,75.51532805429865,2.2233031674208146
Kuala Lumpur,2022-03-24,29.30104510451045,8.918041804180419,33.367986798679866,77.63371837183719,2.449009900990099
Kuala Lumpur,2022-03-25,28.70781163434903,8.727423822714682,33.87423822714681,80.58337950138504,2.145872576177285
Kuala Lumpur,2022-03-26,28.929834254143646,8.833701657458564,34.21767955801105,80.22165745856354,1.9114364640883978
Kuala Lumpur,2022-03-27,29.718767198679142,8.603192074848652,34.59383599339571,76.18442487616952,2.362080352228949
Kuala Lumpur,2022-03-28,30.69061085972851,9,36.088235294117645,72.92483031674207,2.921945701357466
Kuala Lumpur,2022-03-29,28.040904079382578,8.899117971334068,32.326350606394705,82.53654906284454,2.433020948180816
Kuala Lumpur,2022-03-30,27.862222222222222,9,33.10769230769231,83.87720797720797,1.9338461538461538
Kuala Lumpur,2022-03-31,28.316494845360825,8.804123711340207,31.412371134020617,76.0659793814433,8.311340206185568
Kuala Lumpur,2022-04-01,29.59708951125755,9,33.5831960461285,75.56650192202086,2.254310818231741
Kuala Lumpur,2022-04-02,29.685282811641954,9,33.480505216913784,76.75980230642504,2.446952224052718
Kuala Lumpur,2022-04-03,28.535549295774647,9,31.36056338028169,78.58681690140845,2.3525070422535213
Kuala Lumpur,2022-04-04,28.904122766834632,9,32.57306459001374,77.9816307833257,1.8253779202931746
Kuala Lumpur,2022-04-05,27.717983193277313,8.834453781512606,30.0890756302521,80.40176470588236,1.4438235294117647
Kuala Lumpur,2022-04-06,28.602170283806345,8.604340567612688,31.812186978297163,75.86928213689482,1.9100584307178632
Kuala Lumpur,2022-04-07,27.461421960454356,8.633992427429533,29.387042490534288,82.82519983172065,1.3852334875893983
Kuala Lumpur,2022-04-08,28.069246949936897,8.75010517458982,31.05973916701725,80.97719814892722,1.6002524190155658
Kuala Lumpur,2022-04-09,28.02457698815567,8.478426395939087,30.128595600676817,82.44919627749577,1.6769458544839255
Kuala Lumpur,2022-04-10,28.595622895622895,9,32.21254208754209,79.6125,1.639057239057239
Kuala Lumpur,2022-04-11,27.51979865771812,8.706375838926174,31.934563758389263,84.04991610738254,1.1440436241610739
Kuala Lumpur,2022-04-12,28.610353535353536,8.895622895622896,32.897306397306394,79.03585858585859,1.4601430976430976
Kuala Lumpur,2022-04-13,27.96251221896383,8.588465298142717,32.14565004887586,82.4430596285435,1.5074780058651027
Kuala Lumpur,2022-04-14,29.103190914007573,7.93401838831801,32.24445646295295,80.53082747431044,2.1708491076257435
Kuala Lumpur,2022-04-15,29.113280268118977,8.520318391286134,32.67029744449099,80.93083368244659,1.9373271889400923
Kuala Lumpur,2022-04-16,29.29678510998308,8.513959390862944,33.6336717428088,81.04238578680203,1.7622250423011845
Kuala Lumpur,2022-04-17,28.33599498327759,8.668060200668897,32.21279264214047,84.97148829431438,1.6408444816053511
Kuala Lumpur,2022-04-18,28.887405541561712,6.593618807724601,30.12174643157011,81.62502099076407,2.0040722082283797
Kuala Lumpur,2022-04-19,28.906661045531198,6.681281618887015,30.71290050590219,80.88617200674537,1.8550168634064081
Kuala Lumpur,2022-04-20,28.308883248730965,7.489424703891709,29.806260575296108,82.51717428087987,1.8560490693739424
Kuala Lumpur,2022-04-21,28.135537583254045,8.25071360608944,28.94719314938154,83.59224548049477,1.9807326355851569
Kuala Lumpur,2022-04-22,29.12717345653087,9,33.39857202855943,80.01289374212516,1.8010079798404033
Kuala Lumpur,2022-04-23,29.684388185654008,8.852320675105485,33.754008438818566,75.76763713080169,1.8495358649789029
Kuala Lumpur,2022-04-24,29.617857142857144,9,32.72789115646258,77.92431972789116,1.5401785714285714
Kuala Lumpur,2022-04-25,28.255620805369126,8.916946308724832,31.58221476510067,82.90151006711409,1.2948825503355705
Kuala Lumpur,2022-04-26,29.631936479929422,9,32.83767093074548,78.42770180855757,1.1935597706219674
Kuala Lumpur,2022-04-27,29.653583293782628,8.424774560987185,33.21689606074988,80.27565258661605,1.4678690080683436
Kuala Lumpur,2022-04-28,29.668741024413595,8.569171852561034,33.573001436093826,82.14657730971757,1.2915270464337003
Kuala Lumpur,2022-04-29,29.83511818620357,8.302942595272551,34.1365171249397,79.88581765557163,1.5267727930535455
Kuala Lumpur,2022-04-30,30.104536585365853,8.634634146341464,34.52926829268293,78.49180487804878,1.0551707317073171
Kuala Lumpur,2022-05-01,29.244800394282898,8.8058156727451955,32.14539181862987,83.07905372104484,1.1592902907836373
Kuala Lumpur,2022-05-02,29.28379421221865,8.42700964630225,32,80.82887459807074,0.5432154340836013
Kuala Lumpur,2022-05-03,29.83712671509282,8.096045197740112,30.112994350282484,79.62025827280064,0.618321226795803
Kuala Lumpur,2022-05-04,30.639886271324126,8.642567018683996,32.375304630381805,77.82087733549959,0.5187652315190902
Kuala Lumpur,2022-05-05,31.379742765273313,9,34.13906752411575,75.72516077170418,0.9483118971061093
Kuala Lumpur,2022-05-06,31.44454253611557,9,32.83065810593901,75.3145264847512,1.2279293739967898
Kuala Lumpur,2022-05-07,30.589150606709495,8.596002855103498,31.935046395431833,76.55938615274803,1.6922198429693076
Kuala Lumpur,2022-05-08,29.98001104362231,8.600773053561568,31.569298729983434,78.08106018774158,1.452733296521259
Kuala Lumpur,2022-05-09,30.328579295154185,9,34.86674008810573,78.71349118942732,1.1226872246696036
Kuala Lumpur,2022-05-10,31.464644236072807,9,35.27357970215113,73.57644787644787,1.1198565912851628
Kuala Lumpur,2022-05-11,29.037486800422386,9,32.98838437170011,78.58057022175291,1.4007391763463568
Kuala Lumpur,2022-05-12,27.81635581061693,8.894308943089431,35.66092778574845,78.20588235294117,1.357532281205165
Kuala Lumpur,2022-05-13,28.88831318364997,8.886586067933218,33.238917674150834,64.57115716753023,1.7303396660909613
Kuala Lumpur,2022-05-14,28.508912188728704,8.441677588466579,34.94888597640891,68.69521625163827,1.9494102228047183
Kuala Lumpur,2022-05-15,28.42815153494448,9,34.93337687785761,69.79529719137818,1.487981711299804
Kuala Lumpur,2022-05-16,26.49686069326357,7.805101373446697,27.746239372138653,71.68992805755396,2.293394375408764
Kuala Lumpur,2022-05-17,27.450514347590687,9,32.179750947482404,63.26594477531132,1.4499729290741743
Kuala Lumpur,2022-05-18,27.5656050955414,9,33.6859382655561,74.96442920137187,1.3074963253307201
Kuala Lumpur,2022-05-19,26.741533236293062,8.93740902474527,32.25958272683164,76.69723435225619,1.3023774866569626
Kuala Lumpur,2022-05-20,27.994891944990176,8.49803536345776,34.76326129666012,72.49253438113949,1.4459724950884087
Kuala Lumpur,2022-05-21,28.136785539814362,8.684904738641915,34.26331216414265,69.56272594040058,1.6666340986809967
Kuala Lumpur,2022-05-22,27.878450363196126,8.8513317191283285,32.61452784503632,70.91530266343825,1.5529782082324455
Kuala Lumpur,2022-05-23,27.057942152678994,9,34.133238501659555,77.49672830725463,1.350213371266003
Kuala Lumpur,2022-05-24,26.984238095238094,8.936666666666667,33.05809523809524,78.14038095238095,1.4136666666666666
Kuala Lumpur,2022-05-25,24.209069097888676,7.883397312859885,26.337332053742802,86.55508637236085,1.385028790786948
Kuala Lumpur,2022-05-26,25.78103364212579,8.893222818137493,30.523647001462702,77.07684056557777,1.2238907849829352
Kuala Lumpur,2022-05-27,26.479665071770334,8.497607655502392,33.39856459330144,78.04143540669857,1.5213397129186603
Kuala Lumpur,2022-05-28,26.85503421309873,9,31.98435972629521,77.8708211143695,1.2541544477028348
Kuala Lumpur,2022-05-29,28.26597789524267,8.938971648246035,33.643440653531954,74.56376741950984,1.3224411340701585
Kuala Lumpur,2022-05-30,27.93042850264805,8.936928261916226,33.70341839191141,69.57843042850264,1.3909003370245547
Kuala Lumpur,2022-05-31,27.962794191286932,9,33.680020030045064,69.9242363545318,1.5911867801702553
Kuala Lumpur,2022-06-01,27.81142857142857,8.97704081632653,34.249489795918365,72.32632653061225,1.5390816326530612
Kuala Lumpur,2022-06-02,26.967755102040815,9,31.775510204081634,83.93163265306123,1.6055102040816327
Kuala Lumpur,2022-06-03,26.71820212171971,8.694584031267448,32.20770519262982,72.10887772194305,1.135399218313791
Kuala Lumpur,2022-06-04,26.59937238493724,8.377615062761507,30.809100418410043,73.98206066945606,1.3976987447698745
Kuala Lumpur,2022-06-05,25.952282768777614,8.936671575846834,29.249877270495826,79.69401080019637,1.3017182130584193
Kuala Lumpur,2022-06-06,26.879760765550238,8.894736842105264,32.27607655502392,76.15291866028709,1.4767464114832536
Kuala Lumpur,2022-06-07,26.3023143683703,8.942140790742526,32.31533269045323,77.49884281581485,1.2311957569913212
Kuala Lumpur,2022-06-08,25.791312649164677,7.34653937947494,30.413365155131263,77.81498806682578,1.1435322195704056
Kuala Lumpur,2022-06-09,24.967602283539485,8.571360608943863,30.516650808753568,82.42811607992388,1.34790675547098
Kuala Lumpur,2022-06-10,25.75722460658083,8.876013352408203,31.350023843586076,78.56318550309966,1.3939914163090128
Kuala Lumpur,2022-06-11,25.01670621737067,8.358803986710964,28.483626008542952,87.47513051732321,1.3132890365448504
Kuala Lumpur,2022-06-12,26.439981006647674,8.937796771130104,29.58784425451092,81.57350427350427,1.2812915479582145
Kuala Lumpur,2022-06-13,26.26043583535109,8.897820823244553,30.871670702179177,81.9482808716707,1.184309927360775
Kuala Lumpur,2022-06-14,26.944791666666667,8.413377192982455,28.902412280701753,80.83251096491227,0.7897478070175439
Kuala Lumpur,2022-06-15,27.05075431034483,8.70635775862069,28.313577586206897,81.8869073275862,0.957489224137931
Kuala Lumpur,2022-06-16,28.021860019175456,8.978906999041227,31.165388302972197,77.06984659635667,1.4433365292425695
Kuala Lumpur,2022-06-17,27.263365384615383,8.3375,29.713942307692307,83.56423076923078,1.2159615384615385
Kuala Lumpur,2022-06-18,27.396455576559546,7.955103969754253,29.119565217391305,81.4030718336484,1.2710302457466918
Kuala Lumpur,2022-06-19,27.581892021022455,8.771141901576684,30.447682752030577,78.2403248924988,1.2901098901098902
Kuala Lumpur,2022-06-20,26.719550669216062,8.853250478011473,29.337476099426386,78.27280114722754,1.3175430210325048
Kuala Lumpur,2022-06-21,26.83020329138432,8.850435624394967,31.028557599225557,75.37836398838336,1.0638431752178121
Kuala Lumpur,2022-06-22,26.30189933523267,8.183285849952517,29.045109211775877,77.11115859449193,1.413960113960114
Kuala Lumpur,2022-06-23,27.085994263862332,8.771032504780115,29.396271510516254,78.9201242829828,1.6989483747609944
Kuala Lumpur,2022-06-24,26.253838678328474,8.29251700680272,29.514091350826046,88.18926141885325,1.7526239067055394
Kuala Lumpur,2022-06-25,28.12623031496063,8.978838582677165,30.105314960629922,78.17883858267716,2.0915846456692915
Kuala Lumpur,2022-06-26,28.687362637362636,8.978021978021978,31.944055944055943,77.42382617382617,2.1046953046953045
Kuala Lumpur,2022-06-27,29.708153241650294,8.402259332023576,31.76277013752456,71.23050098231828,2.5742141453831042
Kuala Lumpur,2022-06-28,28.85062656641604,8.955388471177946,31.425563909774436,75.8098245614035,2.3430576441102757
Kuala Lumpur,2022-06-29,28.5606222654351,9,32.67622751579971,78.68915896937287,2.3351482741857073
Kuala Lumpur,2022-06-30,27.371134020618555,8.793814432989691,29.628865979381445,79.10309278350516,3.5051546391752577
Kuala Lumpur,2022-07-01,28.99715525554484,9,30.654773384763743,70.39686595949856,2.401446480231437
Kuala Lumpur,2022-07-02,29.137263257575757,8.833333333333334,32.03977272727273,71.83484848484848,2.739488636363636
Kuala Lumpur,2022-07-03,29.50243427458617,8.060856864654333,32.66066212268744,72.9201071080818,2.6344693281402143
Kuala Lumpur,2022-07-04,29.887734806629833,8.935359116022099,32.610497237569064,68.59801104972375,1.2793370165745857
Kuala Lumpur,2022-07-05,30.103026706231454,8.925222551928783,33.20949554896143,71.31317507418397,1.8487240356083086
Kuala Lumpur,2022-07-06,27.440889730241363,8.833885470894463,29.839091339327968,83.41921438712731,2.5910080454330338
Kuala Lumpur,2022-07-07,28.63911596958175,8.916349809885931,31.869771863117872,77.07461977186311,2.4406844106463876
Kuala Lumpur,2022-07-08,29.17911877394636,9,33.008141762452105,73.54377394636015,2.6870689655172413
Kuala Lumpur,2022-07-09,30.128523489932885,9,32.84276126558006,67.30239693192713,2.765052732502397
Kuala Lumpur,2022-07-10,28.52684659090909,9,32.58096590909091,75.32443181818182,2.450189393939394
Kuala Lumpur,2022-07-11,27.719952606635072,9,32.33507109004739,82.04876777251185,1.74
Kuala Lumpur,2022-07-12,26.574807903402853,9,29.75356750823271,84.91586169045006,1.0783205268935236
Kuala Lumpur,2022-07-13,27.98039436619718,9,31.292394366197183,77.96033802816902,1.3937464788732394
Kuala Lumpur,2022-07-14,28.88186553030303,8.895359848484848,32.354166666666664,77.87850378787878,1.6481534090909091
Kuala Lumpur,2022-07-15,28.53776620918126,7.790818741126361,32.5390440132513,79.50828206341694,1.7148603880738287
Kuala Lumpur,2022-07-16,28.841520190023754,8.790973871733966,32.66270783847981,76.35467933491687,2.03833729216152
Kuala Lumpur,2022-07-17,29.990485252140818,9,34.22169362511893,72.68058991436727,1.850475737392959
Kuala Lumpur,2022-07-18,29.572480988593156,9,35.21102661596958,78.03022813688213,1.5177756653992396
Kuala Lumpur,2022-07-19,28.248635710866445,7.867400670177118,30.890856869315463,82.74715174724749,1.845428434657731
Kuala Lumpur,2022-07-20,28.442802850356294,8.936817102137768,31.17814726840855,79.70703087885985,2.1814726840855108
Kuala Lumpur,2022-07-21,28.846500479386386,8.119846596356663,31.90124640460211,76.56160115052732,1.7334132310642378
Kuala Lumpur,2022-07-22,28.232822966507175,8.265071770334929,31.84641148325359,79.39497607655503,2.4814832535885167
Kuala Lumpur,2022-07-23,26.88563245823389,8.500238663484486,29.3708830548926,85.52238663484486,2.063341288782816
Kuala Lumpur,2022-07-24,26.54062947067239,7.998569384835479,29.412017167381975,89.21821649976157,1.9841201716738197
Kuala Lumpur,2022-07-25,27.02032212221696,8.442918048318333,29.149692089057318,85.66556134533397,1.8148744670772146
Kuala Lumpur,2022-07-26,28.717521367521368,8.916429249762583,31.899335232668566,77.1343779677113,2.288746438746439
Kuala Lumpur,2022-07-27,27.05589792970631,8.694752046220511,30.584015406836784,85.15060182956186,2.159220028887819
Kuala Lumpur,2022-07-28,27.24058935361217,8.386882129277566,31.30038022813688,84.12490494296578,2.288450570342205
Kuala Lumpur,2022-07-29,27.027556818181818,8.675189393939394,29.98816287878788,82.40980113636364,2.327651515151515
Kuala Lumpur,2022-07-30,28.713709677419356,9,31.594876660341555,75.95256166982922,2.3338709677419356
Kuala Lumpur,2022-07-31,28.316271347248577,9,32.313092979127134,79.95630929791271,2.4234345351043642
Kuala Lumpur,2022-08-01,28.85261288685946,8.873668188736682,32.22983257229833,75.58731608320649,1.7279046169457128
Kuala Lumpur,2022-08-02,27.592089057318805,8.760776882993841,29.554239696826148,80.54566556134533,2.811369019422075
Kuala Lumpur,2022-08-03,26.714522232734154,8.58088930936613,28.726111636707664,84.81929990539263,1.6020340586565751
Kuala Lumpur,2022-08-04,27.045411542100283,8.179754020813624,28.621097445600757,82.32781456953643,1.9719489120151372
Kuala Lumpur,2022-08-05,26.945549242424242,8.937026515151516,30.83191287878788,82.32954545454545,1.4924242424242424
Kuala Lumpur,2022-08-06,28.173871733966745,9,30.884085510688838,73.25330166270784,1.4292636579572446
Kuala Lumpur,2022-08-07,29.27824644549763,9,31.165876777251185,70.85758293838863,3.5455924170616115
Kuala Lumpur,2022-08-08,28.2420255560814,8.532418362517747,31.261239943208707,77.93823946994794,2.9397065783246568
Kuala Lumpur,2022-08-09,28.970845204178538,8.376068376068377,31.73741690408357,73.39183285849953,2.558167141500475
Kuala Lumpur,2022-08-10,28.605868433506863,8.604353999053478,31.45764316138192,76.08902035021296,2.830619971604354
Kuala Lumpur,2022-08-11,29.569048745858968,8.65688594415523,33.87269285376242,73.40525319451018,2.8928064363464268
Kuala Lumpur,2022-08-12,28.732559241706163,8.917535545023696,33.90710900473934,76.91331753554502,2.3554976303317536
Kuala Lumpur,2022-08-13,29.078382213812677,8.204351939451277,30.929517502365183,72.16655629139073,2.9220435193945127
Kuala Lumpur,2022-08-14,28.07411263606247,8.958353052531946,32.39943208707998,79.20099384761004,2.0689067676289636
Kuala Lumpur,2022-08-15,28.446761904761903,8.645238095238096,30.787619047619046,77.8587619047619,1.7494761904761904
Kuala Lumpur,2022-08-16,28.581921979067555,8.530447193149381,30.417697431018077,77.07645099904852,1.8857754519505232
Kuala Lumpur,2022-08-17,27.932262703739212,8.03451581975072,31.912272291466923,82.3705656759348,1.6449664429530202
Kuala Lumpur,2022-08-18,28.37403156384505,8.60879961740794,31.08799617407939,77.45781922525107,2.4612625538020088
Kuala Lumpur,2022-08-19,28.543230403800475,9,31.810451306413302,76.958432304038,2.2880760095011876
Kuala Lumpur,2022-08-20,26.364465558194773,8.122565320665084,29.700712589073635,87.2083135391924,2.0059857482185275
Kuala Lumpur,2022-08-21,26.137595057034222,8.060361216730039,27.522813688212928,85.24287072243347,1.3482414448669202
Kuala Lumpur,2022-08-22,27.44463249516441,8.4497098646034825,30.274177949709866,79.95314313346228,1.9690038684719535
Kuala Lumpur,2022-08-23,26.214591633466135,9,29.592131474103585,85.81787848605578,2.0127490039840636
Kuala Lumpur,2022-08-24,27.997892624184647,9,31.141495233316608,78.420070245860515,2.076116407425991
Kuala Lumpur,2022-08-25,27.466977509599563,8.45035655512891,31.6006582556226,83.82183214481624,2.6494788809654417
Kuala Lumpur,2022-08-26,26.239978034047226,8.892366831411312,27.894014277869303,84.39538714991762,2.5912136188907193
Kuala Lumpur,2022-08-27,26.536283672347444,8.322704782847719,29.91258933479934,84.60516767454645,2.3158878504672895
Kuala Lumpur,2022-08-28,25.72278215223097,7.775853018372703,26.87979002624672,88.24540682414698,1.860262467191601
Kuala Lumpur,2022-08-29,26.247266223811955,8.509964230965764,28.562595809913134,86.79545222278999,2.057230454777721
Kuala Lumpur,2022-08-30,27.96763584366063,8.75023832221163,30.379408960915157,80.83517635843661,1.7409914204003814
Kuala Lumpur,2022-08-31,27.52444127436995,9,32.445553970518304,84.04835948644794,1.5245363766048503
Kuala Lumpur,2022-09-01,27.331068883610453,8.91686460807601,31.481235154394298,84.55643705463183,1.6073159144893112
Kuala Lumpur,2022-09-02,27.622735938989514,9,31.432793136320306,82.20009532888466,2.4641563393708292
Kuala Lumpur,2022-09-03,27.64232049453162,9,31.279125059438897,80.03670946267238,1.55962910128388
Kuala Lumpur,2022-09-04,29.110071258907364,9,31.85748218527316,73.21895486935867,1.9784323040380047
Kuala Lumpur,2022-09-05,28.852636579572447,9,32.73396674584323,76.8009026128266,1.7613301662707839
Kuala Lumpur,2022-09-06,27.75150071462601,8.917103382563125,31.23201524535493,82.91348261076703,1.7343496903287279
Kuala Lumpur,2022-09-07,27.412961210974455,8.293282876064334,28.921475875118258,80.84087038789025,1.8240302743614
Kuala Lumpur,2022-09-08,28.532856461611825,8.729136862184072,30.571292322365284,75.30157367668097,2.0028612303290414
Kuala Lumpur,2022-09-09,26.41331122690668,8.812411179535765,29.998105163429653,89.82306963524395,1.592515395547134
Kuala Lumpur,2022-09-10,27.487636191378492,8.937944102321175,31.622927522501183,82.40123164377073,1.553008053055424
Kuala Lumpur,2022-09-11,26.52336956521739,8.7598814229249,28.295454545454547,85.2800395256917,1.6510869565217392
Kuala Lumpur,2022-09-12,28.413703176861073,8.061640587956378,29.9706021811285,73.63494547178757,2.140872451398767
Kuala Lumpur,2022-09-13,27.878645833333334,9,29.942708333333332,76.29701704545455,2.5069128787878787
Kuala Lumpur,2022-09-14,28.185037878787877,9,28.834280303030305,71.51946022727273,2.4046401515151516
Kuala Lumpur,2022-09-15,27.894936109796497,9,31.35068622811169,79.12063416942735,1.8322763842877425
Kuala Lumpur,2022-09-16,27.086555819477436,8.853681710213777,30.91163895486936,83.77220902612827,1.6109263657957245
Kuala Lumpur,2022-09-17,25.555750950570342,7.96245247148289,26.477186311787072,88.36734790874524,1.5921577946768062
Kuala Lumpur,2022-09-18,25.39208770257388,7.86510962821735,26.613441372735938,86.56163012392754,2.003622497616778
Kuala Lumpur,2022-09-19,28.13777883246322,9,30.31703844328429,75.31737066919791,1.7459420977693403
Kuala Lumpur,2022-09-20,28.108770257387988,9,28.871782650142993,75.51267874165872,2.4965204957102003
Kuala Lumpur,2022-09-21,27.532779097387174,8.750118764845606,28.420902612826602,80.9828028503563,2.06541567695962
Kuala Lumpur,2022-09-22,25.693984962406017,8.100751879699247,26.09624060150376,89.8996992481203,1.5733834586466164
Kuala Lumpur,2022-09-23,27.75837366892546,9,30.016940948693126,80.3091481122943,1.5952565343659244
Kuala Lumpur,2022-09-24,27.645809523809525,7.941904761904762,29.15714285714286,79.03033333333333,2.301047619047619
Kuala Lumpur,2022-09-25,26.454632282712513,8.09789875835721,27.691021967526265,83.303629417383,2.00549188156638
Kuala Lumpur,2022-09-26,28.95658143939394,9,31.304450757575758,73.99280303030304,2.3114583333333334
Kuala Lumpur,2022-09-27,27.494694457603032,8.644244433917574,29.202273803884417,78.8407863571767,2.3324964471814305
Kuala Lumpur,2022-09-28,26.851678486997635,8.706855791962175,30.373995271867614,83.34378250591017,1.790354609929078
Kuala Lumpur,2022-09-29,28.55909090909091,9,30.874526515151516,74.17703598484849,1.9828125
Kuala Lumpur,2022-09-30,27.853926206244086,8.748344370860927,31.144276253547776,79.21759697256385,1.9077105014191107
Kuala Lumpur,2022-10-01,27.48851063829787,8.668085106382978,30.106382978723403,83.47706855791962,2.3582033096926716
Kuala Lumpur,2022-10-02,27.44632911392405,8.94481012658228,29.954430379746835,78.5233417721519,1.8296708860759494
Kuala Lumpur,2022-10-03,27.627158098933073,8.72211445198836,30.732298739088264,81.66062075654705,2.5772550921435498
Kuala Lumpur,2022-10-04,26.81217432496447,8.914732354334438,29.831359545239224,86.12074846044528,1.7203694931312175
Kuala Lumpur,2022-10-05,27.030927835051546,8.56701030927835,29.371134020618555,84.29896907216495,2.5463917525773194
Kuala Lumpur,2022-10-06,28.156418758882047,9,29.376125059213642,77.26513500710564,2.6615821885362387
Kuala Lumpur,2022-10-07,25.993204341670598,8.319018404907975,26.947616800377535,85.77942425672487,1.99806512505899
Kuala Lumpur,2022-10-08,26.69962121212121,8.958333333333334,28.33096590909091,82.45482954545454,1.6040246212121212
Kuala Lumpur,2022-10-09,26.698722195929957,8.51159488878372,28.024136299100803,81.50407004259347,1.7772834831992428
Kuala Lumpur,2022-10-10,27.188873106060605,8.854166666666666,28.744318181818183,78.17750946969697,1.6682291666666667
Kuala Lumpur,2022-10-11,26.95648060548723,8.385998107852412,29.128666035950804,82.8143330179754,1.5903027436140018
Kuala Lumpur,2022-10-12,26.021371158392434,7.578250591016548,26.91016548463357,85.12572104018912,2.0219858156028367
Kuala Lumpur,2022-10-13,27.651797540208136,8.660832544938506,29.454588457899717,78.8143330179754,2.383774834437086
Kuala Lumpur,2022-10-14,27.577236157122574,8.97870326549929,29.944628490298154,78.75920492191197,2.479697113109323
Kuala Lumpur,2022-10-15,27.431543299467826,9,31.225447508466377,80.74987905176584,2.103096274794388
Kuala Lumpur,2022-10-16,28.064600094652153,8.598201609086606,28.988641741599622,77.89171793658306,2.2560340747752012
Kuala Lumpur,2022-10-17,27.626786559394226,9,30.77756743965925,82.85177472787505,1.772266919072409
Kuala Lumpur,2022-10-18,27.30115163147793,8.356525911708253,29.794145873320538,86.06967370441458,1.5579174664107485
Kuala Lumpur,2022-10-19,28.572809095215536,7.439128375177641,32.41639033633349,78.57489341544292,1.853529133112269
Kuala Lumpur,2022-10-20,29.0942654028436,9,32.4957345971564,73.67379146919431,1.9341232227488152
Kuala Lumpur,2022-10-21,28.6159488878372,8.899668717463323,31.878371982962612,77.41831519167062,2.428253667770942
Kuala Lumpur,2022-10-22,27.619498343587317,8.645527685754852,30.06010411736867,82.07870326549929,2.4188357785139614
Kuala Lumpur,2022-10-23,27.22719962157048,8.813623462630085,29.13434247871334,84.74966887417219,1.848155156102176
Kuala Lumpur,2022-10-24,26.565168007572172,7.932323710364411,28.39138665404638,86.94136299100805,1.9123047799337436
Kuala Lumpur,2022-10-25,26.6356669820246,8.750709555345317,28.21523178807947,86.07421948912015,2.356102175969726
Kuala Lumpur,2022-10-26,26.156548463356973,8.156501182033097,27.432151300236406,87.6496926713948,2.0909219858156027
Kuala Lumpur,2022-10-27,26.62366600790514,8.890810276679842,28.98517786561265,85.7935276679842,2.178013833992095
Kuala Lumpur,2022-10-28,26.971367723615714,8.101751064836725,29.244675816374823,86.1153336488405,1.9194983435873165
Kuala Lumpur,2022-10-29,27.757972394098047,8.581151832460733,30.47310804378867,82.6707758210376,2.030890052356021
Kuala Lumpur,2022-10-30,28.494487377640393,8.134466769706338,30.107676455435342,79.57047913446677,1.9065945388974754
Kuala Lumpur,2022-10-31,27.024017053529132,7.5869256276646135,28.028422548555188,84.04680246328755,1.8594504973945998
Kuala Lumpur,2022-11-01,28.432717803030304,9,31.582859848484848,79.24171401515152,1.9472064393939394
Kuala Lumpur,2022-11-02,26.861323877068557,8.605200945626478,28.927186761229315,86.04302600472813,1.7607565011820332
Kuala Lumpur,2022-11-03,27.848460445286594,8.979156797726196,31.05731880625296,81.94538133585978,1.6478446234012316
Kuala Lumpur,2022-11-04,26.787227414330218,8.66251298026999,30.730529595015575,88.31105919003116,1.0482866043613708
Kuala Lumpur,2022-11-05,27.533534577387485,7.9390779363337,29.978046103183313,83.48024149286498,1.1284851811196488
Kuala Lumpur,2022-11-06,27.182372322899507,8.352553542009884,29.985722130697418,83.35200439319055,1.0528281164195497
Kuala Lumpur,2022-11-07,27.504795737122556,8.90704558910598,30.915926583777384,83.06998223801065,1.492421551213736
Kuala Lumpur,2022-11-08,26.734939759036145,8.180175246440307,29.4052573932092,85.61018619934282,1.1735487404162104
Kuala Lumpur,2022-11-09,26.635070575461455,7.61400651465798,28.009771986970684,87.32453854505972,1.011129207383279
Kuala Lumpur,2022-11-10,26.310932323710364,8.26360624704212,27.384287742546142,89.31381921438712,1.5872692853762422
Kuala Lumpur,2022-11-11,25.700047258979207,7.985349716446125,27.465973534971646,92.49886578449906,1.435680529300567
Kuala Lumpur,2022-11-12,25.612342079689018,7.837220602526725,27,93.26793002915451,1.1125364431486882
Kuala Lumpur,2022-11-13,26.051041666666666,6.793560606060606,28.60653409090909,91.09644886363637,1.1501420454545455
Kuala Lumpur,2022-11-14,27.064997569275643,7.811861934856587,28.792416140009724,87.83932912007778,1.576762275157997
Kuala Lumpur,2022-11-15,27.702462121212122,7.934185606060606,29.903882575757574,82.64801136363636,1.6243844696969696
Kuala Lumpur,2022-11-16,28.913352272727273,8.803030303030303,31.957386363636363,78.3890625,2.1756155303030305
Kuala Lumpur,2022-11-17,27.11867298578199,7.8189573459715636,28.95118483412322,83.73369668246445,2.2690521327014217
Kuala Lumpur,2022-11-18,28.60354945575012,9,30.72645527685755,78.83464268812115,1.7325603407477521
Kuala Lumpur,2022-11-19,26.695364238410598,8.31693472090823,28.523651844843897,84.69072847682119,2.6914853358561968
Kuala Lumpur,2022-11-20,27.34559659090909,8.536931818181818,29.51657196969697,83.20696022727273,2.7656723484848484
Kuala Lumpur,2022-11-21,27.959554291133237,8.702228544333808,29.780938833570413,81.51119013750592,2.262067330488383
Kuala Lumpur,2022-11-22,27.75696083058046,8.171307220386975,30.10854176498348,81.74818310523833,2.421047663992449
Kuala Lumpur,2022-11-23,27.11218009478673,8.769194312796209,29.392890995260665,81.21620853080569,2.481137440758294
Kuala Lumpur,2022-11-24,28.199053926206243,8.701040681173131,30.392620624408703,79.98070009460739,1.8831598864711447
Kuala Lumpur,2022-11-25,27.708354177088545,8.821910955477739,30.022511255627816,80.53706853426714,1.4622811405702851
Kuala Lumpur,2022-11-26,28.18024154589372,8.39806763285024,31.216425120772946,79.06463768115943,1.6280193236714975
Kuala Lumpur,2022-11-27,27.05264496439471,8.818921668362156,29.471007121057987,84.96556459816887,1.5833672431332655
Kuala Lumpur,2022-11-28,27.18466635115949,8.590156176053005,30.206341694273544,83.5008991954567,1.562991008045433
Kuala Lumpur,2022-11-29,26.150828206341693,7.866540463795551,28.134879318504495,89.07292948414576,1.4147657359204922
Kuala Lumpur,2022-11-30,26.103151575787894,8.406203101550775,28.224612306153077,88.3248624312156,1.6076038019009504
Kuala Lumpur,2022-12-01,26.278676122931444,8.28274231678487,27.631205673758867,87.54751773049645,1.8045862884160757
Kuala Lumpur,2022-12-02,25.882482100238665,8.351789976133652,27.02386634844869,90.25871121718377,1.7453937947494034
Kuala Lumpur,2022-12-03,26.682433712121213,8.687026515151516,29.10037878787879,86.0373106060606,2.217897727272727
Kuala Lumpur,2022-12-04,28.01222169587873,9,31.064898152534344,80.55106584557082,1.5464234959734724
Kuala Lumpur,2022-12-05,28.658882046423496,9,31.67787778304121,77.41837991473236,1.5643297015632402
Kuala Lumpur,2022-12-06,28.20999053030303,8.37689393939394,31.789772727272727,82.09166666666667,2.0398674242424244
Kuala Lumpur,2022-12-07,27.643230403800477,8.957244655581947,30.597624703087885,82.77771971496438,1.8640380047505938
Kuala Lumpur,2022-12-08,25.773166114529104,8.729768102224325,27.7439659252248,89.16441079034549,1.6091339327969711
Kuala Lumpur,2022-12-09,25.45769230769231,8.44352482960078,26.462999026290166,88.63446932814021,1.8148003894839337
Kuala Lumpur,2022-12-10,25.665185900531146,8.56687590535973,27.295026557218733,89.6593915982617,1.145147271849348
Kuala Lumpur,2022-12-11,25.52632575757576,7.227746212121212,26.637310606060606,92.03929924242425,1.3558238636363635
Kuala Lumpur,2022-12-12,25.623120567375885,8.435460992907801,27.887943262411348,92.72628841607565,1.0893144208037826
Kuala Lumpur,2022-12-13,26.392376893939392,8.84185606060606,27.623106060606062,85.77836174242424,2.364346590909091
Kuala Lumpur,2022-12-14,26.87438446969697,8.979640151515152,27.98058712121212,82.4767518939394,1.6392045454545454
Kuala Lumpur,2022-12-15,27.078882575757575,8.958333333333334,28.457386363636363,82.28977272727273,1.4006628787878788
Kuala Lumpur,2022-12-16,28.319801042160115,9,30.91473235433444,76.73027001421127,1.7409758408337281
Kuala Lumpur,2022-12-17,27.326455276857548,8.958353052531946,30.624704212020823,81.0461902508282,1.6445338381448178
Kuala Lumpur,2022-12-18,27.042913973147687,8.633515663848831,28.78816509199403,84.19860765788165,1.4262555942317254
Kuala Lumpur,2022-12-19,27.413589015151516,9,28.814867424242426,79.03380681818182,1.5234375
Kuala Lumpur,2022-12-20,28.08618078561287,9,30.082347373402744,75.64708944628491,1.6650260293421675
Kuala Lumpur,2022-12-21,26.900346878097125,8.543111992071358,28.722497522299307,85.21323092170466,1.5094648166501488
Kuala Lumpur,2022-12-22,25.483791866028707,8.510167464114833,26.215311004784688,92.45131578947368,1.120035885167464
Kuala Lumpur,2022-12-23,26.07429829389103,8.853604843148046,28.270225646670337,87.18591084204733,1.0411117226197029
Kuala Lumpur,2022-12-24,28.357784431137723,8.745508982035927,29.937724550898203,73.7608383233533,1.4818562874251497
Kuala Lumpur,2022-12-25,28.41706621004566,9,29.256849315068493,67.4251712328767,1.503310502283105
Kuala Lumpur,2022-12-26,27.55272127542606,9,29.39802089059923,73.3715777899945,1.4819131390874107
Kuala Lumpur,2022-12-27,26.832313829787235,9,29.40735815602837,77.57575354609929,1.6765514184397163
Kuala Lumpur,2022-12-28,26.1466105449712,8.481169694284448,26.495790872840054,84.05950376606114,1.4255206025697829
Kuala Lumpur,2022-12-29,26.805533421868084,7.9296148738379815,27.08233731739708,83.31000442673749,1.6281540504648075
Kuala Lumpur,2022-12-30,28.219087688219663,8.400354295837024,29.322409211691763,71.30376439326838,2.4544286979627987
Kuala Lumpur,2022-12-31,27.769837296620775,8.567793074676679,29.249061326658325,75.24864413850646,1.8524405506883606
Labuan,2022-01-01,27.914893617021278,9,31.574468085106382,81.63829787234043,8.446808510638299
Labuan,2022-01-02,27.5531914893617,9,30.893617021276597,82.06382978723404,7.680851063829787
Labuan,2022-01-03,27.02127659574468,8.617021276595745,29.425531914893618,85.55319148936171,2.765957446808511
Labuan,2022-01-04,26.97872340425532,8.957446808510639,29.872340425531913,86.12765957446808,1.9148936170212767
Labuan,2022-01-05,28.106382978723403,9,32.276595744680854,82.85106382978724,4.51063829787234
Labuan,2022-01-06,27.97872340425532,9,32.297872340425535,85.14893617021276,3.702127659574468
Labuan,2022-01-07,27.5531914893617,9,31,85.8936170212766,3.6595744680851063
Labuan,2022-01-08,27.46808510638298,9,31.27659574468085,87.57446808510639,2.851063829787234
Labuan,2022-01-09,27.574468085106382,9,30.93617021276596,84.59574468085107,6.23404255319149
Labuan,2022-01-10,28.319148936170212,8.702127659574469,32.61702127659574,81.36170212765957,9.74468085106383
Labuan,2022-01-11,28.51063829787234,8.957446808510639,33.1063829787234,79.85106382978724,15.425531914893616
Labuan,2022-01-12,27.97872340425532,9,32.04255319148936,81.63829787234043,14.319148936170214
Labuan,2022-01-13,27.170212765957448,7.829787234042553,30.25531914893617,84.63829787234043,17.97872340425532
Labuan,2022-01-14,27.851063829787233,9,31.25531914893617,79.57446808510639,10.446808510638299
Labuan,2022-01-15,27.177777777777777,9,30,84.68888888888888,7.533333333333333
Labuan,2022-01-16,27.680851063829788,9,31.148936170212767,80.8936170212766,9.212765957446809
Labuan,2022-01-17,27.617021276595743,9,31.085106382978722,83.7872340425532,6.74468085106383
Labuan,2022-01-18,26.659574468085108,8.808510638297872,28.78723404255319,86.68085106382979,8.617021276595745
Labuan,2022-01-19,26.574468085106382,8.957446808510639,28.659574468085108,85.14893617021276,8.851063829787234
Labuan,2022-01-20,26.595744680851062,9,29.085106382978722,86.17021276595744,11.76595744680851
Labuan,2022-01-21,25.914893617021278,8.404255319148936,27.404255319148938,92.61702127659575,1.7872340425531914
Labuan,2022-01-22,26.51063829787234,8.51063829787234,29.02127659574468,90.29787234042553,2.74468085106383
Labuan,2022-01-23,26.97872340425532,8.851063829787234,30.19148936170213,90.8936170212766,2.8085106382978724
Labuan,2022-01-24,27.127659574468087,9,30.319148936170212,86.97872340425532,6.23404255319149
Labuan,2022-01-25,27.29787234042553,9,30.361702127659573,85.1063829787234,6.25531914893617
Labuan,2022-01-26,26.51063829787234,8.574468085106384,29.23404255319149,90.95744680851064,5.659574468085107
Labuan,2022-01-27,26.404255319148938,7.23404255319149,28.851063829787233,91.51063829787235,4.276595744680851
Labuan,2022-01-28,25.595744680851062,8.851063829787234,27.04255319148936,91.87234042553192,2.25531914893617
Labuan,2022-01-29,27.319148936170212,9,30.382978723404257,85.08510638297872,3.021276595744681
Labuan,2022-01-30,26.93617021276596,7.829787234042553,29.574468085106382,88.44680851063829,3.5106382978723403
Labuan,2022-01-31,27.127659574468087,8.872340425531915,30.170212765957448,87.12765957446808,6.51063829787234
Labuan,2022-02-01,28.068181818181817,9,32.04545454545455,83.27272727272727,6.840909090909091
Labuan,2022-02-02,28.425531914893618,9,32.255319148936174,77.59574468085107,8.957446808510639
Labuan,2022-02-03,27.851063829787233,9,31.23404255319149,81.65957446808511,9.361702127659575
Labuan,2022-02-04,28.085106382978722,9,32.297872340425535,82.1063829787234,11.72340425531915
Labuan,2022-02-05,28.02127659574468,9,31.659574468085108,80.40425531914893,6.553191489361702
Labuan,2022-02-06,28.51063829787234,9,32.234042553191486,76.25531914893617,10.425531914893616
Labuan,2022-02-07,28.23913043478261,9,32,79.04347826086956,9.869565217391305
Labuan,2022-02-08,27.425531914893618,8.48936170212766,31.06382978723404,87.19148936170212,7.127659574468085
Labuan,2022-02-09,27.659574468085108,9,31,83.72340425531915,7.276595744680851
Labuan,2022-02-10,27.404255319148938,8.446808510638299,31.106382978723403,87.1063829787234,9.404255319148936
Labuan,2022-02-11,27.127659574468087,9,30.27659574468085,87.55319148936171,5.787234042553192
Labuan,2022-02-12,26.46808510638298,8.46808510638298,28.70212765957447,88.29787234042553,5.148936170212766
Labuan,2022-02-13,26.4468085106383,9,28.93617021276596,88.91489361702128,4.297872340425532
Labuan,2022-02-14,27.78723404255319,9,31.106382978723403,83.68085106382979,4.638297872340425
Labuan,2022-02-15,27.53191489361702,8.425531914893616,31.25531914893617,84.63829787234043,5.9787234042553195
Labuan,2022-02-16,26.27659574468085,8.23404255319149,28.148936170212767,86.91489361702128,4.23404255319149
Labuan,2022-02-17,27.70212765957447,9,31.23404255319149,82.29787234042553,8.127659574468085
Labuan,2022-02-18,27.170212765957448,9,30.4468085106383,88.59574468085107,3.6382978723404253
Labuan,2022-02-19,27.23404255319149,9,30.617021276595743,87.34042553191489,5.425531914893617
Labuan,2022-02-20,26.170212765957448,8.382978723404255,28.23404255319149,87.48936170212765,4.76595744680851
Labuan,2022-02-21,26.04255319148936,9,28.148936170212767,86.38297872340425,5.9787234042553195
Labuan,2022-02-22,27.425531914893618,9,30.46808510638298,81.80851063829788,7.212765957446808
Labuan,2022-02-23,28.29787234042553,9,32.723404255319146,83.06382978723404,6.297872340425532
Labuan,2022-02-24,27.78723404255319,9,31.21276595744681,81.55319148936171,10.106382978723405
Labuan,2022-02-25,27.74468085106383,9,31.46808510638298,83.63829787234043,8.914893617021276
Labuan,2022-02-26,27.72340425531915,8.936170212765957,31.148936170212767,82.38297872340425,11.02127659574468
Labuan,2022-02-27,27.76595744680851,9,31.382978723404257,81.55319148936171,11.680851063829786
Labuan,2022-02-28,27.46808510638298,9,30.851063829787233,84.53191489361703,8.808510638297872
Labuan,2022-03-01,27.04255319148936,8.382978723404255,30.02127659574468,86.46808510638297,4.446808510638298
Labuan,2022-03-02,26.680851063829788,9,29.23404255319149,88.57446808510639,5.0212765957446805
Labuan,2022-03-03,27.51063829787234,9,31.04255319148936,85.23404255319149,4.8936170212765955
Labuan,2022-03-04,27.893617021276597,9,32.340425531914896,87.61702127659575,6.680851063829787
Labuan,2022-03-05,26.617021276595743,8.25531914893617,29.340425531914892,90.82978723404256,4.872340425531915
Labuan,2022-03-06,26.425531914893618,8.914893617021276,28.4468085106383,88.34042553191489,3.382978723404255
Labuan,2022-03-07,26.93617021276596,9,29.23404255319149,85.85106382978724,3.3404255319148937
Labuan,2022-03-08,27.340425531914892,8.319148936170214,30.74468085106383,86.59574468085107,4.361702127659575
Labuan,2022-03-09,26.19148936170213,8.787234042553191,27.680851063829788,84.57446808510639,4.51063829787234
Labuan,2022-03-10,26.425531914893618,9,28.46808510638298,85.44680851063829,2.4680851063829787
Labuan,2022-03-11,27.382978723404257,8.702127659574469,30.170212765957448,84.61702127659575,4
Labuan,2022-03-12,25.829787234042552,8.659574468085106,27.361702127659573,93,6.340425531914893
Labuan,2022-03-13,27.659574468085108,9,31.29787234042553,86,6.042553191489362
Labuan,2022-03-14,27.574468085106382,9,31.78723404255319,88.14893617021276,3.595744680851064
Labuan,2022-03-15,27.72340425531915,8.574468085106384,31.425531914893618,85.42553191489361,4.404255319148936
Labuan,2022-03-16,27.4468085106383,8.27659574468085,31.23404255319149,89.61702127659575,4.148936170212766
Labuan,2022-03-17,27.574468085106382,8.914893617021276,31.617021276595743,89.61702127659575,3.4680851063829787
Labuan,2022-03-18,27.4468085106383,8.97872340425532,31.680851063829788,90.80851063829788,2.702127659574468
Labuan,2022-03-19,26.70212765957447,8.148936170212766,29.170212765957448,89.63829787234043,4.851063829787234
Labuan,2022-03-20,27.19148936170213,9,29.595744680851062,84.95744680851064,4.148936170212766
Labuan,2022-03-21,26.872340425531913,8.25531914893617,29.51063829787234,88.65957446808511,3.4893617021276597
Labuan,2022-03-22,26.617021276595743,7.638297872340425,29,86.42553191489361,4.808510638297872
Labuan,2022-03-23,27.04255319148936,8.893617021276595,30.085106382978722,84.17021276595744,2.1702127659574466
Labuan,2022-03-24,27.680851063829788,9,31.29787234042553,84.63829787234043,3.1914893617021276
Labuan,2022-03-25,28.127659574468087,8.97872340425532,32.08510638297872,85.29787234042553,3.234042553191489
Labuan,2022-03-26,27.78723404255319,9,31.74468085106383,86.57446808510639,3.574468085106383
Labuan,2022-03-27,27.127659574468087,8.48936170212766,30.25531914893617,87.2127659574468,4.957446808510638
Labuan,2022-03-28,26.5,9,28.666666666666668,88.20833333333333,4.208333333333333
Labuan,2022-03-29,27.48936170212766,9,30.361702127659573,83.48936170212765,2.4468085106382977
Labuan,2022-03-30,28.208333333333332,9,32.5,84.22916666666667,2.9375
Labuan,2022-03-31,28.229166666666668,9,31.604166666666668,78.66666666666667,3.7083333333333335
Labuan,2022-04-01,27.770833333333332,8.333333333333334,31.729166666666668,85.1875,3.6666666666666665
Labuan,2022-04-02,27.354166666666668,8.916666666666666,30.25,85.04166666666667,2.6666666666666665
Labuan,2022-04-03,27.36,9,30.56,85.12,3.56
Labuan,2022-04-04,26.617021276595743,8.127659574468085,29.106382978723403,89.59574468085107,4
Labuan,2022-04-05,26.5,9,28.875,89.29166666666667,4.645833333333333
Labuan,2022-04-06,26.708333333333332,8.916666666666666,29.104166666666668,87.75,5.270833333333333
Labuan,2022-04-07,26.979166666666668,8.583333333333334,29.5,85.25,6.729166666666667
Labuan,2022-04-08,26.208333333333332,8.145833333333334,27.854166666666668,86.9375,8.583333333333334
Labuan,2022-04-09,25.104166666666668,7.854166666666667,26.020833333333332,92.04166666666667,10.229166666666666
Labuan,2022-04-10,26.6875,9,29.166666666666668,84.20833333333333,6.666666666666667
Labuan,2022-04-11,27.291666666666668,8.875,30.5,86.14583333333333,2.875
Labuan,2022-04-12,27.958333333333332,9,31.479166666666668,83.54166666666667,3.4791666666666665
Labuan,2022-04-13,27.729166666666668,9,31.104166666666668,83.58333333333333,2.6041666666666665
Labuan,2022-04-14,27.916666666666668,9,31.25,83.125,3.0625
Labuan,2022-04-15,27.6875,9,31.125,85.70833333333333,2.3333333333333335
Labuan,2022-04-16,27.416666666666668,9,30.583333333333332,85.25,2.1875
Labuan,2022-04-17,28.125,9,31.625,80.5625,6.1875
Labuan,2022-04-18,29.479166666666668,9,35.416666666666664,79.41666666666667,7.333333333333333
Labuan,2022-04-19,28.729166666666668,8.270833333333334,33.458333333333336,82.75,3.1666666666666665
Labuan,2022-04-20,27.520833333333332,8.625,30.6875,86.375,4.020833333333333
Labuan,2022-04-21,27.770833333333332,9,31.520833333333332,84.64583333333333,4.916666666666667
Labuan,2022-04-22,28.708333333333332,9,34.458333333333336,85.22916666666667,4.458333333333333
Labuan,2022-04-23,28.4375,9,33.729166666666664,86.5,3.1875
Labuan,2022-04-24,28.4375,8.833333333333334,33.833333333333336,86.75,3.3541666666666665
Labuan,2022-04-25,26.958333333333332,8.3125,30.041666666666668,90.70833333333333,3.5416666666666665
Labuan,2022-04-26,27.8125,8.8125,31.1875,84.85416666666667,2.9375
Labuan,2022-04-27,26.541666666666668,8.1875,29.104166666666668,89.77083333333333,3.5625
Labuan,2022-04-28,27.833333333333332,9,31.6875,84.60416666666667,2.6666666666666665
Labuan,2022-04-29,28.6875,8.854166666666666,33.416666666666664,83.14583333333333,3.6875
Labuan,2022-04-30,25.958333333333332,8.833333333333334,28.104166666666668,91,4.604166666666667
Labuan,2022-05-01,27.791666666666668,9,30.4375,79.95833333333333,3.8333333333333335
Labuan,2022-05-02,28.666666666666668,9,33.583333333333336,82.8125,3.0208333333333335
Labuan,2022-05-03,28.916666666666668,9,34.145833333333336,81.72916666666667,2.7291666666666665
Labuan,2022-05-04,28.833333333333332,9,34.208333333333336,81.97916666666667,3.875
Labuan,2022-05-05,27.25,8.6875,30.979166666666668,89.9375,3.3333333333333335
Labuan,2022-05-06,28.479166666666668,8.208333333333334,33.4375,85.54166666666667,2.6458333333333335
Labuan,2022-05-07,28.395833333333332,8.833333333333334,33.75,88.54166666666667,2.625
Labuan,2022-05-08,28.166666666666668,9,33.541666666666664,89.375,4.604166666666667
Labuan,2022-05-09,26.645833333333332,6.229166666666667,29.791666666666668,94.1875,5.354166666666667
Labuan,2022-05-10,27.5625,9,31,85.16666666666667,4.166666666666667
Labuan,2022-05-11,28.875,9,35.083333333333336,85.625,3.7708333333333335
Labuan,2022-05-12,28.270833333333332,9,33.645833333333336,87.52083333333333,3.9375
Labuan,2022-05-13,28.395833333333332,9,33.020833333333336,83.83333333333333,3.6875
Labuan,2022-05-14,28.916666666666668,9,34.541666666666664,82.41666666666667,3.9583333333333335
Labuan,2022-05-15,29.145833333333332,9,34.958333333333336,82.10416666666667,3.9166666666666665
Labuan,2022-05-16,29,9,35.020833333333336,84.8125,2.2083333333333335
Labuan,2022-05-17,28.041666666666668,8.020833333333334,32.3125,85.83333333333333,4.583333333333333
Labuan,2022-05-18,28.695652173913043,9,33.15217391304348,80.17391304347827,3.5652173913043477
Labuan,2022-05-19,29.104166666666668,9,34.583333333333336,81.27083333333333,3.8125
Labuan,2022-05-20,26.520833333333332,7.479166666666667,28.6875,88.22916666666667,6.104166666666667
Labuan,2022-05-21,28.104166666666668,8.6875,31.895833333333332,82.8125,5.333333333333333
Labuan,2022-05-22,28.375,9,32.6875,83.10416666666667,3.375
Labuan,2022-05-23,28.125,8.5625,32.729166666666664,85.6875,3.6875
Labuan,2022-05-24,29.9375,9,36.666666666666664,79.47916666666667,4.458333333333333
Labuan,2022-05-25,28.958333333333332,9,35.416666666666664,85.89583333333333,2.3958333333333335
Labuan,2022-05-26,28.75,9,33.6875,80.95833333333333,5.916666666666667
Labuan,2022-05-27,27.041666666666668,8.958333333333334,30.104166666666668,86.54166666666667,4.791666666666667
Labuan,2022-05-28,28.3125,9,31.708333333333332,76.5,3.7083333333333335
Labuan,2022-05-29,28.166666666666668,9,31.791666666666668,80.5,2.2083333333333335
Labuan,2022-05-30,28.5,9,32.416666666666664,79.875,2.625
Labuan,2022-05-31,29.041666666666668,9,33.979166666666664,79.625,3.6041666666666665
Labuan,2022-06-01,29.208333333333332,9,35.020833333333336,81.45833333333333,3
Labuan,2022-06-02,27.166666666666668,8.9375,30.395833333333332,86.9375,4.75
Labuan,2022-06-03,27.125,8.979166666666666,30.4375,88.70833333333333,2.1875
Labuan,2022-06-04,28,9,32,84.25,2.5833333333333335
Labuan,2022-06-05,27.875,8.833333333333334,32.041666666666664,85.3125,2.375
Labuan,2022-06-06,27.666666666666668,8.666666666666666,31.708333333333332,86.4375,3.3125
Labuan,2022-06-07,26.104166666666668,8.354166666666666,28.020833333333332,90.75,3.5208333333333335
Labuan,2022-06-08,28.145833333333332,8.958333333333334,32.104166666666664,83.625,4.6875
Labuan,2022-06-09,27.875,8.791666666666666,32.333333333333336,87.9375,3.3125
Labuan,2022-06-10,26.895833333333332,8.1875,29.895833333333332,89.02083333333333,4.125
Labuan,2022-06-11,28.208333333333332,8.854166666666666,31.541666666666668,81,3.5833333333333335
Labuan,2022-06-12,27.979166666666668,9,32.4375,86.54166666666667,3.5416666666666665
Labuan,2022-06-13,27.104166666666668,8.5,30.416666666666668,89.27083333333333,3.5208333333333335
Labuan,2022-06-14,27.708333333333332,9,31.416666666666668,85.20833333333333,3.4166666666666665
Labuan,2022-06-15,28.375,8.75,32.458333333333336,82.08333333333333,2.9583333333333335
Labuan,2022-06-16,29.020833333333332,9,33.0625,77.47916666666667,6.354166666666667
Labuan,2022-06-17,28.604166666666668,8.9375,32.791666666666664,81.29166666666667,4.145833333333333
Labuan,2022-06-18,26.895833333333332,8.9375,29.729166666666668,87.60416666666667,4.4375
Labuan,2022-06-19,27.083333333333332,9,29.770833333333332,84.27083333333333,3.3333333333333335
Labuan,2022-06-20,25.466666666666665,8.133333333333333,26.8,93.86666666666666,1.8333333333333333
Labuan,2022-06-21,27.641025641025642,9,31.256410256410255,83.35897435897436,4.128205128205129
Labuan,2022-06-22,27.8125,9,31.375,82.95833333333333,4.520833333333333
Labuan,2022-06-23,27.6875,9,31.375,85.29166666666667,3.8958333333333335
Labuan,2022-06-24,27.1875,9,30.395833333333332,87.54166666666667,3.3958333333333335
Labuan,2022-06-25,27.5,9,31.083333333333332,86.08333333333333,2.625
Labuan,2022-06-26,27.708333333333332,9,30.979166666666668,84.60416666666667,2.6875
Labuan,2022-06-27,27.72,8.96,31.72,86.68,2.2
Labuan,2022-06-28,28.319148936170212,9,32.851063829787236,82.42553191489361,4.297872340425532
Labuan,2022-06-29,28.5,9,33.083333333333336,80.27083333333333,7.145833333333333
Labuan,2022-06-30,28.916666666666668,9,33.791666666666664,79.33333333333333,5.5
Labuan,2022-07-01,27.770833333333332,8.541666666666666,31.979166666666668,85.5,4.229166666666667
Labuan,2022-07-02,29.1875,9,33.5,78.4375,3.5833333333333335
Labuan,2022-07-03,29.5,9,33.3125,70.89583333333333,4.583333333333333
Labuan,2022-07-04,28.958333333333332,9,32.666666666666664,73.5625,4
Labuan,2022-07-05,27.916666666666668,8.958333333333334,31,81.72916666666667,2.875
Labuan,2022-07-06,26.666666666666668,8.395833333333334,28.916666666666668,88.5625,4.583333333333333
Labuan,2022-07-07,28.208333333333332,9,31.729166666666668,79.79166666666667,3.375
Labuan,2022-07-08,28.6875,9,33.583333333333336,81.91666666666667,4.916666666666667
Labuan,2022-07-09,25.4375,7.1875,26.916666666666668,89.95833333333333,6.958333333333333
Labuan,2022-07-10,26.145833333333332,9,27.625,83.875,5.3125
Labuan,2022-07-11,26.208333333333332,8.75,28.083333333333332,83.33333333333333,5.229166666666667
Labuan,2022-07-12,27.708333333333332,9,31.375,81.4375,3.9166666666666665
Labuan,2022-07-13,26.857142857142858,9,29.69047619047619,84.66666666666667,5.166666666666667
Labuan,2022-07-14,26.86842105263158,8.631578947368421,29.473684210526315,83.60526315789474,5.131578947368421
Labuan,2022-07-15,27.520833333333332,9,30.708333333333332,85.14583333333333,2.125
Labuan,2022-07-16,28.708333333333332,9,32.770833333333336,80.29166666666667,2.125
Labuan,2022-07-17,26.270833333333332,8.458333333333334,28.291666666666668,88.89583333333333,4.145833333333333
Labuan,2022-07-18,27.541666666666668,9,30.5,83.6875,2.4375
Labuan,2022-07-19,28.4375,9,32.6875,83.04166666666667,3.125
Labuan,2022-07-20,29.125,9,34.645833333333336,81,5.125
Labuan,2022-07-21,29.145833333333332,9,34.0625,78.41666666666667,6.895833333333333
Labuan,2022-07-22,28.3125,9,32.770833333333336,82.9375,4.020833333333333
Labuan,2022-07-23,27.916666666666668,8.708333333333334,32.145833333333336,87.1875,2.3125
Labuan,2022-07-24,27.395833333333332,8.708333333333334,30.854166666666668,87.22916666666667,2.6041666666666665
Labuan,2022-07-25,26.083333333333332,8.395833333333334,27.875,91.95833333333333,2.5
Labuan,2022-07-26,26.86842105263158,7.578947368421052,29.236842105263158,87.86842105263158,5.473684210526316
Labuan,2022-07-27,27.216216216216218,8.432432432432432,30.54054054054054,85.45945945945945,4.486486486486487
Labuan,2022-07-28,27.791666666666668,9,31.5,85.29166666666667,3.1041666666666665
Labuan,2022-07-29,28.083333333333332,9,32.083333333333336,83.64583333333333,3.25
Labuan,2022-07-30,27.229166666666668,9,30.3125,83.3125,3.4166666666666665
Labuan,2022-07-31,27.125,8.520833333333334,30.0625,86.85416666666667,4.729166666666667
Labuan,2022-08-01,27.304347826086957,8.978260869565217,29.891304347826086,81.28260869565217,5.217391304347826
Labuan,2022-08-02,27.604166666666668,8.854166666666666,31.208333333333332,85.95833333333333,2.1666666666666665
Labuan,2022-08-03,27.375,9,31.1875,88.85416666666667,3.4583333333333335
Labuan,2022-08-04,27.354166666666668,8.916666666666666,30.625,86.6875,4.25
Labuan,2022-08-05,26.479166666666668,7.291666666666667,28.895833333333332,89.52083333333333,5.479166666666667
Labuan,2022-08-06,25.895833333333332,8.3125,27.583333333333332,86.33333333333333,8.604166666666666
Labuan,2022-08-07,27.5625,9,30.958333333333332,82.89583333333333,3.625
Labuan,2022-08-08,28.5625,9,33.333333333333336,82.58333333333333,4.645833333333333
Labuan,2022-08-09,28.208333333333332,9,33.125,85.16666666666667,2.375
Labuan,2022-08-10,29.041666666666668,9,33.25,76.02083333333333,3.1458333333333335
Labuan,2022-08-11,29.541666666666668,9,35.1875,78.8125,4.916666666666667
Labuan,2022-08-12,29.708333333333332,9,35.75,77.35416666666667,5.145833333333333
Labuan,2022-08-13,28.875,8.958333333333334,34.541666666666664,84.04166666666667,4.520833333333333
Labuan,2022-08-14,28.458333333333332,9,33.0625,82.54166666666667,4.541666666666667
Labuan,2022-08-15,27.6875,8.75,31.645833333333332,85.6875,3.8125
Labuan,2022-08-16,27.541666666666668,9,30.708333333333332,83.22916666666667,4.125
Labuan,2022-08-17,28.479166666666668,9,33.166666666666664,82.125,2.4791666666666665
Labuan,2022-08-18,28.541666666666668,9,33.458333333333336,83.29166666666667,3.5
Labuan,2022-08-19,28.375,9,33.375,84.22916666666667,2.75
Labuan,2022-08-20,28.541666666666668,9,33.041666666666664,82.10416666666667,4.104166666666667
Labuan,2022-08-21,27.041666666666668,7.666666666666667,30.1875,86.70833333333333,4.708333333333333
Labuan,2022-08-22,26.0625,7.416666666666667,27.9375,92.97916666666667,2.6041666666666665
Labuan,2022-08-23,26.666666666666668,9,28.96969696969697,87.6969696969697,4.575757575757576
Labuan,2022-08-24,26.6875,8,28.958333333333332,88.97916666666667,1.7291666666666667
Labuan,2022-08-25,27.125,8.645833333333334,29.958333333333332,87.47916666666667,2.9583333333333335
Labuan,2022-08-26,27.270833333333332,9,30.395833333333332,86.625,7.1875
Labuan,2022-08-27,28.666666666666668,9,33.25,79.47916666666667,6.958333333333333
Labuan,2022-08-28,27.625,8.458333333333334,31.395833333333332,87.625,4.395833333333333
Labuan,2022-08-29,26.9375,8.375,29.895833333333332,89.72916666666667,2.6458333333333335
Labuan,2022-08-30,27.541666666666668,8.916666666666666,30.75,86.375,2.7708333333333335
Labuan,2022-08-31,26.75,7.770833333333333,29.25,88.29166666666667,6.229166666666667
Labuan,2022-09-01,26.979166666666668,9,30.041666666666668,87.41666666666667,1.9166666666666667
Labuan,2022-09-02,27.958333333333332,8.833333333333334,32.395833333333336,85.85416666666667,3.875
Labuan,2022-09-03,27.145833333333332,9,30.145833333333332,87.77083333333333,3.5208333333333335
Labuan,2022-09-04,26.375,8.520833333333334,28.645833333333332,89.625,6.625
Labuan,2022-09-05,25.375,8.666666666666666,26.458333333333332,90.45833333333333,3.4583333333333335
Labuan,2022-09-06,26.369565217391305,8.869565217391305,28.5,85.91304347826087,3.630434782608696
Labuan,2022-09-07,26.84375,8.96875,29.53125,87.125,2.1875
Labuan,2022-09-08,27.659574468085108,8.97872340425532,31.23404255319149,83.70212765957447,4.574468085106383
Labuan,2022-09-09,26,7.458333333333333,27.895833333333332,92.125,4.6875
Labuan,2022-09-10,26.604166666666668,8.5625,28.895833333333332,86.02083333333333,6.520833333333333
Labuan,2022-09-11,26.041666666666668,7.916666666666667,27.875,89.39583333333333,3.1666666666666665
Labuan,2022-09-12,27.708333333333332,9,30.8125,82.5625,3.3541666666666665
Labuan,2022-09-13,28.041666666666668,9,31.708333333333332,82.4375,4.104166666666667
Labuan,2022-09-14,27.0625,8.229166666666666,30.166666666666668,87.39583333333333,6.208333333333333
Labuan,2022-09-15,26.583333333333332,8.3125,28.9375,86.25,4.9375
Labuan,2022-09-16,26.583333333333332,8.75,28.791666666666668,84.66666666666667,2.2291666666666665
Labuan,2022-09-17,27.4375,8.958333333333334,30.604166666666668,84.25,2.0833333333333335
Labuan,2022-09-18,28.3125,9,32.0625,79.66666666666667,2.875
Labuan,2022-09-19,27.291666666666668,8.270833333333334,30.270833333333332,83.60416666666667,5.270833333333333
Labuan,2022-09-20,26.291666666666668,7.708333333333333,28.3125,85.9375,4.395833333333333
Labuan,2022-09-21,27.916666666666668,9,31.375,81.16666666666667,4.645833333333333
Labuan,2022-09-22,28.333333333333332,8.979166666666666,32.958333333333336,83.5,3.5
Labuan,2022-09-23,27.32,8.88,29.6,80.76,2.72
Labuan,2022-09-24,27.5531914893617,9,30.404255319148938,81.27659574468085,3.382978723404255
Labuan,2022-09-25,26.395833333333332,9,28.666666666666668,86.1875,4.6875
Labuan,2022-09-26,24.729166666666668,8.541666666666666,25.4375,92.875,4.8125
Labuan,2022-09-27,25.854166666666668,8.916666666666666,27.8125,90.0625,2.3333333333333335
Labuan,2022-09-28,27.6875,9,30.833333333333332,82.45833333333333,5.666666666666667
Labuan,2022-09-29,29.166666666666668,9,34.166666666666664,78.08333333333333,11.166666666666666
Labuan,2022-09-30,28.854166666666668,9,33.145833333333336,77.85416666666667,5.666666666666667
Labuan,2022-10-01,28.958333333333332,9,33.8125,80.22916666666667,5
Labuan,2022-10-02,28.208333333333332,8.270833333333334,32.0625,81.97916666666667,4.25
Labuan,2022-10-03,27.020833333333332,8.5,29.645833333333332,87.20833333333333,4.375
Labuan,2022-10-04,26.729166666666668,8.5625,29.291666666666668,88.1875,4.8125
Labuan,2022-10-05,27.583333333333332,8.791666666666666,30.958333333333332,85.70833333333333,3.1041666666666665
Labuan,2022-10-06,27.25,9,30.541666666666668,87.4375,4.229166666666667
Labuan,2022-10-07,27.604166666666668,9,31.416666666666668,85.97916666666667,3.7083333333333335
Labuan,2022-10-08,27.416666666666668,8.666666666666666,30.708333333333332,87.9375,4.520833333333333
Labuan,2022-10-09,24.875,6.583333333333333,25.645833333333332,95.14583333333333,5.25
Labuan,2022-10-10,26.354166666666668,9,28.145833333333332,85.02083333333333,4.041666666666667
Labuan,2022-10-11,26.5,8.729166666666666,28.729166666666668,86.64583333333333,6.916666666666667
Labuan,2022-10-12,26.833333333333332,9,29.1875,80.875,9
Labuan,2022-10-13,27.583333333333332,9,30.520833333333332,78.125,10.854166666666666
Labuan,2022-10-14,27.604166666666668,8.75,30.895833333333332,80.89583333333333,8.958333333333334
Labuan,2022-10-15,28.08,9,32.32,83.52,4.64
Labuan,2022-10-16,28.148936170212767,9,32.57446808510638,82.48936170212765,5.0638297872340425
Labuan,2022-10-17,26.208333333333332,8.708333333333334,28.4375,90.02083333333333,3.7916666666666665
Labuan,2022-10-18,26.791666666666668,8.625,29.208333333333332,84.66666666666667,8.270833333333334
Labuan,2022-10-19,27.020833333333332,8.875,29.8125,85.875,4.25
Labuan,2022-10-20,26.96969696969697,8.93939393939394,29.90909090909091,89.42424242424242,2.1818181818181817
Labuan,2022-10-21,27.15909090909091,8.772727272727273,30.25,87.43181818181819,2.340909090909091
Labuan,2022-10-22,27.416666666666668,8.041666666666666,31.0625,87.64583333333333,3.125
Labuan,2022-10-23,26.729166666666668,9,29.4375,88.375,2.7708333333333335
Labuan,2022-10-24,26.3125,8.375,28.5625,89.625,2.4166666666666665
Labuan,2022-10-25,26.895833333333332,8.791666666666666,29.4375,88,5
Labuan,2022-10-26,26.979166666666668,9,29.729166666666668,87,2.2291666666666665
Labuan,2022-10-27,26.958333333333332,8.666666666666666,30.0625,87.33333333333333,3.3541666666666665
Labuan,2022-10-28,26.6875,8.895833333333334,29.145833333333332,89.70833333333333,4.145833333333333
Labuan,2022-10-29,28.020833333333332,9,32.1875,82.6875,8.041666666666666
Labuan,2022-10-30,28.1875,9,33.083333333333336,85.625,7.791666666666667
Labuan,2022-10-31,27.583333333333332,7.979166666666667,31.645833333333332,88.95833333333333,6.625
Labuan,2022-11-01,25.583333333333332,7.583333333333333,26.666666666666668,92.33333333333333,3.625
Labuan,2022-11-02,27.520833333333332,9,30.729166666666668,84.91666666666667,2.6041666666666665
Labuan,2022-11-03,27.833333333333332,9,32.229166666666664,86.5,3.8333333333333335
Labuan,2022-11-04,27.8125,8.666666666666666,31.104166666666668,83.27083333333333,4.375
Labuan,2022-11-05,26.125,7.875,27.979166666666668,91.22916666666667,5.6875
Labuan,2022-11-06,26.791666666666668,9,29.333333333333332,87.79166666666667,2.5833333333333335
Labuan,2022-11-07,27.041666666666668,8.916666666666666,30.0625,88.125,2.5625
Labuan,2022-11-08,27.625,9,30.916666666666668,84.52083333333333,3.3333333333333335
Labuan,2022-11-09,27.5625,9,30.9375,83.72916666666667,3.4791666666666665
Labuan,2022-11-10,27.541666666666668,8.916666666666666,31.395833333333332,87.41666666666667,3
Labuan,2022-11-11,26.6875,7.770833333333333,29.3125,89.54166666666667,3.2708333333333335
Labuan,2022-11-12,26.44,7.88,28.76,89.88,2.96
Labuan,2022-11-13,27.130434782608695,8.608695652173912,30.152173913043477,87.1304347826087,5.173913043478261
Labuan,2022-11-14,27.104166666666668,8.25,30.333333333333332,89.97916666666667,3.3125
Labuan,2022-11-15,27.145833333333332,8.75,29.6875,85.5,5.458333333333333
Labuan,2022-11-16,27.166666666666668,9,29.645833333333332,85.04166666666667,2.6041666666666665
Labuan,2022-11-17,28.0625,9,32.125,84.875,3.5625
Labuan,2022-11-18,26.9375,8.375,29.875,88.5,4.0625
Labuan,2022-11-19,27.0625,9,29.8125,83.58333333333333,4.145833333333333
Labuan,2022-11-20,28.520833333333332,9,32.145833333333336,80.64583333333333,2.9166666666666665
Labuan,2022-11-21,28.065217391304348,8.956521739130435,32.54347826086956,84.06521739130434,3.0217391304347827
Labuan,2022-11-22,27.645833333333332,8.979166666666666,31.1875,81.75,6.0625
Labuan,2022-11-23,28.729166666666668,9,33.708333333333336,81.8125,4.916666666666667
Labuan,2022-11-24,27.4375,9,30.708333333333332,84.625,6.1875
Labuan,2022-11-25,27.541666666666668,9,30.395833333333332,79.41666666666667,3.5625
Labuan,2022-11-26,27.354166666666668,9,30,82.58333333333333,2.5416666666666665
Labuan,2022-11-27,26.916666666666668,8.916666666666666,29.479166666666668,86.54166666666667,3.1666666666666665
Labuan,2022-11-28,27.895833333333332,9,31,81.75,3.375
Labuan,2022-11-29,28.041666666666668,9,31.916666666666668,82.60416666666667,5.895833333333333
Labuan,2022-11-30,27.708333333333332,8.833333333333334,30.791666666666668,82.70833333333333,3.5416666666666665
Labuan,2022-12-01,26.6875,8.520833333333334,29.208333333333332,89.66666666666667,3.1875
Labuan,2022-12-02,26.979166666666668,9,29.729166666666668,86.83333333333333,4.6875
Labuan,2022-12-03,28.166666666666668,8.229166666666666,32.833333333333336,85.5625,3.9583333333333335
Labuan,2022-12-04,27.479166666666668,8.916666666666666,30.666666666666668,84.95833333333333,3.5833333333333335
Labuan,2022-12-05,27.625,9,31.25,84.64583333333333,4.708333333333333
Labuan,2022-12-06,27.708333333333332,9,31.145833333333332,84.29166666666667,4.395833333333333
Labuan,2022-12-07,28.020833333333332,8.854166666666666,31.583333333333332,83.04166666666667,3.375
Labuan,2022-12-08,27.395833333333332,8.458333333333334,30.5,85.875,4.020833333333333
Labuan,2022-12-09,26.229166666666668,8.125,28.333333333333332,89.3125,1.75
Labuan,2022-12-10,25.666666666666668,8.583333333333334,27.020833333333332,92,2.2083333333333335
Labuan,2022-12-11,26.4375,8.479166666666666,28.625,86.45833333333333,3.5416666666666665
Labuan,2022-12-12,25.8125,7.916666666666667,27.604166666666668,90.5625,3.5
Labuan,2022-12-13,25.791666666666668,8.5,27.0625,86.16666666666667,2.8125
Labuan,2022-12-14,26.8125,9,29.083333333333332,82.58333333333333,1.625
Labuan,2022-12-15,27.354166666666668,8.875,30.354166666666668,83.72916666666667,3.0625
Labuan,2022-12-16,26.229166666666668,7.791666666666667,28.208333333333332,88.10416666666667,6.541666666666667
Labuan,2022-12-17,26.8125,9,29.333333333333332,82.85416666666667,4.3125
Labuan,2022-12-18,27.854166666666668,9,31.333333333333332,81.54166666666667,7.145833333333333
Labuan,2022-12-19,27.708333333333332,9,31.229166666666668,83.02083333333333,3.4166666666666665
Labuan,2022-12-20,27.395833333333332,9,30.541666666666668,85.91666666666667,3.0208333333333335
Labuan,2022-12-21,27,9,29.75,86.35416666666667,4.541666666666667
Labuan,2022-12-22,25.895833333333332,8.791666666666666,27.5,90.1875,7.229166666666667
Labuan,2022-12-23,27.354166666666668,8.75,29.916666666666668,78.75,10.416666666666666
Labuan,2022-12-24,24.666666666666668,7.9375,25,94.04166666666667,2.8958333333333335
Labuan,2022-12-25,25.229166666666668,8.625,26.4375,88.83333333333333,4.5
Labuan,2022-12-26,23.479166666666668,7.833333333333333,23.520833333333332,93.66666666666667,6.083333333333333
Labuan,2022-12-27,25.416666666666668,9,26.625,85.27083333333333,2.4166666666666665
Labuan,2022-12-28,26.291666666666668,9,28.145833333333332,87,2.875
Labuan,2022-12-29,26.666666666666668,9,28.708333333333332,82.66666666666667,4.979166666666667
Labuan,2022-12-30,27.145833333333332,9,29.125,75,8.104166666666666
Labuan,2022-12-31,27.541666666666668,9,30.166666666666668,76.66666666666667,4.229166666666667
Melaka,2022-01-01,24.481889763779527,7.703412073490814,25.013123359580053,95.92125984251969,2.9031496062992126
Melaka,2022-01-02,23.751443569553807,7.981627296587926,23.826771653543307,98.46640419947506,1.7566929133858267
Melaka,2022-01-03,25.67657894736842,8.794736842105262,27.15,91.7571052631579,2.3242105263157895
Melaka,2022-01-04,27.120111731843576,8.868715083798882,28.762569832402235,86.51703910614525,3.489385474860335
Melaka,2022-01-05,26.792348284960422,8.78891820580475,29.010554089709764,88.16517150395778,2.8593667546174144
Melaka,2022-01-06,28.432460732984293,8.958115183246074,30.086387434554975,79.94109947643979,4.021989528795811
Melaka,2022-01-07,28.62539267015707,8.960732984293193,31.3717277486911,80.37486910994764,3.9636125654450263
Melaka,2022-01-08,28.18267716535433,9,30.650918635170605,83.0246719160105,6.229658792650919
Melaka,2022-01-09,28.445026178010473,9,30.73560209424084,80.30549738219895,5.423298429319372
Melaka,2022-01-10,28.141884816753926,9,29.421465968586386,77.55078534031414,5.333507853403141
Melaka,2022-01-11,27.823821989528795,9,28.740837696335078,77.1282722513089,4.243979057591623
Melaka,2022-01-12,27.84724409448819,9,28.556430446194227,75.9761154855643,7.054855643044619
Melaka,2022-01-13,27.76246719160105,9,28.018372703412073,69.73910761154856,7.085826771653544
Melaka,2022-01-14,27.570866141732285,9,27.805774278215225,70.84566929133858,6.6750656167979
Melaka,2022-01-15,27.936745406824148,9,28.553805774278214,71.18346456692913,6.356692913385827
Melaka,2022-01-16,28.09476439790576,9,29.479057591623036,77.267277486911,6.622774869109947
Melaka,2022-01-17,28.407068062827225,9,30.531413612565444,77.56361256544503,6.06151832460733
Melaka,2022-01-18,27.887696335078534,9,29.167539267015705,74.57434554973823,5.465183246073298
Melaka,2022-01-19,27.43464566929134,8.766404199475065,28.330708661417322,76.63727034120735,6.133333333333334
Melaka,2022-01-20,27.89476439790576,9,29.282722513089006,78.81230366492147,4.798429319371728
Melaka,2022-01-21,28.42696335078534,9,30.005235602094242,75.33664921465969,5.83979057591623
Melaka,2022-01-22,27.883202099737534,9,30.1496062992126,80.55774278215223,4.550393700787402
Melaka,2022-01-23,28.3,9,30.64566929133858,79.30813648293963,3.054068241469816
Melaka,2022-01-24,28.003954802259887,9,30.449152542372882,80.01129943502825,3.3675141242937854
Melaka,2022-01-25,27.96719160104987,9,30.559055118110237,81.98818897637796,4.546981627296588
Melaka,2022-01-26,28.655643044619424,9,30.53280839895013,75.4469816272966,4.2808398950131235
Melaka,2022-01-27,27.995526315789473,8.957894736842105,29.278947368421054,78.45315789473685,4.584736842105263
Melaka,2022-01-28,28.40473684210526,9,30.08684210526316,77.42315789473685,4.663421052631579
Melaka,2022-01-29,28.45078947368421,9,30.06578947368421,75.97947368421053,4.441052631578947
Melaka,2022-01-30,27.510732984293195,8.916230366492147,30.151832460732983,84.57774869109947,3.93979057591623
Melaka,2022-01-31,28.725130890052355,9,31.62041884816754,79.57617801047121,4.137434554973822
Melaka,2022-02-01,29.00712401055409,9,30.781002638522427,75.51081794195251,5.8931398416886545
Melaka,2022-02-02,28.555905511811023,9,31.062992125984252,78.72125984251969,4.393963254593176
Melaka,2022-02-03,27.23779527559055,8.958005249343833,28.58005249343832,85.88031496062992,4.440682414698163
Melaka,2022-02-04,28.694473684210525,9,30.568421052631578,78.6757894736842,6.867368421052632
Melaka,2022-02-05,27.125984251968504,8.965879265091864,28.83727034120735,85.82099737532809,5.511548556430446
Melaka,2022-02-06,26.936910994764396,8.845549738219896,29.269633507853403,86.47329842931937,3.5219895287958116
Melaka,2022-02-07,25.118930041152264,8.839506172839506,25.753086419753085,93.13662551440329,2.7728395061728395
Melaka,2022-02-08,26.643767313019392,9,27.750692520775623,85.90415512465374,3.774792243767313
Melaka,2022-02-09,27.059556786703602,8.725761772853186,29.09695290858726,87.47174515235457,3.8074792243767313
Melaka,2022-02-10,25.0565445026178,7.87434554973822,25.55759162303665,97.70837696335079,1.475916230366492
Melaka,2022-02-11,26.46272965879265,8.464566929133857,27.241469816272964,85.60393700787401,5.0007874015748035
Melaka,2022-02-12,27.61023622047244,9,29.561679790026247,82.01627296587927,3.4178477690288713
Melaka,2022-02-13,28.054712041884816,9,30.06544502617801,81.56282722513089,3.131151832460733
Melaka,2022-02-14,27.88031496062992,8.913385826771654,30.076115485564305,84.65905511811023,4.69501312335958
Melaka,2022-02-15,27.967015706806283,8.955497382198953,30.154450261780106,85.25706806282723,4.5895287958115185
Melaka,2022-02-16,26.941361256544504,8.916230366492147,28.62041884816754,85.72408376963351,4.444764397905759
Melaka,2022-02-17,28.318897637795274,9,29.61942257217848,76.83464566929133,3.169028871391076
Melaka,2022-02-18,28.53717277486911,9,31.157068062827225,80.90497382198953,4.746335078534031
Melaka,2022-02-19,28.5254593175853,8.958005249343833,30.703412073490814,77.8981627296588,3.478477690288714
Melaka,2022-02-20,27.678328981723237,8.788511749347258,30.62402088772846,86.38250652741515,4.857963446475196
Melaka,2022-02-21,27.274083769633506,8.88219895287958,29.214659685863875,85.48952879581152,4.4272251308900525
Melaka,2022-02-22,27.936387434554973,8.664921465968586,30.026178010471206,83.35157068062827,4.961256544502618
Melaka,2022-02-23,28.38451443569554,8.826771653543307,30.062992125984252,80.1766404199475,5.608923884514436
Melaka,2022-02-24,26.211811023622047,9,27.30971128608924,88.08608923884515,3.5204724409448818
Melaka,2022-02-25,27.294488188976377,8.779527559055119,29.19685039370079,84.16089238845144,3.653805774278215
Melaka,2022-02-26,27.595811518324606,9,30.020942408376964,84.92670157068063,1.96282722513089
Melaka,2022-02-27,27.534736842105264,8.489473684210527,29.08157894736842,86.4107894736842,4.49921052631579
Melaka,2022-02-28,27.650656167979,8.78740157480315,29.84251968503937,84.8015748031496,6.318635170603675
Melaka,2022-03-01,27.240526315789474,9,28.428947368421053,85.19447368421052,4.6947368421052635
Melaka,2022-03-02,27.18315789473684,8.91842105263158,29.071052631578947,87.46236842105263,4.237368421052632
Melaka,2022-03-03,28.30288713910761,8.916010498687664,30.338582677165356,81.6,4.913385826771654
Melaka,2022-03-04,27.55,8.436842105263159,29.123684210526317,86.68315789473684,3.252894736842105
Melaka,2022-03-05,26.729133858267716,9,28.64566929133858,89.13648293963254,3.579002624671916
Melaka,2022-03-06,27.278477690288714,9,29.611548556430446,86.68136482939633,2.0711286089238845
Melaka,2022-03-07,26.896286472148542,8.63395225464191,28.307692307692307,89.51034482758621,3.6201591511936337
Melaka,2022-03-08,27.427105263157895,9,29.30263157894737,87.68052631578948,3.2107894736842106
Melaka,2022-03-09,28.550918635170603,9,31.3753280839895,83.7251968503937,4.851968503937008
Melaka,2022-03-10,28.34776902887139,8.960629921259843,31.349081364829395,83.00813648293963,5.073753280839895
Melaka,2022-03-11,28.731496062992125,8.963254593175852,31.711286089238847,80.7745406824147,3.811286089238845
Melaka,2022-03-12,28.68950131233596,9,32.123359580052494,82.42808398950132,3.7719160104986877
Melaka,2022-03-13,29.11469816272966,9,32.16797900262467,79.697375328084,3.374015748031496
Melaka,2022-03-14,29.221784776902886,9,33.35958005249344,83.44750656167979,3.3223097112860893
Melaka,2022-03-15,27.783988764044945,9,30.741573033707866,87.25814606741574,3.65561797752809
Melaka,2022-03-16,28.458792650918635,8.776902887139107,30.989501312335957,83.79527559055119,2.6635170603674543
Melaka,2022-03-17,28.185340314136127,9,31.465968586387433,85.97565445026179,3.1594240837696335
Melaka,2022-03-18,27.899736147757256,8.91820580474934,30.54089709762533,84.84802110817942,2.9522427440633243
Melaka,2022-03-19,29.787123287671232,9,33.03013698630137,77.50986301369863,2.444109589041096
Melaka,2022-03-20,29.07032967032967,9,33.48626373626374,85.49615384615385,3.335989010989011
Melaka,2022-03-21,27.994240837696335,8.850785340314136,30.55759162303665,84.14607329842931,2.399476439790576
Melaka,2022-03-22,29.058115183246073,9,32.8717277486911,81.94424083769634,2.362041884816754
Melaka,2022-03-23,28.857853403141362,8.693717277486911,32.468586387434556,84.13534031413613,2.9958115183246075
Melaka,2022-03-24,28.563492063492063,8.915343915343914,31.375661375661377,81.28809523809524,3.2174603174603176
Melaka,2022-03-25,29.22020997375328,9,32.83464566929134,80.77191601049869,3.354330708661417
Melaka,2022-03-26,28.286772486772488,8.703703703703704,32.03968253968254,87.93756613756614,2.7185185185185183
Melaka,2022-03-27,28.840944881889765,8.73228346456693,32.32283464566929,81.96404199475066,3.89002624671916
Melaka,2022-03-28,28.80415335463259,8.70926517571885,33.07667731629393,84.68849840255591,2.95111821086262
Melaka,2022-03-29,28.78763157894737,8.95,31.981578947368423,81.20631578947368,3.832894736842105
Melaka,2022-03-30,29.465535248041775,9,32.51174934725849,79.59373368146214,3.906266318537859
Melaka,2022-03-31,28.475,9,31.802083333333332,74.44895833333334,8.071875
Melaka,2022-04-01,29.135770234986946,9,32.5509138381201,80.00287206266319,3.3741514360313314
Melaka,2022-04-02,28.53125,9,31.375,81.35520833333334,2.990625
Melaka,2022-04-03,28.06888888888889,9,30.463492063492062,82.01714285714286,3.4136507936507936
Melaka,2022-04-04,28.549867374005306,8.957559681697612,30.907161803713528,78.00954907161804,3.5350132625994695
Melaka,2022-04-05,27.486979166666668,8.666666666666666,29.989583333333332,87.76458333333333,3.2942708333333335
Melaka,2022-04-06,28.10890052356021,9,30.819371727748692,84.05759162303664,3.013874345549738
Melaka,2022-04-07,27.44621409921671,8.963446475195822,29.642297650130548,86.26266318537859,3.360574412532637
Melaka,2022-04-08,27.057480314960628,8.800524934383201,29.141732283464567,86.29107611548557,2.7574803149606297
Melaka,2022-04-09,26.9125,8.393229166666666,28.890625,86.84635416666667,3.1104166666666666
Melaka,2022-04-10,28.030158730158732,9,30.391534391534393,84.7600529100529,2.8851851851851853
Melaka,2022-04-11,28.07979002624672,8.963254593175852,30.587926509186353,85.96745406824147,2.0545931758530185
Melaka,2022-04-12,28.60052219321149,8.600522193211487,31.60574412532637,83.77728459530026,2.0553524804177545
Melaka,2022-04-13,29.402631578947368,8.960526315789474,33.52105263157895,81.70973684210526,2.476578947368421
Melaka,2022-04-14,29.213563829787233,9,33.0718085106383,82.84308510638297,2.784308510638298
Melaka,2022-04-15,27.613648293963255,8.921259842519685,30.824146981627297,88.39448818897638,2.322834645669291
Melaka,2022-04-16,28.68315789473684,9,31.931578947368422,85.48552631578947,1.9592105263157895
Melaka,2022-04-17,28.47650130548303,9,32.007832898172325,85.25169712793733,2.930809399477807
Melaka,2022-04-18,27.785117493472583,8.712793733681462,30.968668407310705,90.08563968668408,2.50443864229765
Melaka,2022-04-19,27.854068241469815,7.0682414698162725,30.902887139107612,90.00761154855643,1.7692913385826772
Melaka,2022-04-20,27.549081364829398,7.729658792650919,30.20997375328084,90.4979002624672,1.6724409448818898
Melaka,2022-04-21,26.475130890052355,8.146596858638743,28.672774869109947,92.92146596858639,2.0219895287958116
Melaka,2022-04-22,28.673177083333332,7.950520833333333,31.752604166666668,86.97838541666667,2.9791666666666665
Melaka,2022-04-23,27.689005235602092,8.75916230366492,31.615183246073297,91.95366492146597,2.2528795811518325
Melaka,2022-04-24,27.726509186351706,8.874015748031496,30.406824146981627,88.2498687664042,2.368766404199475
Melaka,2022-04-25,27.68717277486911,9,30.293193717277486,89.28534031413612,2.4204188481675395
Melaka,2022-04-26,27.65195822454308,8.498694516971279,30.856396866840733,90.36945169712794,1.46266318537859
Melaka,2022-04-27,28.502604166666668,7.932291666666667,33.080729166666664,88.77447916666667,2.72109375
Melaka,2022-04-28,28.561879895561358,8.921671018276763,32.63185378590078,87.54334203655353,2.018798955613577
Melaka,2022-04-29,28.488390501319262,8.327176781002638,32.638522427440634,87.99709762532981,2.787335092348285
Melaka,2022-04-30,27.510677083333334,9,30.6875,90.43958333333333,2.1791666666666667
Melaka,2022-05-01,26.880208333333332,8.502604166666666,29.583333333333332,94.45833333333333,1.0958333333333334
Melaka,2022-05-02,28.43324607329843,8.109947643979057,32.20942408376963,88.15680628272251,2.275916230366492
Melaka,2022-05-03,27.75495978552279,7.06970509383378,30.589812332439678,87.18042895442359,2.424128686327078
Melaka,2022-05-04,28.4644908616188,9,32.4177545691906,86.02140992167102,1.9911227154046998
Melaka,2022-05-05,28.6296875,8.955729166666666,32.026041666666664,85.5625,1.8940104166666667
Melaka,2022-05-06,28.054166666666667,8.255208333333334,31.713541666666668,89.66536458333333,2.15390625
Melaka,2022-05-07,27.678795811518324,8.12565445026178,31.657068062827225,91.48298429319372,2.668586387434555
Melaka,2022-05-08,28.252083333333335,8.8671875,32.109375,88.975,3.4208333333333334
Melaka,2022-05-09,29.186979166666667,8.325520833333334,34.190104166666664,86.22239583333334,3.7276041666666666
Melaka,2022-05-10,29.48828125,8.8671875,33.2109375,83.15234375,3.220572916666667
Melaka,2022-05-11,28.615104166666665,9,32.513020833333336,86.1984375,2.4854166666666666
Melaka,2022-05-12,29.165013054830286,9,34.29503916449086,85.8845953002611,3.0616187989556134
Melaka,2022-05-13,28.772251308900525,8.659685863874346,32.50785340314136,84.62382198952879,2.856806282722513
Melaka,2022-05-14,29.47734375,8.078125,33.421875,83.57473958333334,2.046875
Melaka,2022-05-15,29.127415143603134,8.953002610966058,34.27415143603133,87.55926892950392,2.0441253263707573
Melaka,2022-05-16,25.958485639686685,7.754569190600522,27.365535248041777,96.5845953002611,2.622715404699739
Melaka,2022-05-17,28.406005221932116,9,31.263707571801568,84,1.9195822454308094
Melaka,2022-05-18,29.05514511873351,9,32.382585751978894,82.74696569920845,1.867282321899736
Melaka,2022-05-19,28.162760416666668,8.640625,31.4765625,86.15989583333334,2.084114583333333
Melaka,2022-05-20,27.992931937172774,8.86910994764398,31.45026178010471,87.45104712041885,1.9034031413612567
Melaka,2022-05-21,28.527676240208876,8.3733681462141,32.78851174934726,88.56840731070496,2.020365535248042
Melaka,2022-05-22,28.487206266318537,8.955613577023499,32.55874673629243,88.51540469973891,2.077284595300261
Melaka,2022-05-23,29.463947368421053,8.786842105263158,34.32631578947368,84.17657894736843,2.3297368421052633
Melaka,2022-05-24,29.22068062827225,9,32.63612565445026,80.93298429319371,2.635078534031414
Melaka,2022-05-25,26.636387434554972,8.87434554973822,28.5,88.11465968586387,3.806020942408377
Melaka,2022-05-26,27.456510416666667,9,30.3359375,85.34817708333334,2.12734375
Melaka,2022-05-27,29.240469973890338,9,33.684073107049606,84.20757180156659,2.910182767624021
Melaka,2022-05-28,29.004177545691906,9,33.5822454308094,82.52950391644909,2.1300261096605744
Melaka,2022-05-29,29.20078125,8.825520833333334,32.6796875,81.32630208333333,2.269270833333333
Melaka,2022-05-30,29.571018276762402,9,33.407310704960835,79.10835509138381,2.5697127937336814
Melaka,2022-05-31,29.9355091383812,9,34.36553524804177,80.52976501305483,2.922454308093995
Melaka,2022-06-01,28.586945169712795,8.793733681462141,33.74412532637076,87.67911227154048,1.7446475195822455
Melaka,2022-06-02,27.775838926174497,7.590604026845638,32.07382550335571,87.90268456375838,2.966442953020134
Melaka,2022-06-03,28.146701846965698,8.617414248021108,31.298153034300793,83.73218997361478,2.6311345646437996
Melaka,2022-06-04,28.317447916666666,8.963541666666666,31.557291666666668,84.57473958333334,2.61953125
Melaka,2022-06-05,28.056770833333335,8.963541666666666,30.989583333333332,86.05234375,1.8786458333333333
Melaka,2022-06-06,28.647780678851174,8.537859007832898,31.33159268929504,84.7556135770235,2.722715404699739
Melaka,2022-06-07,28.009375,8.75,31.044270833333332,87.16067708333334,1.90390625
Melaka,2022-06-08,27.226041666666667,6.856770833333333,30.0859375,90.27994791666667,2.246354166666667
Melaka,2022-06-09,27.827415143603133,8.7911227154047,31.033942558746737,87.51409921671018,1.947780678851175
Melaka,2022-06-10,27.68929503916449,7.537859007832898,30.451697127937337,88.39582245430809,2.9843342036553526
Melaka,2022-06-11,27.142146596858638,8.704188481675393,29.971204188481675,90.33141361256544,3.1172774869109947
Melaka,2022-06-12,27.35130890052356,9,29.98167539267016,85.52565445026178,2.466492146596859
Melaka,2022-06-13,27.48203125,8.924479166666666,29.783854166666668,89.87421875,2.082291666666667
Melaka,2022-06-14,27.384635416666665,7.393229166666667,29.114583333333332,87.46901041666666,2.103645833333333
Melaka,2022-06-15,26.010416666666668,8.403645833333334,27.322916666666668,93.171875,1.6361979166666667
Melaka,2022-06-16,27.365625,8.3046875,29.6640625,87.28802083333333,2.3854166666666665
Melaka,2022-06-17,27.343229166666667,8.880208333333334,29.9296875,89.13932291666667,2.507552083333333
Melaka,2022-06-18,27.6578125,8.3046875,30.231770833333332,86.28177083333334,2.5859375
Melaka,2022-06-19,27.9328125,8.684895833333334,30.643229166666668,84.91041666666666,3.1802083333333333
Melaka,2022-06-20,26.984895833333333,8.364583333333334,29.627604166666668,88.26458333333333,2.552604166666667
Melaka,2022-06-21,27.13125,8.953125,29.888020833333332,90.23177083333333,1.6513020833333334
Melaka,2022-06-22,26.950520833333332,7.953125,29.4375,87.89713541666667,2.7002604166666666
Melaka,2022-06-23,26.99462365591398,7.873655913978495,29.64516129032258,89.83010752688172,2.352956989247312
Melaka,2022-06-24,27.89812332439678,8.96514745308311,31.621983914209114,86.47184986595174,2.3117962466487936
Melaka,2022-06-25,26.93828125,8.169270833333334,29.140625,88.7984375,2.3734375
Melaka,2022-06-26,28.76968085106383,8.74468085106383,32.223404255319146,84.90239361702127,3.0827127659574467
Melaka,2022-06-27,29.031210191082803,8.95859872611465,32.82484076433121,85.37802547770701,2.627388535031847
Melaka,2022-06-28,27.985793871866296,8.799442896935933,31.289693593314762,87.63871866295264,2.2484679665738163
Melaka,2022-06-29,28.81931216931217,9,33.097883597883595,82.60079365079365,2.620899470899471
Melaka,2022-06-30,27.79655172413793,8.60919540229885,30.103448275862068,73.25287356321839,7.303448275862069
Melaka,2022-07-01,28.51644908616188,9,30.765013054830288,82.32088772845952,2.2624020887728458
Melaka,2022-07-02,29.033072916666665,8.8359375,32.239583333333336,81.86432291666667,3.09765625
Melaka,2022-07-03,28.799479166666668,8.263020833333334,31.5078125,82.67057291666667,2.48828125
Melaka,2022-07-04,28.778645833333332,8.1953125,31.609375,82.06614583333334,1.8658854166666667
Melaka,2022-07-05,27.155613577023498,8.655352480417754,30.373368146214098,90.25509138381202,1.9921671018276763
Melaka,2022-07-06,25.545052083333335,8.041666666666666,27.231770833333332,95.32786458333334,2.29453125
Melaka,2022-07-07,27.593229166666667,8.921875,30.080729166666668,86.39088541666666,2.3950520833333333
Melaka,2022-07-08,28.247135416666666,8.932291666666666,31.864583333333332,85.21119791666666,2.261458333333333
Melaka,2022-07-09,28.921763085399448,9,31.62258953168044,80.22644628099174,1.9666666666666666
Melaka,2022-07-10,28.2648,9,31.538666666666668,83.09946666666667,2.789066666666667
Melaka,2022-07-11,27.912239583333335,8.9609375,30.479166666666668,87.93359375,1.9942708333333334
Melaka,2022-07-12,27.356770833333332,8.786458333333334,29.838541666666668,88.61666666666666,1.7700520833333333
Melaka,2022-07-13,28.162239583333335,8.833333333333334,31.255208333333332,85.55364583333333,1.72265625
Melaka,2022-07-14,28.299739583333334,8.5078125,32.638020833333336,89.14609375,1.4205729166666667
Melaka,2022-07-15,28.765885416666666,8.588541666666666,32.71875,86.97786458333333,2.6927083333333335
Melaka,2022-07-16,29.362760416666667,8.924479166666666,32.4140625,81.57083333333334,3.1497395833333335
Melaka,2022-07-17,29.798429319371728,9,34.17801047120419,80.46675392670157,2.9897905759162304
Melaka,2022-07-18,29.695549738219896,9,34.63350785340314,83.76204188481675,2.6578534031413614
Melaka,2022-07-19,28.133333333333333,8.690104166666666,31.838541666666668,89.65807291666667,2.1497395833333335
Melaka,2022-07-20,27.034986945169713,8.926892950391645,29.9556135770235,92.39634464751958,1.4694516971279374
Melaka,2022-07-21,27.932375979112273,7.472584856396867,30.75195822454308,87.31383812010444,2.0629242819843343
Melaka,2022-07-22,28.155729166666667,8.083333333333334,30.934895833333332,85.95911458333333,2.861197916666667
Melaka,2022-07-23,27.986458333333335,8.6015625,31.1875,86.29375,2.1078125
Melaka,2022-07-24,27.352864583333332,8.473958333333334,30.5390625,90.63541666666667,1.8997395833333333
Melaka,2022-07-25,27.720626631853786,8.370757180156659,31.27415143603133,89.54099216710183,1.7691906005221931
Melaka,2022-07-26,27.76299212598425,8.496062992125983,31.1496062992126,86.8997375328084,2.3566929133858268
Melaka,2022-07-27,28.332984293193718,8.68586387434555,32.12565445026178,86.6696335078534,3.386910994764398
Melaka,2022-07-28,27.965625,8.489583333333334,32.052083333333336,89.90078125,2.5377604166666665
Melaka,2022-07-29,26.294010416666666,8.380208333333334,28.7265625,92.90546875,2.1244791666666667
Melaka,2022-07-30,27.850520833333334,9,31.489583333333332,85.83984375,2.58203125
Melaka,2022-07-31,27.462760416666665,8.596354166666666,31.9765625,92.85442708333333,2.015364583333333
Melaka,2022-08-01,28.338903394255876,8.39686684073107,32.15404699738903,86.94699738903394,2.950130548302872
Melaka,2022-08-02,26.737760416666667,8.671875,29.307291666666668,91.15807291666667,2.841927083333333
Melaka,2022-08-03,26.059635416666666,7.645833333333333,28.2109375,95.78776041666667,1.2651041666666667
Melaka,2022-08-04,25.979166666666668,8.190104166666666,27.684895833333332,93.0671875,1.490625
Melaka,2022-08-05,27.421354166666667,8.338541666666666,29.854166666666668,86.38333333333334,1.5111979166666667
Melaka,2022-08-06,28.629947916666666,8.838541666666666,31.841145833333332,81.60078125,3.32734375
Melaka,2022-08-07,28.404166666666665,8.838541666666666,31.989583333333332,82.70208333333333,3.50078125
Melaka,2022-08-08,26.596614583333334,7.841145833333333,29.255208333333332,93.33515625,1.7078125
Melaka,2022-08-09,27.994010416666665,8.3203125,31.0625,87.25442708333334,1.95625
Melaka,2022-08-10,28.821875,8.6015625,32.791666666666664,86.31770833333333,2.6875
Melaka,2022-08-11,29.778125,8.9140625,34.541666666666664,82.56588541666666,3.228645833333333
Melaka,2022-08-12,30.007291666666667,8.911458333333334,35.0234375,81.69036458333333,3.4263020833333333
Melaka,2022-08-13,27.57734375,8.526041666666666,31.1640625,86.14401041666666,3.3486979166666666
Melaka,2022-08-14,28.89556135770235,9,32.467362924281986,81.98015665796345,2.910443864229765
Melaka,2022-08-15,28.01484375,8.536458333333334,32.096354166666664,87.55625,2.4385416666666666
Melaka,2022-08-16,27.65822454308094,8.39686684073107,30.657963446475197,85.46318537859008,2.5524804177545692
Melaka,2022-08-17,28.30626631853786,8.866840731070496,31.856396866840733,87.57806788511749,2.2806788511749345
Melaka,2022-08-18,27.34177545691906,7.968668407310705,30.14621409921671,89.4864229765013,2.84934725848564
Melaka,2022-08-19,28.05378590078329,8.451697127937337,30.91383812010444,85.2574412532637,2.328981723237598
Melaka,2022-08-20,27.319843342036553,8.715404699738903,30.31070496083551,89.13028720626632,2.3174934725848564
Melaka,2022-08-21,27.468848167539267,8.8717277486911,30.531413612565444,87.09083769633507,2.319371727748691
Melaka,2022-08-22,28.152741514360315,8.845953002610965,32.023498694516974,86.92793733681462,2.250130548302872
Melaka,2022-08-23,27.330989583333334,8.872395833333334,30.104166666666668,85.16875,2.68671875
Melaka,2022-08-24,28.001570680628273,9,31.096858638743456,84.69424083769634,2.231675392670157
Melaka,2022-08-25,27.81827676240209,8.323759791122715,31.81462140992167,88.22375979112272,3.1080939947780677
Melaka,2022-08-26,25.319270833333334,8.346354166666666,27.317708333333332,95.17265625,2.113020833333333
Melaka,2022-08-27,27.301041666666666,8.7890625,30.216145833333332,87.81171875,2.790625
Melaka,2022-08-28,26.734293193717278,9,29.269633507853403,90.37617801047121,2.5963350785340316
Melaka,2022-08-29,26.91649214659686,8.918848167539267,29.651832460732983,88.82303664921466,2.0162303664921466
Melaka,2022-08-30,27.167277486910994,8.167539267015707,29.952879581151834,87.88089005235602,2.4887434554973824
Melaka,2022-08-31,28.245052083333334,9,31.5625,86.1203125,1.9333333333333333
Melaka,2022-09-01,28.088020833333335,9,31.286458333333332,85.81614583333334,2.204947916666667
Melaka,2022-09-02,26.9378590078329,8.198433420365536,30.43603133159269,90.72297650130548,3.112532637075718
Melaka,2022-09-03,27.880526315789474,8.66578947368421,31.678947368421053,88.87736842105264,2.0286842105263156
Melaka,2022-09-04,28.234986945169712,8.681462140992167,32.010443864229764,82.21853785900784,2.4344647519582248
Melaka,2022-09-05,27.445833333333333,8.958333333333334,30.8828125,87.73723958333333,1.8911458333333333
Melaka,2022-09-06,28.393472584856397,8.96083550913838,31.783289817232376,85.0845953002611,2.3331592689295038
Melaka,2022-09-07,26.730989583333333,8.315104166666666,29.309895833333332,89.57005208333334,2.02734375
Melaka,2022-09-08,27.48560209424084,8.002617801047121,30.672774869109947,89.6151832460733,2.17434554973822
Melaka,2022-09-09,26.85859375,9,29.447916666666668,90.96223958333333,2.56640625
Melaka,2022-09-10,28.23515625,8.75,30.947916666666668,83.79505208333333,3.2411458333333334
Melaka,2022-09-11,26.673890339425586,8.71018276762402,29.114882506527415,89.46553524804177,2.1396866840731072
Melaka,2022-09-12,28.033244680851062,8.48936170212766,30.861702127659573,85.10984042553191,2.325
Melaka,2022-09-13,28.13463541666667,8.489583333333334,32.1171875,86.13880208333333,2.66640625
Melaka,2022-09-14,27.480156657963448,8.587467362924283,30.049608355091383,84.15248041775457,2.9026109660574413
Melaka,2022-09-15,27.41171875,8.765625,30.403645833333332,87.21380208333333,1.62578125
Melaka,2022-09-16,27.23717277486911,8.408376963350785,30.387434554973822,88.09607329842932,1.344764397905759
Melaka,2022-09-17,27.028459530026108,8.56396866840731,30.245430809399476,89.55900783289817,2.1691906005221933
Melaka,2022-09-18,26.194791666666667,6.755208333333333,28.473958333333332,90.90286458333334,2.519270833333333
Melaka,2022-09-19,28.036125654450263,9,31.277486910994764,86.39738219895288,2.114659685863874
Melaka,2022-09-20,26.69296875,8.828125,29.5,88.14166666666667,1.8125
Melaka,2022-09-21,27.829166666666666,8.354166666666666,30.96875,86.653125,2.29609375
Melaka,2022-09-22,26.058333333333334,7.85,28.416666666666668,88.54222222222222,4.235555555555556
Melaka,2022-09-23,28.064761904761905,8.917460317460318,31.50793650793651,85.07460317460317,1.9044444444444444
Melaka,2022-09-24,26.883202099737534,8.674540682414698,29.8005249343832,87.97401574803149,2.899475065616798
Melaka,2022-09-25,25.967708333333334,8.611979166666666,27.947916666666668,91.62526041666666,1.8536458333333334
Melaka,2022-09-26,27.811979166666667,9,31.059895833333332,85.8546875,2.349739583333333
Melaka,2022-09-27,28.108333333333334,8.919270833333334,31.4296875,83.05807291666666,2.68359375
Melaka,2022-09-28,28.181510416666665,9,32.4765625,85.35234375,1.9770833333333333
Melaka,2022-09-29,28.813020833333333,9,32.588541666666664,80.99322916666667,2.97578125
Melaka,2022-09-30,28.80864864864865,8.867567567567567,32.6945945945946,83.79243243243243,2.3916216216216215
Melaka,2022-10-01,27.36171875,8.369791666666666,29.856770833333332,88.3265625,2.763802083333333
Melaka,2022-10-02,26.48359375,8.919270833333334,28.515625,90.14921875,2.5473958333333333
Melaka,2022-10-03,26.969791666666666,8.442708333333334,29.927083333333332,92.88645833333334,2.77890625
Melaka,2022-10-04,26.244270833333335,8.752604166666666,28.481770833333332,92.73619791666667,2.507552083333333
Melaka,2022-10-05,26.659375,8.385416666666666,28.895833333333332,85.32291666666667,4.921875
Melaka,2022-10-06,26.91015625,8.75,29.3125,89.99348958333333,2.443489583333333
Melaka,2022-10-07,26.6328125,8.140625,27.841145833333332,92.09036458333334,2.521875
Melaka,2022-10-08,26.529947916666668,8.955729166666666,29,92.803125,1.39375
Melaka,2022-10-09,26.636458333333334,8.390625,28.229166666666668,84.44348958333333,2.7221354166666667
Melaka,2022-10-10,25.441145833333334,8.1015625,26.861979166666668,94.23463541666666,1.0119791666666667
Melaka,2022-10-11,27.236649214659685,8.756544502617801,29.32460732984293,89.37225130890053,1.6447643979057591
Melaka,2022-10-12,26.346875,8.1796875,27.9140625,85.65885416666667,2.596875
Melaka,2022-10-13,27.534114583333334,8.885416666666666,30.807291666666668,86.4140625,2.4213541666666667
Melaka,2022-10-14,28.074479166666666,8.955729166666666,31.359375,81.49817708333333,3.31875
Melaka,2022-10-15,27.89777777777778,8.876190476190477,31.34285714285714,83.39460317460318,2.2187301587301587
Melaka,2022-10-16,27.449081364829397,8.952755905511811,29.698162729658794,78.31496062992126,4.99763779527559
Melaka,2022-10-17,28.194010416666668,9,30.6953125,86.14973958333333,1.1221354166666666
Melaka,2022-10-18,28.549479166666668,8.8671875,31.575520833333332,86.19427083333333,2.6479166666666667
Melaka,2022-10-19,28.375260416666666,8.643229166666666,31.190104166666668,83.15572916666666,2.3002604166666667
Melaka,2022-10-20,28.401822916666667,8.953125,31.283854166666668,83.08020833333333,2.2661458333333333
Melaka,2022-10-21,29.03671875,9,33.028645833333336,79.49140625,2.4286458333333334
Melaka,2022-10-22,26.426822916666666,8.0703125,28.927083333333332,91.30182291666667,3.4729166666666664
Melaka,2022-10-23,26.619010416666665,9,29.2578125,92.63880208333333,3.0981770833333333
Melaka,2022-10-24,26.4296875,8.578125,28.598958333333332,92.14427083333334,2.86796875
Melaka,2022-10-25,26.781510416666666,8.635416666666666,29.296875,92.43046875,2.3604166666666666
Melaka,2022-10-26,26.466927083333335,8.921875,28.375,92.24869791666667,2.88515625
Melaka,2022-10-27,27.324479166666666,8.625,30.265625,88.25598958333333,3.8580729166666665
Melaka,2022-10-28,27.300260416666667,8.919270833333334,30.072916666666668,89.86484375,3.05546875
Melaka,2022-10-29,27.201822916666668,8.786458333333334,29.3828125,90.69192708333334,2.81875
Melaka,2022-10-30,27.96640625,8.697916666666666,30.794270833333332,88.0265625,3.3739583333333334
Melaka,2022-10-31,26.919791666666665,8.927083333333334,29.377604166666668,89.81041666666667,2.365364583333333
Melaka,2022-11-01,28.249739583333334,9,32.192708333333336,87.32161458333333,2.568229166666667
Melaka,2022-11-02,27.340104166666666,8.958333333333334,29.981770833333332,90.65807291666667,2.6557291666666667
Melaka,2022-11-03,27.446997389033942,7.804177545691906,30.30809399477807,90.84412532637076,1.5953002610966058
Melaka,2022-11-04,27.17421875,8.713541666666666,30.171875,89.59114583333333,2.353385416666667
Melaka,2022-11-05,26.523177083333334,8.705729166666666,28.455729166666668,92.35911458333334,1.6044270833333334
Melaka,2022-11-06,26.23107049608355,8.03916449086162,28.201044386422975,95.71253263707571,2.2381201044386425
Melaka,2022-11-07,27.537239583333335,8.830729166666666,29.950520833333332,87.41901041666667,2.2526041666666665
Melaka,2022-11-08,26.409114583333334,7.872395833333333,27.638020833333332,90.99010416666667,4.157291666666667
Melaka,2022-11-09,27.35234375,9,29.911458333333332,86.85234375,2.693489583333333
Melaka,2022-11-10,26.482291666666665,8.794270833333334,28.734375,94.45104166666667,1.4109375
Melaka,2022-11-11,26.35065274151436,8.3733681462141,28.052219321148826,92.43185378590078,2.8532637075718017
Melaka,2022-11-12,25.792380952380952,8.546031746031746,26.857142857142858,95.38603174603175,2.0165079365079364
Melaka,2022-11-13,26.591338582677164,7.94750656167979,28.509186351706038,92.60734908136483,2.342257217847769
Melaka,2022-11-14,25.9375,7.947916666666667,28.395833333333332,92.78098958333334,1.69765625
Melaka,2022-11-15,26.837760416666665,8.4140625,30.1796875,89.796875,2.0395833333333333
Melaka,2022-11-16,28.09375,8.796875,31.0078125,88.12239583333333,3.0484375
Melaka,2022-11-17,26.554947916666666,8.143229166666666,28.544270833333332,91.63776041666667,2.197135416666667
Melaka,2022-11-18,26.80234375,8.908854166666666,28.859375,91.35104166666666,2.105208333333333
Melaka,2022-11-19,25.69453125,8.018229166666666,27.697916666666668,95.20494791666667,1.78828125
Melaka,2022-11-20,26.871875,8.0703125,29.645833333333332,91.50390625,2.75
Melaka,2022-11-21,27.367708333333333,7.9609375,30.216145833333332,90.19921875,3.21484375
Melaka,2022-11-22,28.373958333333334,9,32.294270833333336,86.321875,3.5338541666666665
Melaka,2022-11-23,27.102864583333332,8.921875,30.088541666666668,90.24791666666667,2.4466145833333335
Melaka,2022-11-24,28.478125,8.921875,31.723958333333332,84.95651041666666,2.7075520833333333
Melaka,2022-11-25,27.4109375,8.958333333333334,29.895833333333332,88.16770833333334,1.7231770833333333
Melaka,2022-11-26,28.848177083333333,9,31.221354166666668,81.3546875,2.545052083333333
Melaka,2022-11-27,26.887760416666666,8.541666666666666,28.4453125,91.21822916666666,3.4322916666666665
Melaka,2022-11-28,26.903385416666666,8.9140625,28.752604166666668,90.72109375,4.2546875
Melaka,2022-11-29,26.205729166666668,8.653645833333334,27.453125,93.42057291666667,2.8953125
Melaka,2022-11-30,25.835416666666667,7.7890625,27.484375,93.72604166666666,2.49765625
Melaka,2022-12-01,25.960416666666667,8.658854166666666,27.497395833333332,94.17838541666667,2.429947916666667
Melaka,2022-12-02,26.242036553524805,8.877284595300262,28.237597911227155,93.20182767624021,2.6595300261096604
Melaka,2022-12-03,27.071875,9,29.690104166666668,89.08854166666667,3.017708333333333
Melaka,2022-12-04,27.572916666666668,9,30.6875,88.85052083333333,1.8356770833333333
Melaka,2022-12-05,26.5359375,8.666666666666666,28.338541666666668,93.31770833333333,1.9447916666666667
Melaka,2022-12-06,27.166927083333334,8.890625,28.575520833333332,90.37265625,2.6450520833333333
Melaka,2022-12-07,27.660677083333333,8.958333333333334,30.283854166666668,88.21041666666666,3.7567708333333334
Melaka,2022-12-08,25.21958224543081,8.54308093994778,26.378590078328983,94.76475195822454,2.2825065274151437
Melaka,2022-12-09,25.49375,8.838541666666666,26.799479166666668,93.98229166666667,2.634895833333333
Melaka,2022-12-10,25.43054830287206,7.814621409921671,26.258485639686683,95.02950391644909,2.373368146214099
Melaka,2022-12-11,26.186979166666667,9,27.59375,93.57083333333334,3.6109375
Melaka,2022-12-12,26.485416666666666,8.723958333333334,27.934895833333332,92.38463541666667,2.63046875
Melaka,2022-12-13,25.992447916666666,8.953125,27.5625,88.71015625,10.984375
Melaka,2022-12-14,25.747395833333332,8.875,27.2890625,86.94270833333333,12.411458333333334
Melaka,2022-12-15,25.665796344647518,8.926892950391645,27.080939947780678,88.22976501305483,10.308093994778067
Melaka,2022-12-16,26.888020833333332,9,29.3515625,82.5234375,11.84375
Melaka,2022-12-17,27.255208333333332,9,29.71875,79.21875,12.369791666666666
Melaka,2022-12-18,26.3125,8.630208333333334,28.283854166666668,85.47135416666667,8.330729166666666
Melaka,2022-12-19,25.578125,9,26.953125,86.43229166666667,12.627604166666666
Melaka,2022-12-20,26.6640625,9,28.8671875,81.77864583333333,10.080729166666666
Melaka,2022-12-21,26.515625,9,28.609375,84.41927083333333,6.9453125
Melaka,2022-12-22,25.841145833333332,8.848958333333334,27.432291666666668,86.88541666666667,5.901041666666667
Melaka,2022-12-23,26.369791666666668,9,28.364583333333332,84.83072916666667,7.197916666666667
Melaka,2022-12-24,26.846354166666668,9,28.473958333333332,76.95052083333333,14.744791666666666
Melaka,2022-12-25,26.796875,8.9609375,28.34375,72.2421875,14.03125
Melaka,2022-12-26,26.34375,9,27.924479166666668,76.11979166666667,16.0078125
Melaka,2022-12-27,26.78125,9,28.572916666666668,75.9609375,13.911458333333334
Melaka,2022-12-28,25.260416666666668,8.385416666666666,26.263020833333332,85.1015625,7.739583333333333
Melaka,2022-12-29,26.205729166666668,9,28.03125,83.32291666666667,5.979166666666667
Melaka,2022-12-30,27.083333333333332,8.6953125,29.294270833333332,78.73177083333333,7.145833333333333
Melaka,2022-12-31,26.34375,7.895833333333333,28.033854166666668,82.625,6.755208333333333
Pahang,2022-01-01,23.74122983870968,3.993951612903226,26.601814516129032,97.51512096774194,1.492842741935484
Pahang,2022-01-02,23.036947791164657,4.06425702811245,25.31024096385542,98.06827309236948,1.377309236947791
Pahang,2022-01-03,22.917171717171716,5.435353535353535,26.30909090909091,96.31858585858586,1.7932323232323233
Pahang,2022-01-04,24.703629032258064,8.453629032258064,26.858870967741936,93.26612903225806,1.7484879032258065
Pahang,2022-01-05,26.694326241134753,9,29.4468085106383,87.822695035461,1.9408308004052686
Pahang,2022-01-06,24.67250755287009,9,29.075528700906343,88.62447129909366,1.3706948640483383
Pahang,2022-01-07,24.455532994923857,9,28.91979695431472,90.22294416243655,1.5633502538071067
Pahang,2022-01-08,24.081754032258065,8.95866935483871,28.964717741935484,94.67459677419355,1.7506048387096773
Pahang,2022-01-09,24.865265265265265,9,29.214214214214213,90.1057057057057,1.7871871871871872
Pahang,2022-01-10,24.896653144016227,9,28.197768762677484,87.0371196754564,1.7907707910750508
Pahang,2022-01-11,23.275530839231546,9,28.48129423660263,86.99221435793731,1.7307381193124367
Pahang,2022-01-12,23.774773869346735,9,27.24321608040201,86.93045226130653,2.3624120603015077
Pahang,2022-01-13,22.6006993006993,9,27.225774225774227,84.01018981018981,2.0205794205794207
Pahang,2022-01-14,22.82653884964682,9,27.395560040363268,85.79979818365288,2.015539858728557
Pahang,2022-01-15,24.364386317907446,9,27.357142857142858,86.51368209255533,1.822334004024145
Pahang,2022-01-16,25.90295616717635,9,28.29051987767584,88.45117227319062,1.7896024464831803
Pahang,2022-01-17,25.236810431293883,8.670010030090271,26.86459378134403,90.9481444332999,2.024874623871615
Pahang,2022-01-18,24.977577577577577,9,27.96196196196196,88.81801801801802,1.7145145145145144
Pahang,2022-01-19,25.1849,9,28.021,89.145,2.2434
Pahang,2022-01-20,26.30270812437312,9,28.406218655967905,86.80822467402207,1.6910732196589768
Pahang,2022-01-21,24.91096579476861,9,28.240442655935613,87.65653923541248,1.839738430583501
Pahang,2022-01-22,23.271866666666668,9,28.24,89.9076,1.0408
Pahang,2022-01-23,25.61282894736842,9,29.401315789473685,87.33574561403509,1.269078947368421
Pahang,2022-01-24,23.903220858895704,9,28.207055214723926,91.71150306748466,0.9918711656441718
Pahang,2022-01-25,24.809598853868195,9,29.224928366762178,87.37865329512894,1.2830945558739255
Pahang,2022-01-26,23.03846153846154,9,28.59846153846154,90.12446153846153,1.0058461538461538
Pahang,2022-01-27,22.753156146179403,9,28.30730897009967,87.57823920265781,2.1194352159468437
Pahang,2022-01-28,26.257116788321166,9,29.875912408759124,82.86058394160584,3.567883211678832
Pahang,2022-01-29,24.529911699779248,9,28.364238410596027,86.49900662251656,1.6059602649006623
Pahang,2022-01-30,24.428424657534247,9,28.605022831050228,87.51198630136986,1.1777397260273972
Pahang,2022-01-31,24.835897435897436,9,28.81159420289855,87.44526198439242,1.6289855072463768
Pahang,2022-02-01,26.105369127516777,9,28.507829977628635,85.55167785234899,2.4768456375838928
Pahang,2022-02-02,26.108917835671342,9,29.475951903807616,84.90501002004008,1.487374749498998
Pahang,2022-02-03,25.37701793721973,9,29.98542600896861,90.71143497757848,1.995964125560538
Pahang,2022-02-04,24.87918502202643,8.816079295154186,29.88105726872247,91.27654185022027,2.2819383259911894
Pahang,2022-02-05,24.86241206030151,9,28.89145728643216,94.09778894472362,1.9331658291457285
Pahang,2022-02-06,24.731350114416475,8.329519450800916,27.662471395881006,93.16487414187642,1.787299771167048
Pahang,2022-02-07,23.993882352941178,8.489411764705883,25.55764705882353,96.37835294117647,1.8447058823529412
Pahang,2022-02-08,24.02931937172775,6.542757417102967,24.537521815008727,97.26282722513089,0.7785340314136125
Pahang,2022-02-09,25.000900900900902,8.782282282282281,26.906906906906908,95.91276276276277,0.9241741741741741
Pahang,2022-02-10,24.09009900990099,6.915841584158416,25.16171617161716,97.26468646864686,1.0844884488448845
Pahang,2022-02-11,23.509116809116808,8.717948717948717,23.548433048433047,97.70968660968661,1.4015669515669515
Pahang,2022-02-12,25.572033898305083,8.32768361581921,27.32909604519774,90.44194915254238,1.9637005649717514
Pahang,2022-02-13,26.38243626062323,9,28.01416430594901,88.27988668555241,1.6941926345609064
Pahang,2022-02-14,25.77716049382716,7.882716049382716,27.080246913580247,92.47572016460906,1.6525720164609055
Pahang,2022-02-15,25.335692618806874,7.522750252780586,27.050556117290192,92.71233569261881,1.2957532861476238
Pahang,2022-02-16,25.914673366834172,9,28.5678391959799,91.83668341708542,1.2122613065326633
Pahang,2022-02-17,24.601307847082495,8.324949698189135,27.30482897384306,91.81981891348089,0.8470824949698189
Pahang,2022-02-18,26.468304914744234,9,31.08224674022066,88.33550651955868,1.1
Pahang,2022-02-19,27.31086519114688,9,30.84708249496982,87.08943661971831,1.2862173038229376
Pahang,2022-02-20,26.822736418511067,8.911468812877263,29.885311871227366,90.45412474849094,1.3234406438631792
Pahang,2022-02-21,26.750301810865192,9,30.277665995975855,86.69044265593561,1.983903420523139
Pahang,2022-02-22,26.207923771313943,9,29.82948846539619,88.44252758274824,1.520160481444333
Pahang,2022-02-23,25.079216867469878,7.968875502008032,25.348393574297187,92.25381526104418,1.7956827309236947
Pahang,2022-02-24,23.345883534136547,5.488955823293173,23.41164658634538,98.19859437751003,0.5495983935742972
Pahang,2022-02-25,24.61622983870968,5.191532258064516,24.287298387096776,93.81280241935484,2.5356854838709677
Pahang,2022-02-26,26.0111,8.262,27.576,90.6118,1.5453
Pahang,2022-02-27,24.7063,6.737,26.061,96.7601,1.6877
Pahang,2022-02-28,25.030892678034103,8.61985957873621,28.00902708124373,93.03801404212638,1.926680040120361
Pahang,2022-03-01,24.462474849094566,9,28.74748490945674,94.0748490945674,1.3531187122736419
Pahang,2022-03-02,26.067105263157895,9,30.07591093117409,91.12611336032388,1.7658906882591092
Pahang,2022-03-03,26.801452282157676,9,30.687759336099585,89.42033195020747,2.004875518672199
Pahang,2022-03-04,25.73309499489275,8.917262512768131,27.823289070480083,93.96956077630234,1.48682328907048
Pahang,2022-03-05,26.3902,8.255,26.886,91.1462,1.4411
Pahang,2022-03-06,26.062058526740667,8.461150353178608,28.9313824419778,90.6095862764884,1.032694248234107
Pahang,2022-03-07,26.14556451612903,8.868951612903226,29.007056451612904,92.61824596774194,1.5787298387096775
Pahang,2022-03-08,26.758282828282827,9,30.044444444444444,88.89181818181818,1.5592929292929294
Pahang,2022-03-09,25.32675619834711,8.830578512396695,29.300619834710744,91.84473140495868,1.846797520661157
Pahang,2022-03-10,27.101816347124117,9,30.840565085771946,89.61977800201817,1.6627648839556004
Pahang,2022-03-11,27.420564516129033,9,30.65423387096774,87.51895161290322,1.451108870967742
Pahang,2022-03-12,27.013911290322582,8.745967741935484,30.032258064516128,85.87036290322581,1.7018145161290323
Pahang,2022-03-13,26.894959677419354,8.915322580645162,31.278225806451612,87.63175403225806,1.464415322580645
Pahang,2022-03-14,27.303951367781156,9,31.71631205673759,89.64924012158055,1.3386018237082067
Pahang,2022-03-15,26.61,9,31.424242424242426,90.95070707070707,1.082121212121212
Pahang,2022-03-16,27.55931174089069,9,31.482793522267208,89.1171052631579,1.4346153846153846
Pahang,2022-03-17,26.305443548387096,8.911290322580646,29.84576612903226,92.56381048387097,1.1721774193548387
Pahang,2022-03-18,26.840691759918617,8.758901322482197,30.246185147507628,89.13733468972534,1.0362156663275686
Pahang,2022-03-19,28.0035140562249,9,32.5070281124498,85.92961847389559,1.183433734939759
Pahang,2022-03-20,27.49727822580645,8.496975806451612,29.516129032258064,90.11864919354839,0.842741935483871
Pahang,2022-03-21,28.089564336372845,8.093211752786221,30.951367781155014,86.90628166160081,1.3219858156028368
Pahang,2022-03-22,27.04318637274549,8.139278557114228,31.225450901803608,92.1625250501002,0.9758517034068136
Pahang,2022-03-23,26.39667673716012,8.627391742195368,30.30110775427996,90.60845921450151,1.2406847935548841
Pahang,2022-03-24,27.406198347107438,8.197314049586776,31.33884297520661,86.43243801652892,1.1116735537190083
Pahang,2022-03-25,27.772525252525252,9,32.554545454545455,86.82020202020202,1.460909090909091
Pahang,2022-03-26,27.426565656565657,9,31.57777777777778,87.68282828282828,1.3951515151515153
Pahang,2022-03-27,27.636390101892285,9,29.28966521106259,86.03711790393012,1.289519650655022
Pahang,2022-03-28,28.008591065292094,9,31.053264604810998,87.20292096219931,1.234364261168385
Pahang,2022-03-29,28.234281650071125,9,31.917496443812233,86.00611664295874,1.7167852062588904
Pahang,2022-03-30,28.263881019830027,9,32.726628895184135,84.21118980169972,1.7303116147308781
Pahang,2022-03-31,27.354166666666668,7.875,30.5625,81.40972222222223,6.051388888888889
Pahang,2022-04-01,27.19090909090909,8.497902097902099,29.53006993006993,88.05468531468532,1.3468531468531468
Pahang,2022-04-02,27.07768115942029,8.869565217391305,29.771014492753622,89.51942028985508,1.3265217391304347
Pahang,2022-04-03,25.65469798657718,8.79026845637584,29.236577181208055,93.45822147651006,0.9699664429530201
Pahang,2022-04-04,26.772028985507248,8.630434782608695,30.786956521739132,90.93666666666667,1.1992753623188406
Pahang,2022-04-05,26.103120567375885,8.748936170212765,27.556028368794326,92.41787234042553,1.3536170212765957
Pahang,2022-04-06,26.524531024531026,9,28.69119769119769,89.94285714285714,1.484992784992785
Pahang,2022-04-07,25.158849557522124,8.679941002949853,28.941002949852507,93.41297935103245,1.2337758112094395
Pahang,2022-04-08,25.72280701754386,8.128654970760234,28.390350877192983,91.66154970760233,1.34546783625731
Pahang,2022-04-09,26.148837209302325,8.956395348837209,28.587209302325583,92.03648255813954,1.4111918604651164
Pahang,2022-04-10,27.31671469740634,8.585014409221902,31.021613832853024,89.2157060518732,1.1231988472622478
Pahang,2022-04-11,25.854545454545455,8.368035190615835,28.890029325513197,94.16319648093841,1.126099706744868
Pahang,2022-04-12,27.740672268907563,8.704201680672268,32.25546218487395,88.40789915966387,1.1127731092436974
Pahang,2022-04-13,26.689645390070922,8.052482269503546,29.302127659574467,91.14765957446808,1.0431205673758865
Pahang,2022-04-14,26.458898305084745,8.426553672316384,30.916666666666668,91.70536723163842,0.9608757062146893
Pahang,2022-04-15,26.92047477744807,9,32.583086053412465,91.5566765578635,1.0787833827893174
Pahang,2022-04-16,27.901349325337332,8.7901049475262365,30.679160419790104,89.0680659670165,0.8859070464767617
Pahang,2022-04-17,27.70239099859353,8.624472573839663,33.54852320675106,90.88832630098453,1.3219409282700423
Pahang,2022-04-18,27.572596843615496,7.9038737446197995,32.11047345767575,90.60114777618364,1.112051649928264
Pahang,2022-04-19,27.054071246819337,8.926208651399492,32.30534351145038,91.31653944020356,1.2302798982188294
Pahang,2022-04-20,27.34971590909091,8.958806818181818,30.625,89.79715909090909,1.3957386363636364
Pahang,2022-04-21,27.218361955085864,9,31.89431968295905,91.80132100396301,0.751783355350066
Pahang,2022-04-22,28.018476903870162,9,32.45942571785268,89.08252184769039,1.6866416978776528
Pahang,2022-04-23,27.86657183499289,9,31.860597439544808,89.88833570412518,1.5839260312944523
Pahang,2022-04-24,26.949686323713927,8.799247176913426,31.237139272271015,91.05106649937265,1.1829360100376412
Pahang,2022-04-25,26.30921052631579,8.623481781376519,32.874493927125506,89.65172064777327,0.7866396761133603
Pahang,2022-04-26,26.120443101711984,9,33.39677744209466,88.14924471299094,1.3931520644511581
Pahang,2022-04-27,25.649195171026157,9,34.17102615694165,90.66468812877264,1.269718309859155
Pahang,2022-04-28,26.847979797979797,9,33.11919191919192,87.98272727272727,1.0083838383838384
Pahang,2022-04-29,26.003853955375252,8.869168356997971,31.80628803245436,90.75304259634889,1.0941176470588236
Pahang,2022-04-30,25.26519558676028,8.494483450351053,30.80641925777332,90.79338014042126,1.1843530591775326
Pahang,2022-05-01,25.660978043912177,7.619760479041916,31.381237524950098,92.17285429141717,1.5027944111776448
Pahang,2022-05-02,24.61312625250501,7.825651302605211,30,93.67144288577154,1.1051102204408818
Pahang,2022-05-03,24.388520710059172,8.944378698224853,31.53491124260355,92.70461538461538,1.143431952662722
Pahang,2022-05-04,26.34261744966443,9,31.162192393736017,89.74552572706935,1.1675615212527963
Pahang,2022-05-05,26.735779816513762,8.664627930682977,32.17533129459735,90.16676860346585,1.1122324159021406
Pahang,2022-05-06,26.925374625374626,8.671328671328672,33.613386613386616,89.05134865134865,1.1978021978021978
Pahang,2022-05-07,27.4335,8.835,31.587,91.3547,0.976
Pahang,2022-05-08,26.835721493440968,8.717457114026237,31.558022199798184,93.30423814328961,0.8146316851664985
Pahang,2022-05-09,25.878024193548388,8.651209677419354,30.825604838709676,93.76995967741935,0.7806451612903226
Pahang,2022-05-10,26.336745138178095,8.35209825997953,32.78096212896622,91.19365404298874,1.1150460593654044
Pahang,2022-05-11,25.202136317395727,7.553407934893184,28.109867751780264,95.76042726347914,2.0747711088504577
Pahang,2022-05-12,26.801701701701703,8.306306306306306,29.61861861861862,90.696996996997,1.3156156156156156
Pahang,2022-05-13,27.321421107628005,8.424242424242424,31.28317659352142,89.09822361546499,0.854858934169279
Pahang,2022-05-14,27.463987792472025,8.320447609359105,32.09867751780264,90.79664292980671,0.8138351983723296
Pahang,2022-05-15,26.33617234468938,7.801603206412826,31.782565130260522,93.94218436873747,1.1895791583166333
Pahang,2022-05-16,25.66100502512563,8.624120603015076,29.493467336683416,94.21869346733668,1.7961809045226131
Pahang,2022-05-17,27.42385229540918,9,30.977045908183634,87.16397205588822,0.8925149700598802
Pahang,2022-05-18,28.360732451678533,9,32.4354018311292,88.75157680569684,0.7513733468972533
Pahang,2022-05-19,27.33388888888889,9,32.23888888888889,88.52744444444444,1.5333333333333334
Pahang,2022-05-20,28.288936170212764,8.472340425531915,32.13049645390071,87.09645390070922,0.6700709219858156
Pahang,2022-05-21,29.009672830725464,9,33.75960170697013,86.19886201991466,0.9066856330014225
Pahang,2022-05-22,28.354571026722926,8.876230661040788,34.641350210970465,87.25147679324894,1.0586497890295359
Pahang,2022-05-23,28.233143669985775,9,33.44807965860598,87.44011379800854,1.0133712660028449
Pahang,2022-05-24,28.236299435028247,8.735875706214689,33.41101694915254,87.85508474576271,1.1155367231638418
Pahang,2022-05-25,25.75389082462253,8.801393728222996,29.253193960511034,90.06980255516841,1.7960511033681765
Pahang,2022-05-26,25.471675126903552,8.91269035532995,30.720812182741117,87.13340101522843,0.9921827411167513
Pahang,2022-05-27,26.928,9,32.485,88.7964,1.0071
Pahang,2022-05-28,26.448897795591183,8.917835671342685,34.31062124248497,89.32294589178356,0.7811623246492986
Pahang,2022-05-29,26.381224899598394,8.876506024096386,32.808232931726906,86.41586345381526,0.6096385542168675
Pahang,2022-05-30,27.28678102926337,8.79212916246216,33.17860746720484,86.0619576185671,1.3492431886982845
Pahang,2022-05-31,28.807287449392714,8.956477732793521,32.899797570850204,86.20445344129554,0.9845141700404858
Pahang,2022-06-01,26.832790224032586,8.707739307535642,29.877800407331975,89.58421588594705,2.279124236252546
Pahang,2022-06-02,26.379032258064516,8.03225806451613,29.06451612903226,89.54838709677419,2.8858870967741934
Pahang,2022-06-03,25.61148717948718,8.322051282051282,30.49025641025641,90.07682051282052,1.0621538461538462
Pahang,2022-06-04,25.84428879310345,8.864224137931034,30.410560344827587,88.85657327586208,1.6732758620689656
Pahang,2022-06-05,26.90196353436185,9,30.778401122019634,92.34165497896213,0.6931276297335204
Pahang,2022-06-06,27.156257046223224,8.801578354002254,34.20293122886133,87.19797068771139,1.2023675310033821
Pahang,2022-06-07,26.476861167002014,8.753521126760564,31.739436619718308,89.52173038229377,1.4450704225352113
Pahang,2022-06-08,26.57502601456816,8.494276795005202,31.12486992715921,90.91914672216441,1.0802289281997919
Pahang,2022-06-09,27.14258474576271,9,31.173728813559322,89.36112288135593,1.1054025423728813
Pahang,2022-06-10,27.6698224852071,9,33.05621301775148,88.27751479289941,0.9247041420118344
Pahang,2022-06-11,25.88884165781084,9,30.800212539851223,93.79638682252923,0.9402763018065887
Pahang,2022-06-12,26.144069529652352,7.969325153374233,28.969325153374232,92.14846625766872,0.71871165644171775
Pahang,2022-06-13,26.517386934673368,9,31.046231155778894,90.61447236180905,1.0736683417085426
Pahang,2022-06-14,26.17761044176707,8.506024096385541,31.66164658634538,90.4828313253012,1.1950803212851406
Pahang,2022-06-15,26.434234234234236,8.907907907907909,32.194194194194196,91.33203203203203,0.9290290290290291
Pahang,2022-06-16,26.506740442655936,8.958752515090543,31.378269617706238,89.94446680080483,1.075553319919517
Pahang,2022-06-17,25.718444666001993,8.918245264207378,33.266201395812566,91.0173479561316,1.269790628115653
Pahang,2022-06-18,26.14090909090909,8.66868686868687,31.58989898989899,89.61020202020202,0.8714141414141414
Pahang,2022-06-19,27.07409638554217,8.697791164658634,31.730923694779115,88.77620481927711,0.9605421686746988
Pahang,2022-06-20,25.942871794871795,8.70051282051282,31.285128205128206,91.19712820512821,1.4287179487179487
Pahang,2022-06-21,25.902304609218437,8.960921843687375,31.761523046092183,90.25511022044088,1.2884769539078156
Pahang,2022-06-22,26.269718309859154,9,32.52313883299799,88.24839034205232,1.556338028169014
Pahang,2022-06-23,25.843460764587526,9,32.68209255533199,90.520523138833,1.43420523138833
Pahang,2022-06-24,25.9653961885657,9,33.27382146439318,88.94954864593781,1.8092276830491474
Pahang,2022-06-25,25.127942681678608,9,30.463664278403275,87.33213920163766,1.8321392016376663
Pahang,2022-06-26,26.6774,9,32.626,90.0281,1.0982
Pahang,2022-06-27,26.678171428571428,9,33.862857142857145,89.02125714285714,0.7144
Pahang,2022-06-28,26.519536757301108,9,32.00100704934542,90.6901309164149,1.37472306143001
Pahang,2022-06-29,26.766166166166165,7.767767767767768,31.535535535535537,89.41831831831831,1.3425425425425426
Pahang,2022-06-30,28.084722222222222,8.944444444444445,31.541666666666668,79.57638888888889,5.273611111111111
Pahang,2022-07-01,26.618927125506072,9,32.87753036437247,86.53491902834008,1.1998987854251013
Pahang,2022-07-02,26.012450199203187,9,32.98605577689243,86.10826693227092,1.9795816733067728
Pahang,2022-07-03,27.282153539381856,9,33.99900299102692,86.03918245264208,1.6450648055832502
Pahang,2022-07-04,28.20499001996008,8.920159680638722,33.77744510978044,85.75399201596807,0.8261477045908183
Pahang,2022-07-05,27.2835187057634,7.87360970677452,31.262891809909,89.95035389282103,1.106875631951466
Pahang,2022-07-06,26.257684630738524,8.416167664670658,30.97804391217565,91.44071856287425,0.6714570858283433
Pahang,2022-07-07,28.12689585439838,8.460060667340748,32.2376137512639,88.01274014155713,0.824469160768453
Pahang,2022-07-08,27.480321285140562,9,33.28815261044177,87.58042168674699,1.0781124497991967
Pahang,2022-07-09,27.680441323971916,9,32.418254764292875,84.50090270812437,1.790270812437312
Pahang,2022-07-10,26.64097706879362,8.81555333998006,31.05483549351944,90.62891326021933,0.772382851445663
Pahang,2022-07-11,26.169447236180904,8.94070351758794,30.873366834170856,91.40874371859296,0.8492462311557789
Pahang,2022-07-12,25.581354166666667,8.7375,27.910416666666666,92.64739583333333,1.5538541666666665
Pahang,2022-07-13,26.41948051948052,9,31.71028971028971,89.12817182817183,0.7275724275724276
Pahang,2022-07-14,25.725630676084762,9,33.58930373360242,87.60857719475277,0.8861755802219979
Pahang,2022-07-15,26.45299492385787,9,32.43756345177665,86.2379695431472,0.721015228426396
Pahang,2022-07-16,26.646240988671472,8.617919670442843,32.1524201853759,89.56271884654994,0.5930998970133883
Pahang,2022-07-17,27.336649746192894,8.995939086294417,33.18578680203046,89.0107614213198,0.7793908629441625
Pahang,2022-07-18,28.434010152284262,8.924873096446701,34.833502538071066,87.39766497461929,0.8100507614213198
Pahang,2022-07-19,26.929618473895584,8.448795180722891,32.3925702811245,90.03795180722892,1.3009036144578314
Pahang,2022-07-20,25.547532729103725,8.586102719033233,30.662638469284996,92.39909365558913,1.3014098690835851
Pahang,2022-07-21,25.912087912087912,8.835164835164836,31.086913086913086,89.72177822177822,0.8346653346653347
Pahang,2022-07-22,27.316566265060242,9,31.51305220883534,87.33835341365462,1.46214859437751
Pahang,2022-07-23,27.350898203592813,9,31.75449101796407,87.03712574850299,1.019061876247505
Pahang,2022-07-24,26.618825910931175,9,31.393724696356276,89.41437246963562,1.1112348178137652
Pahang,2022-07-25,25.994528875379938,8.69402228976697,29.926038500506586,90.23606889564337,0.8825734549138804
Pahang,2022-07-26,25.85560081466395,8.917515274949084,30.627291242362524,90.32810590631365,0.9434826883910387
Pahang,2022-07-27,26.011345381526105,8.47991967871486,30.926706827309236,92.2277108433735,0.8786144578313253
Pahang,2022-07-28,24.188145896656536,8.828774062816615,28.76697061803445,94.05187436676799,0.9236068895643363
Pahang,2022-07-29,23.949451645064805,8.442671984047857,29.056829511465605,92.83549351944167,2.136590229312064
Pahang,2022-07-30,26.394694694694696,8.876876876876876,31.88088088088088,87.64754754754755,2.0452452452452454
Pahang,2022-07-31,25.44894894894895,8.53953953953954,29.726726726726728,92.67657657657658,1.1667667667667667
Pahang,2022-08-01,26.232835820895524,8.759203980099503,32.006965174129355,90.05114427860697,0.9432835820895522
Pahang,2022-08-02,26.30776892430279,8.707171314741036,30.448207171314742,90.70348605577689,1.1675298804780876
Pahang,2022-08-03,25.344141414141415,8.535353535353535,28.687878787878788,94.03080808080809,1.2869696969696969
Pahang,2022-08-04,25.274325674325674,8.205794205794206,28.536463536463536,95.4938061938062,0.6433566433566433
Pahang,2022-08-05,26.48626865671642,8.479601990049751,29.97910447761194,91.16825870646767,0.9905472636815921
Pahang,2022-08-06,26.24005994005994,8.73926073926074,30.251748251748253,90.47832167832168,1.214985014985015
Pahang,2022-08-07,27.591026919242275,9,31.97507477567298,86.4544366899302,1.389332003988036
Pahang,2022-08-08,26.32754491017964,9,32.124750499002,91.22984031936127,1.1375249500998004
Pahang,2022-08-09,26.65756972111554,8.877490039840637,31.741035856573706,87.16513944223108,0.7326693227091633
Pahang,2022-08-10,27.1932527693857,8.484390735146022,33.14098690835851,86.96968781470292,0.9811681772406848
Pahang,2022-08-11,28.645129224652088,9,34.82306163021869,85.43608349900596,1.160934393638171
Pahang,2022-08-12,27.58801198801199,8.54045954045954,34.82617382617383,88.47022977022976,1.7336663336663336
Pahang,2022-08-13,26.736995967741937,9,31.32157258064516,87.98931451612903,1.2818548387096775
Pahang,2022-08-14,26.986726546906187,8.750499001996008,31.25748502994012,88.48243512974052,1.603193612774451
Pahang,2022-08-15,26.046959122632103,8.918245264207378,30.965104685942173,90.24895314057827,0.9286141575274177
Pahang,2022-08-16,25.99149149149149,9,31.7007007007007,89.45355355355355,2.46996996996997
Pahang,2022-08-17,26.46314720812183,7.964467005076142,30.185786802030456,91.057461928934,1.0862944162436547
Pahang,2022-08-18,26.470493454179255,8.995971802618328,30.914400805639477,89.47079556898288,0.9329305135951662
Pahang,2022-08-19,26.848490945674044,9,32.856136820925556,86.83561368209256,0.7716297786720322
Pahang,2022-08-20,24.079241516966068,8.776447105788423,30.739520958083833,92.59570858283433,1.2450099800399201
Pahang,2022-08-21,24.70752256770311,8.885656970912738,30.28986960882648,91.52377131394182,2.5231695085255765
Pahang,2022-08-22,25.41813627254509,9,31.329659318637276,89.55290581162325,1.0630260521042083
Pahang,2022-08-23,23.526104417670684,8.891566265060241,29.382530120481928,92.84006024096385,0.7625502008032129
Pahang,2022-08-24,24.60840932117528,8.66565349544073,32.06281661600811,89.3531914893617,2.3088145896656536
Pahang,2022-08-25,24.025474525474525,9,30.668331668331668,92.7974025974026,1.5896103896103897
Pahang,2022-08-26,23.5912,9,27.623,94.2156,3.1232
Pahang,2022-08-27,26.399100899100898,8.824175824175825,29.4995004995005,88.45694305694306,1.1514485514485515
Pahang,2022-08-28,25.1246015936255,8.77988047808765,30.433266932270918,91.80278884462152,0.747211155378486
Pahang,2022-08-29,24.50090270812437,8.956870611835507,30.124373119358076,92.44042126379138,0.7078234704112337
Pahang,2022-08-30,25.034959349593496,8.365853658536585,31.48170731707317,90.81941056910568,1.0170731707317073
Pahang,2022-08-31,25.42327672327672,9,31.583416583416582,89.35784215784216,0.9857142857142858
Pahang,2022-09-01,25.66936936936937,8.962962962962964,33.374374374374376,89.12422422422422,0.9362362362362362
Pahang,2022-09-02,25.959018036072145,7.647294589178356,30.615230460921843,91.09629258517035,1.383066132264529
Pahang,2022-09-03,26.763343403826788,8.460221550855993,31.841893252769385,89.14340382678752,1.11067472306143
Pahang,2022-09-04,26.43502994011976,9,34.04590818363273,85.66417165668663,1.259680638722555
Pahang,2022-09-05,25.86187624750499,8.916167664670658,33.007984031936125,89.70978043912176,0.5400199600798403
Pahang,2022-09-06,26.54606181455633,8.409770687936192,31.574277168494515,89.56510468594217,1.1463609172482552
Pahang,2022-09-07,25.036472945891784,8.82865731462926,29.506012024048097,93.16462925851704,1.1814629258517033
Pahang,2022-09-08,26.9125,9,31.394,91.1037,0.8373
Pahang,2022-09-09,26.530637007077857,8.653185035389281,31.345803842264914,91.40080889787664,0.8553083923154702
Pahang,2022-09-10,26.022076612903227,9,29.61592741935484,91.1585685483871,0.5291330645161291
Pahang,2022-09-11,24.06986027944112,8.145708582834331,28.214570858283434,93.42315369261478,1.0578842315369261
Pahang,2022-09-12,24.326520438683946,8.364905284147557,30.147557328015953,89.33250249252244,0.4978065802592223
Pahang,2022-09-13,25.118141097424413,8.38521836506159,29.69204927211646,87.70996640537514,1.16528555431131
Pahang,2022-09-14,24.80390625,8.911458333333334,27.60546875,88.1421875,1.9541666666666666
Pahang,2022-09-15,25.81975806451613,8.78024193548387,28.833669354838708,91.6070564516129,1.121673387096774
Pahang,2022-09-16,24.653453453453455,8.915915915915916,31.65865865865866,91.23883883883884,0.7761761761761762
Pahang,2022-09-17,24.7563126252505,9,30.36673346693387,90.69078156312625,0.848496993987976
Pahang,2022-09-18,23.945908183632735,8.446107784431138,27.657684630738522,91.72115768463074,1.1758483033932137
Pahang,2022-09-19,24.670161290322582,8.678427419354838,28.956653225806452,88.25040322580645,1.1663306451612903
Pahang,2022-09-20,24.205645161290324,8.045362903225806,29.96673387096774,90.67016129032258,1.036391129032258
Pahang,2022-09-21,24.469137055837564,8.22741116751269,30.4,89.5297461928934,1.7865989847715735
Pahang,2022-09-22,23.2468085106383,8.960106382978724,26.872340425531913,92.02553191489362,2.976063829787234
Pahang,2022-09-23,23.983465458663648,8.835787089467724,29.630804077010193,88.72944507361268,0.7978482446206115
Pahang,2022-09-24,24.883183183183185,8.572572572572573,30.37737737737738,87.64654654654655,1.3262262262262263
Pahang,2022-09-25,24.97416750756811,9,31.903128153380425,86.37810292633704,1.5495459132189708
Pahang,2022-09-26,25.39671314741036,9,31.86454183266932,87.23077689243028,0.9796812749003984
Pahang,2022-09-27,25.902290836653385,9,31.47410358565737,87.36125498007968,1.1402390438247012
Pahang,2022-09-28,23.963320079522862,8.802186878727634,29.943339960238568,92.53528827037773,1.7515904572564611
Pahang,2022-09-29,25.83094527363184,8.874626865671642,29.951243781094526,87.63860696517413,1.526766169154229
Pahang,2022-09-30,26.090537848605578,8.872509960159363,31.15836653386454,90.3574701195219,0.9971115537848606
Pahang,2022-10-01,25.97753259779338,8.212637913741224,28.245737211634903,89.57031093279839,1.5803410230692077
Pahang,2022-10-02,24.716949152542373,7.8245264207377865,27.863409770687937,95.36001994017946,0.6312063808574278
Pahang,2022-10-03,26.122377622377623,8.707292707292707,28.537462537462538,91.76633366633367,1.1671328671328671
Pahang,2022-10-04,26.140219560878243,8.589820359281438,28.710578842315368,92.47924151696607,0.9934131736526947
Pahang,2022-10-05,25.681944444444444,8.67361111111111,27.17361111111111,88.16666666666667,2.9444444444444446
Pahang,2022-10-06,25.03490959666203,8.91933240611961,29.375521557719054,92.50556328233658,1.2
Pahang,2022-10-07,25.3664113785558,7.276805251641138,27.24507658643326,93.41575492341357,1.2076586433260394
Pahang,2022-10-08,25.139701492537313,8.204975124378109,27.714427860696517,92.31502487562189,0.9882587064676617
Pahang,2022-10-09,24.49681908548708,8.704771371769384,28.947316103379723,92.03180914512923,1.2046719681908549
Pahang,2022-10-10,25.467629482071715,9,29.2699203187251,91.99990039840637,0.92659362549800794
Pahang,2022-10-11,25.766933066933067,8.614385614385615,29.083916083916083,90.77412587412587,0.922077922077922
Pahang,2022-10-12,25.622423398328692,7.9665738161559885,27.997214484679667,91.7859331476323,1.0779944289693593
Pahang,2022-10-13,25.72559109874826,8.205841446453407,28.28094575799722,90.57635605006953,1.7713490959666203
Pahang,2022-10-14,24.420194986072424,7.197771587743732,27.775766016713092,90.16197771587744,2.5949860724233984
Pahang,2022-10-15,23.086754966887415,7.302980132450331,28.263245033112582,91.76705298013245,4.53046357615894
Pahang,2022-10-16,26.41570827489481,8.541374474053296,29.744740532959327,90.58527349228612,1.5517531556802244
Pahang,2022-10-17,25.781502086230876,7.6912378303198885,28.671766342141865,90.89499304589708,1.6243393602225313
Pahang,2022-10-18,25.662622036262203,8.454672245467224,30.461645746164574,91.70167364016737,1.4847977684797768
Pahang,2022-10-19,25.69818941504178,7.600278551532034,31.250696378830085,91.08649025069637,1.4739554317548746
Pahang,2022-10-20,26.047771587743732,8.299442896935933,30.045961002785514,90.06949860724234,1.6926183844011142
Pahang,2022-10-21,25.74645340751043,8.617524339360223,29.169680111265645,91.95215577190542,2.200278164116829
Pahang,2022-10-22,25.22632311977716,8.827298050139277,27.9066852367688,92.25376044568245,2.8846796657381617
Pahang,2022-10-23,25.866016713091923,8.289693593314762,28.090529247910865,92.7516713091922,1.5532033426183844
Pahang,2022-10-24,26.099442896935933,8.871866295264624,29.36350974930362,90.871727019498607,1.6646239554317548
Pahang,2022-10-25,25.50849582172702,8,28.945682451253482,91.99860724233983,1.65974930362117
Pahang,2022-10-26,24.98774373259053,8.71866295264624,28.303621169916436,93.74233983286908,1.2220055710306408
Pahang,2022-10-27,25.548467966573817,8.183844011142062,29.285515320334262,91.45348189415041,1.8792479108635098
Pahang,2022-10-28,25.29276773296245,6.9332406119610575,27.671766342141865,93.65841446453408,1.1885952712100138
Pahang,2022-10-29,26.092479108635096,7.541782729805014,26.74373259052925,93.5408077994429,1.4221448467966573
Pahang,2022-10-30,25.927538247566066,8.502086230876216,28.609179415855355,90.97510431154382,1.8830319888734353
Pahang,2022-10-31,25.69359331476323,8.367688022284122,28.569637883008358,93.02994428969359,1.2731197771587743
Pahang,2022-11-01,25.401810584958216,6.681058495821727,26.862116991643454,94.24206128133704,1.627158774373259
Pahang,2022-11-02,24.99484679665738,8.071030640668523,27.690807799442897,93.18607242339833,1.1263231197771588
Pahang,2022-11-03,25.425801952580194,7.691771269177127,29.429567642956766,92.90027894002789,1.2726638772663876
Pahang,2022-11-04,25.374094707520893,8.263231197771587,28.850974930362117,95.14610027855153,1.3051532033426183
Pahang,2022-11-05,25.84036312849162,8.079608938547485,27.769553072625698,93.99539106145251,0.9934357541899441
Pahang,2022-11-06,24.859888579387185,8.538997214484679,28.261838440111422,95.17924791086351,1.1455431754874652
Pahang,2022-11-07,24.61029207232267,7.7635605006954105,28.65785813630042,91.81140472878998,1.0983310152990264
Pahang,2022-11-08,24.367130919220056,7.9665738161559885,28.079387186629525,93.15863509749303,1.330640668523677
Pahang,2022-11-09,25.969401947148818,9,29.247566063977747,91.23894297635606,2.107510431154381
Pahang,2022-11-10,24.824186704384726,7.68033946251768,27.26025459688826,94.9998585572843,1.8908062234794907
Pahang,2022-11-11,24.572600834492352,7.744089012517385,26.567454798331017,95.9471488178025,1.4954102920723227
Pahang,2022-11-12,25.161258278145695,8.41225165562914,26.783112582781456,94.80380794701986,1.1289735099337748
Pahang,2022-11-13,25.471528751753155,9,28.193548387096776,93.09565217391304,1.132398316970547
Pahang,2022-11-14,24.884401114206128,8.750696378830083,27.70891364902507,95.1041782729805,0.7402506963788301
Pahang,2022-11-15,26.730125523012553,7.5843793584379355,28.08926080892608,91.24574616457461,1.3651324965132496
Pahang,2022-11-16,25.147771587743733,8.2966573816156,28.589136490250695,93.83844011142061,1.3286908077994428
Pahang,2022-11-17,24.223226703755216,8.6230876216968,30.25452016689847,92.95118219749652,1.2917941585535466
Pahang,2022-11-18,25.62325905292479,8.00974930362117,28.60724233983287,92.97618384401115,1.8431754874651811
Pahang,2022-11-19,24.845961002785515,8.020891364902507,28.207520891364904,93.84331476323119,1.2837047353760445
Pahang,2022-11-20,24.614623955431753,8.73816155988858,29.522284122562674,90.19387186629527,1.1136490250696378
Pahang,2022-11-21,24.277437325905293,8.871866295264624,30.895543175487465,92.11072423398329,3.0267409470752087
Pahang,2022-11-22,24.57986842105263,8.676315789473684,31.00263157894737,86.5725,4.549473684210526
Pahang,2022-11-23,25.263435582822087,9,30.755828220858895,85.4598773006135,4.054233128834356
Pahang,2022-11-24,25.64017199017199,8.964373464373464,31.352579852579854,84.76142506142506,2.7434889434889436
Pahang,2022-11-25,24.108711656441717,8.704294478527608,28.30920245398773,87.42858895705521,1.0736196319018405
Pahang,2022-11-26,23.861670761670762,8.203931203931203,28.32800982800983,90.32616707616708,1.1171990171990172
Pahang,2022-11-27,25.013267813267813,9,28.186732186732186,91.35675675675675,1.0885749385749386
Pahang,2022-11-28,25.216093366093364,8.226044226044227,30.002457002457003,87.4882063882064,1.5648648648648649
Pahang,2022-11-29,25.783565107458912,8.871049304677623,30.175726927939316,87.04007585335019,1.4189633375474084
Pahang,2022-11-30,23.175487465181057,8.874651810584957,28.685236768802227,93.01852367688022,1.3523676880222841
Pahang,2022-12-01,22.563623595505618,8.912921348314606,28.328651685393258,91.6747191011236,1.9082865168539327
Pahang,2022-12-02,23.420310478654592,9,28.358344113842172,89.45873221216041,1.6703751617076326
Pahang,2022-12-03,24.99590570719603,8.878411910669975,28.00620347394541,90.51327543424317,1.1337468982630272
Pahang,2022-12-04,25.624287484510532,8.448574969021065,28.107806691449813,90.47521685254027,0.9438661710037175
Pahang,2022-12-05,24.740123456790123,8.512345679012345,27.339506172839506,91.19209876543209,0.7820987654320988
Pahang,2022-12-06,26.21190781049936,8.545454545454545,29.674775928297056,89.11024327784891,1.898079385403329
Pahang,2022-12-07,25.519826517967783,8.961586121437422,29.830235439900868,88.73717472118959,1.5159851301115241
Pahang,2022-12-08,23.174968866749687,7.342465753424658,27.239103362391035,91.29825653798257,1.3368617683686177
Pahang,2022-12-09,23.389633375474084,7.474083438685208,27.47787610619469,93.4197218710493,1.3686472819216182
Pahang,2022-12-10,23.719685039370077,7.3412073490813645,25.53937007874016,95.11023622047244,1.4083989501312335
Pahang,2022-12-11,22.56861111111111,7.6305555555555555,26.216666666666665,95.7076388888889,1.8927777777777777
Pahang,2022-12-12,22.450278551532033,8.6016713091922,26.55292479108635,95.32980501392758,1.4707520891364902
Pahang,2022-12-13,22.65891364902507,5.768802228412256,24.66573816155989,98.03036211699164,1.5848189415041782
Pahang,2022-12-14,22.69146853146853,7.986013986013986,25.87272727272727,96.93944055944056,1.1741258741258742
Pahang,2022-12-15,23.706455862977602,9,25.246376811594203,96.70434782608696,1.4370223978919632
Pahang,2022-12-16,24.767738693467336,8.310552763819096,27.37286432160804,92.42170854271357,2.601005025125628
Pahang,2022-12-17,24.554928017718716,8.700996677740864,26.383167220376524,93.84152823920266,2.5374307862679957
Pahang,2022-12-18,23.514115308151094,7.52286282306163,25.77037773359841,96.47564612326043,2.852882703777336
Pahang,2022-12-19,22.295233366434957,6.866931479642503,24.162859980139025,97.0154915590864,2.3295928500496523
Pahang,2022-12-20,22.768756218905473,7.412935323383085,25.1363184079602,96.0060696517413,1.9936318407960198
Pahang,2022-12-21,23.50631970260223,7.104089219330855,24.981412639405203,96.48624535315984,2.6735130111524166
Pahang,2022-12-22,24.598065015479875,8.363003095975232,26.24458204334365,95.85379256965945,2.3411764705882354
Pahang,2022-12-23,25.334957463263727,9,27.191802010827534,93.2017014694509,1.7607115235885538
Pahang,2022-12-24,24.89689681923972,8.95733126454616,26.468580294802173,88.73747090768038,2.4717610550814584
Pahang,2022-12-25,24.834312210200927,9,26.27820710973725,88.75301391035549,2.5001545595054098
Pahang,2022-12-26,23.840108191653787,9,25.697063369397217,93.14304482225657,1.738485316846986
Pahang,2022-12-27,23.777244582043345,9,26.071981424148607,92.06424148606811,1.680108359133127
Pahang,2022-12-28,25.34940387481371,9,27.07004470938897,89.6289865871833,1.9779433681073024
Pahang,2022-12-29,25.86647440519106,9,27.46935832732516,88.13698630136986,1.822422494592646
Pahang,2022-12-30,26.190214974054854,9,27.465530022238696,83.22201630837658,2.6450704225352113
Pahang,2022-12-31,24.770965417867433,9,27.846541786743515,88.14293948126802,2.0711815561959654
Perak,2022-01-01,26.190184049079754,8.116564417177914,27.938650306748468,88.5398773006135,2.8404907975460123
Perak,2022-01-02,25.809815950920246,8.184049079754601,27.098159509202453,88.87116564417178,3.1779141104294477
Perak,2022-01-03,26.085889570552148,8.38036809815951,27.828220858895705,86.51533742331289,3.7791411042944785
Perak,2022-01-04,27.245398773006134,8.656441717791411,29.67484662576687,79.74233128834356,4.607361963190184
Perak,2022-01-05,27.116564417177916,8.47239263803681,29.484662576687118,80.76073619631902,4.607361963190184
Perak,2022-01-06,27.558282208588956,8.748466257668712,29.926380368098158,78.60122699386503,5.226993865030675
Perak,2022-01-07,27.20245398773006,8.52760736196319,29.533742331288344,80.83435582822086,5.374233128834356
Perak,2022-01-08,27,8.122699386503067,29.515337423312882,84.00613496932516,4.098159509202454
Perak,2022-01-09,27.987730061349694,8.742331288343559,31.085889570552148,80.1963190184049,4.957055214723926
Perak,2022-01-10,28.185185185185187,8.567901234567902,31.506172839506174,76.30246913580247,6.45679012345679
Perak,2022-01-11,27.50920245398773,8.785276073619633,30.104294478527606,76.68098159509202,5.098159509202454
Perak,2022-01-12,27.803680981595093,8.760736196319018,30.56441717791411,75.13496932515338,5.478527607361963
Perak,2022-01-13,28.34355828220859,8.773006134969325,30.865030674846626,67.96319018404908,7.803680981595092
Perak,2022-01-14,27.39877300613497,8.822085889570552,29.26993865030675,69.02453987730061,5.742331288343558
Perak,2022-01-15,27.938271604938272,8.925925925925926,30.493827160493826,68.39506172839506,7.425925925925926
Perak,2022-01-16,28.478527607361965,8.644171779141104,31.588957055214724,73.74233128834356,6.1656441717791415
Perak,2022-01-17,28.349693251533743,8.730061349693251,31.699386503067483,77.1963190184049,7.07361963190184
Perak,2022-01-18,27.644171779141104,8.779141104294478,29.969325153374232,76.54601226993866,6.680981595092025
Perak,2022-01-19,26.865030674846626,8.54601226993865,29.116564417177916,79.9079754601227,6.570552147239264
Perak,2022-01-20,27.165644171779142,8.644171779141104,29.687116564417177,78.47239263803681,4.895705521472393
Perak,2022-01-21,27.7239263803681,8.625766871165645,30.49079754601227,78.2638036809816,4.6503067484662575
Perak,2022-01-22,27.662576687116566,8.766871165644172,30.883435582822084,80.04294478527608,5.030674846625767
Perak,2022-01-23,26.993865030674847,8.717791411042946,29.754601226993866,84.02453987730061,2.539877300613497
Perak,2022-01-24,27.12269938650307,8.300613496932515,29.87116564417178,82.94478527607362,4.331288343558282
Perak,2022-01-25,26.47239263803681,7.877300613496932,28.368098159509202,86.21472392638037,3.736196319018405
Perak,2022-01-26,26.950920245398773,8.49079754601227,29.196319018404907,81.8282208588957,3.5153374233128836
Perak,2022-01-27,27.171779141104295,8.582822085889571,29.920245398773005,81.70552147239263,4.52760736196319
Perak,2022-01-28,27.766871165644172,8.773006134969325,30.631901840490798,78.1963190184049,5.141104294478527
Perak,2022-01-29,28.484662576687118,8.14723926380368,32.20245398773006,77.55828220858896,5.9447852760736195
Perak,2022-01-30,28.49079754601227,8.595092024539877,31.67484662576687,78.30061349693251,6.116564417177914
Perak,2022-01-31,28.11042944785276,8.6871165644171775,31.521472392638035,80.1840490797546,5.006134969325154
Perak,2022-02-01,28.24203821656051,8.694267515923567,31.50955414012739,79.1656050955414,5
Perak,2022-02-02,27.822085889570552,8.47239263803681,30.901840490797547,79.9877300613497,4.631901840490798
Perak,2022-02-03,27.098159509202453,8.257668711656441,29.858895705521473,82.49079754601227,4.748466257668712
Perak,2022-02-04,26.957055214723926,8.466257668711657,28.938650306748468,80.61349693251533,4.901840490797546
Perak,2022-02-05,26.619631901840492,8.214723926380367,28.791411042944784,81.77300613496932,4.208588957055214
Perak,2022-02-06,26.858895705521473,8.325153374233128,29.171779141104295,81.88343558282209,4.024539877300613
Perak,2022-02-07,26.226993865030675,8.558282208588958,27.987730061349694,85.79141104294479,4.49079754601227
Perak,2022-02-08,25.987730061349694,8.674846625766872,27.74846625766871,85.03067484662577,4.52760736196319
Perak,2022-02-09,26.69325153374233,8.723926380368098,29.30674846625767,84.21472392638037,3.263803680981595
Perak,2022-02-10,26.177914110429448,8.134969325153374,28.042944785276074,85.54601226993866,3.4846625766871164
Perak,2022-02-11,25.012269938650306,7.987730061349693,26.030674846625768,88.85889570552148,3.184049079754601
Perak,2022-02-12,26.834355828220858,8.56441717791411,29.300613496932517,80.6441717791411,5.122699386503068
Perak,2022-02-13,27.809815950920246,8.644171779141104,30.7239263803681,78.23926380368098,5.3128834355828225
Perak,2022-02-14,27.503067484662576,8.245398773006135,30.662576687116566,83.30061349693251,6.116564417177914
Perak,2022-02-15,27.791411042944784,8.662576687116564,30.76073619631902,79.7361963190184,6.699386503067485
Perak,2022-02-16,27.754601226993866,8.447852760736197,30.94478527607362,80.39263803680981,7.079754601226994
Perak,2022-02-17,28.11042944785276,8.63803680981595,31.386503067484664,77.60122699386503,4.625766871165644
Perak,2022-02-18,28.932515337423315,8.822085889570552,31.969325153374232,72.79754601226993,5.552147239263804
Perak,2022-02-19,29.50920245398773,8.803680981595091,33.43558282208589,73.32515337423312,5.699386503067485
Perak,2022-02-20,27.711656441717793,8.478527607361963,31.134969325153374,81.51533742331289,5.47239263803681
Perak,2022-02-21,27.766871165644172,8.60122699386503,30.595092024539877,77.6441717791411,6.220858895705521
Perak,2022-02-22,27.98159509202454,8.705521472392638,31.466257668711656,81.62576687116564,4.355828220858895
Perak,2022-02-23,27.386503067484664,8.282208588957054,29.957055214723926,81.7361963190184,5.674846625766871
Perak,2022-02-24,25.717791411042946,8.331288343558283,27.30674846625767,88.74233128834356,3.8220858895705523
Perak,2022-02-25,25.711656441717793,8.570552147239264,27.079754601226995,84.32515337423312,6.865030674846626
Perak,2022-02-26,25.12883435582822,7.858895705521473,26.190184049079754,86.6441717791411,3.6748466257668713
Perak,2022-02-27,26.33128834355828,8.644171779141104,28.607361963190183,85.9877300613497,4.570552147239264
Perak,2022-02-28,27.05521472392638,8.196319018404909,29.607361963190183,81.58282208588957,6.085889570552148
Perak,2022-03-01,27.030674846625768,8.343558282208589,29.846625766871167,84.87730061349693,4.03680981595092
Perak,2022-03-02,27.631901840490798,8.552147239263803,30.96319018404908,82.23312883435582,4.52760736196319
Perak,2022-03-03,26.920245398773005,8.539877300613497,29.47239263803681,84.70552147239263,4.699386503067485
Perak,2022-03-04,27.52760736196319,8.607361963190185,30.41717791411043,82.8957055214724,4.914110429447852
Perak,2022-03-05,26.30674846625767,7.815950920245399,28.25153374233129,86.39263803680981,4.325153374233129
Perak,2022-03-06,26.47239263803681,8.582822085889571,28.858895705521473,84.88957055214723,4.110429447852761
Perak,2022-03-07,26.43558282208589,8.184049079754601,28.47239263803681,87.57668711656441,4.993865030674846
Perak,2022-03-08,26.319018404907975,7.47239263803681,28.36196319018405,86.58895705521472,4.50920245398773
Perak,2022-03-09,27.914110429447852,8.595092024539877,31.822085889570552,82.38650306748467,4.693251533742331
Perak,2022-03-10,27.773006134969325,8.024539877300613,31.226993865030675,81.69938650306749,5.601226993865031
Perak,2022-03-11,28.049079754601227,8.754601226993865,31.901840490797547,82.7239263803681,4.460122699386503
Perak,2022-03-12,27.76073619631902,8.368098159509202,31.374233128834355,82.0122699386503,5.779141104294479
Perak,2022-03-13,28.368098159509202,8.595092024539877,32.15337423312884,79.73006134969326,5.0920245398773005
Perak,2022-03-14,28.1840490797546,8.56441717791411,32.58282208588957,81.71779141104294,5.50920245398773
Perak,2022-03-15,28.49079754601227,8.404907975460123,32.82208588957055,81.66871165644172,3.8650306748466257
Perak,2022-03-16,27.986928104575163,8.176470588235293,31.88888888888889,82.97385620915033,4.287581699346405
Perak,2022-03-17,27.74846625766871,8.45398773006135,31.484662576687118,83.55828220858896,4.45398773006135
Perak,2022-03-18,27.965986394557824,8.10204081632653,31.476190476190474,80.58503401360544,5.503401360544218
Perak,2022-03-19,29.78616352201258,8.672955974842766,35.088050314465406,76.35220125786164,4.761006289308176
Perak,2022-03-20,29.6890243902439,8.737804878048781,34.73170731707317,75.26219512195122,6.548780487804878
Perak,2022-03-21,27.90909090909091,8.351515151515152,31.060606060606062,77.88484848484849,5.569696969696969
Perak,2022-03-22,28.55421686746988,8.801204819277109,32.59036144578313,77.06024096385542,3.8674698795180724
Perak,2022-03-23,28.41566265060241,8.58433734939759,32.75301204819277,79.78313253012048,5.228915662650603
Perak,2022-03-24,28.16867469879518,8.75301204819277,32.102409638554214,81.16867469879519,5.186746987951807
Perak,2022-03-25,28.837349397590362,8.632530120481928,33.40963855421687,79.6144578313253,5.632530120481928
Perak,2022-03-26,28.286585365853657,8.652439024390244,32.5609756097561,80.5548780487805,5.902439024390244
Perak,2022-03-27,27.884848484848487,8.775757575757575,31.296969696969697,79.75151515151515,7.4787878787878785
Perak,2022-03-28,27.836734693877553,8.63265306122449,31.224489795918366,78.93877551020408,6
Perak,2022-03-29,27.024539877300615,8.45398773006135,29.846625766871167,84.77914110429448,4.319018404907975
Perak,2022-03-30,27.422619047619047,8.422619047619047,30.732142857142858,84.63690476190476,4.809523809523809
Perak,2022-03-31,26.857142857142858,8.345238095238095,29.5,86.20238095238095,4.809523809523809
Perak,2022-04-01,27.976190476190474,8.619047619047619,31.547619047619047,80.48214285714286,5.684523809523809
Perak,2022-04-02,27.172619047619047,8.571428571428571,30.125,85.05952380952381,4.363095238095238
Perak,2022-04-03,26.660377358490567,8.660377358490566,29.0188679245283,83.86792452830188,6.132075471698113
Perak,2022-04-04,27.460122699386503,8.631901840490798,30.539877300613497,82.29447852760737,5.049079754601227
Perak,2022-04-05,26.81547619047619,8.291666666666666,29.208333333333332,84.19642857142857,5.869047619047619
Perak,2022-04-06,26.958333333333332,8.261904761904763,29.18452380952381,83.55952380952381,5.446428571428571
Perak,2022-04-07,26.226190476190474,8.511904761904763,28.220238095238095,87.3452380952381,4
Perak,2022-04-08,27.613095238095237,8.476190476190476,30.708333333333332,82.48214285714286,5.2976190476190474
Perak,2022-04-09,26.976190476190474,8.297619047619047,29.922619047619047,86.17857142857143,3.732142857142857
Perak,2022-04-10,27.964285714285715,8.55952380952381,31.607142857142858,81.63095238095238,5.053571428571429
Perak,2022-04-11,27.660714285714285,8.005952380952381,31.43452380952381,83.76785714285714,4.482142857142857
Perak,2022-04-12,27.666666666666668,8.577380952380953,31.238095238095237,81.88690476190476,4.136904761904762
Perak,2022-04-13,27.904761904761905,8.386904761904763,31.779761904761905,83.0952380952381,4.226190476190476
Perak,2022-04-14,28.279761904761905,8.595238095238095,32.589285714285715,81.28571428571429,6.380952380952381
Perak,2022-04-15,28.416666666666668,8.345238095238095,32.94047619047619,82.2797619047619,5.75
Perak,2022-04-16,28.785714285714285,8.797619047619047,33.86904761904762,81.26785714285714,4.220238095238095
Perak,2022-04-17,28.517857142857142,8.047619047619047,33.220238095238095,83.5,4.565476190476191
Perak,2022-04-18,26.976190476190474,8.494047619047619,30.18452380952381,88.73214285714286,3.9166666666666665
Perak,2022-04-19,27.511904761904763,8.452380952380953,30.708333333333332,83.86904761904762,4.101190476190476
Perak,2022-04-20,27.482142857142858,8.553571428571429,30.55952380952381,84.17857142857143,4.279761904761905
Perak,2022-04-21,28.202380952380953,8.696428571428571,32.13690476190476,80.61904761904762,4.458333333333333
Perak,2022-04-22,28.648809523809526,8.416666666666666,33.86904761904762,83.32142857142857,4.446428571428571
Perak,2022-04-23,27.410714285714285,8.422619047619047,30.571428571428573,84.55357142857143,5.464285714285714
Perak,2022-04-24,28.952380952380953,8.642857142857142,33.69047619047619,79.89285714285714,5.053571428571429
Perak,2022-04-25,28.571428571428573,8.238095238095237,32.892857142857146,80.8452380952381,6.1726190476190474
Perak,2022-04-26,28.583333333333332,8.494047619047619,32.982142857142854,80.41666666666667,5.9523809523809526
Perak,2022-04-27,28.488095238095237,8.642857142857142,32.92261904761905,81.61309523809524,6.3273809523809526
Perak,2022-04-28,29.166666666666668,8.625,34.726190476190474,81.99404761904762,4.523809523809524
Perak,2022-04-29,28.613095238095237,8.613095238095237,33.17261904761905,81.81547619047619,5.642857142857143
Perak,2022-04-30,28.767857142857142,8.654761904761905,33.13690476190476,80.56547619047619,4.904761904761905
Perak,2022-05-01,27.946428571428573,8.744047619047619,32.44047619047619,85.75595238095238,4.714285714285714
Perak,2022-05-02,28.321428571428573,8.636904761904763,32.720238095238095,82.89880952380952,4.398809523809524
Perak,2022-05-03,27.458333333333332,8.494047619047619,30.964285714285715,85.6547619047619,3.9107142857142856
Perak,2022-05-04,28.839285714285715,8.678571428571429,33.976190476190474,82.125,3.2142857142857144
Perak,2022-05-05,29.773809523809526,8.505952380952381,35.523809523809526,78.05357142857143,6.571428571428571
Perak,2022-05-06,30.029761904761905,8.69047619047619,35.82738095238095,76.2797619047619,7.2976190476190474
Perak,2022-05-07,30.345238095238095,8.625,36.32738095238095,74.24404761904762,8.047619047619047
Perak,2022-05-08,30.095238095238095,8.696428571428571,35.904761904761905,75.5952380952381,6.928571428571429
Perak,2022-05-09,29.74404761904762,8.767857142857142,35.26190476190476,77.51785714285714,5.434523809523809
Perak,2022-05-10,29.827380952380953,8.625,35.535714285714285,76.35714285714286,6.839285714285714
Perak,2022-05-11,28.761904761904763,8.797619047619047,33.23809523809524,78.76785714285714,4.142857142857143
Perak,2022-05-12,28.333333333333332,8.541666666666666,32.76190476190476,81.56547619047619,5.964285714285714
Perak,2022-05-13,29.160714285714285,8.654761904761905,33.75595238095238,77.14880952380952,6.601190476190476
Perak,2022-05-14,29.395209580838323,8.7125748502994,34.31736526946108,76.79041916167665,6.149700598802395
Perak,2022-05-15,28.220238095238095,8.077380952380953,32.57738095238095,82.79761904761905,4.416666666666667
Perak,2022-05-16,26.154761904761905,8.071428571428571,28.13095238095238,88.16666666666667,5.696428571428571
Perak,2022-05-17,27.43452380952381,8.5,30.142857142857142,80.67857142857143,3.5297619047619047
Perak,2022-05-18,28.884848484848487,8.703030303030303,33.23030303030303,79.23636363636363,4.4
Perak,2022-05-19,29.773809523809526,8.726190476190476,33.73809523809524,72.3452380952381,6.041666666666667
Perak,2022-05-20,29.738095238095237,8.833333333333334,33.404761904761905,71.53571428571429,6.291666666666667
Perak,2022-05-21,29.5,8.875,32.42261904761905,68.20238095238095,6.303571428571429
Perak,2022-05-22,29.419161676646706,8.730538922155688,33.287425149700596,71.16167664670658,4.922155688622754
Perak,2022-05-23,29.761904761904763,8.654761904761905,34.732142857142854,74.43452380952381,5.4523809523809526
Perak,2022-05-24,28.541666666666668,8.470238095238095,32.86309523809524,80.17261904761905,5.011904761904762
Perak,2022-05-25,27.220238095238095,8.577380952380953,30.464285714285715,84.46428571428571,5.4523809523809526
Perak,2022-05-26,28.13095238095238,8.779761904761905,31.345238095238095,76.72619047619048,4.7976190476190474
Perak,2022-05-27,29.05952380952381,8.744047619047619,32.375,71.9047619047619,7.369047619047619
Perak,2022-05-28,28.273809523809526,8.583333333333334,32.017857142857146,76.88690476190476,3.9226190476190474
Perak,2022-05-29,27.982142857142858,8.761904761904763,30.904761904761905,74.49404761904762,6.244047619047619
Perak,2022-05-30,29.482142857142858,8.696428571428571,32.732142857142854,69.13690476190476,8.327380952380953
Perak,2022-05-31,29.214285714285715,8.767857142857142,32.845238095238095,70.54166666666667,8.785714285714286
Perak,2022-06-01,28.708333333333332,8.708333333333334,32.357142857142854,74.06547619047619,6.583333333333333
Perak,2022-06-02,28.666666666666668,8.619047619047619,33.05952380952381,78.17857142857143,5.488095238095238
Perak,2022-06-03,28.529761904761905,8.68452380952381,32.601190476190474,77.82738095238095,5.309523809523809
Perak,2022-06-04,28.964285714285715,8.535714285714286,32.648809523809526,75.22619047619048,5.291666666666667
Perak,2022-06-05,28.011904761904763,8.404761904761905,31.410714285714285,79.17857142857143,5.940476190476191
Perak,2022-06-06,28.529761904761905,8.452380952380953,31.976190476190474,76.35119047619048,4.392857142857143
Perak,2022-06-07,27.892857142857142,8.660714285714286,31.547619047619047,81.07142857142857,5.803571428571429
Perak,2022-06-08,28.488095238095237,8.404761904761905,32.029761904761905,77.68452380952381,5.619047619047619
Perak,2022-06-09,28.583333333333332,8.75,32.45238095238095,76.39880952380952,6.3273809523809526
Perak,2022-06-10,27.80952380952381,8.613095238095237,31.25,81.99404761904762,5.220238095238095
Perak,2022-06-11,27.220238095238095,8.238095238095237,29.964285714285715,82.86309523809524,5.9226190476190474
Perak,2022-06-12,27.089285714285715,8.68452380952381,29.875,81.38690476190476,5.005952380952381
Perak,2022-06-13,28.357142857142858,8.803571428571429,31.99404761904762,78.5297619047619,5.0773809523809526
Perak,2022-06-14,27.696428571428573,8.613095238095237,31.125,82.91071428571429,4.678571428571429
Perak,2022-06-15,26.99404761904762,8.410714285714286,29.80952380952381,83.64880952380952,5.238095238095238
Perak,2022-06-16,28.196428571428573,8.732142857142858,31.541666666666668,76.60714285714286,5.303571428571429
Perak,2022-06-17,27.107142857142858,7.821428571428571,30.178571428571427,83.91071428571429,4.196428571428571
Perak,2022-06-18,26.589285714285715,7.809523809523809,28.74404761904762,85.53571428571429,3.3511904761904763
Perak,2022-06-19,27.148809523809526,8.43452380952381,29.898809523809526,82.7797619047619,3.9464285714285716
Perak,2022-06-20,26.386904761904763,8.416666666666666,28.642857142857142,86.89880952380952,4.428571428571429
Perak,2022-06-21,27.458333333333332,8.535714285714286,30.25595238095238,79.69047619047619,4.494047619047619
Perak,2022-06-22,28.053571428571427,8.55952380952381,31.357142857142858,78.20833333333333,4.916666666666667
Perak,2022-06-23,27.69047619047619,8.535714285714286,30.964285714285715,81.42261904761905,3.7976190476190474
Perak,2022-06-24,26.761904761904763,8.06547619047619,28.654761904761905,80.58928571428571,4.9523809523809526
Perak,2022-06-25,27.732142857142858,8.726190476190476,30.714285714285715,76.80952380952381,3.1904761904761907
Perak,2022-06-26,28.357142857142858,8.672619047619047,32.48809523809524,79.76785714285714,5.089285714285714
Perak,2022-06-27,28.339622641509433,8.716981132075471,31.962264150943398,77.9245283018868,6.6415094339622645
Perak,2022-06-28,28.552147239263803,8.680981595092025,32.466257668711656,78.30674846625767,5.061349693251533
Perak,2022-06-29,28.410714285714285,8.773809523809524,32.642857142857146,80.98809523809524,5.892857142857143
Perak,2022-06-30,28.38095238095238,8.595238095238095,31.44047619047619,76.08333333333333,4.773809523809524
Perak,2022-07-01,28.875,8.773809523809524,32.45238095238095,72.79761904761905,5.732142857142857
Perak,2022-07-02,29.077380952380953,8.797619047619047,32.67857142857143,71.08333333333333,7.065476190476191
Perak,2022-07-03,29.339285714285715,8.755952380952381,32.99404761904762,71.33928571428571,6.059523809523809
Perak,2022-07-04,28.857142857142858,8.630952380952381,32.55357142857143,75.00595238095238,7.095238095238095
Perak,2022-07-05,27.892857142857142,8.660714285714286,31.077380952380953,76.54166666666667,6.267857142857143
Perak,2022-07-06,27.648809523809526,8.75,30.797619047619047,78.45833333333333,4.892857142857143
Perak,2022-07-07,29.107142857142858,8.80952380952381,32.916666666666664,74.51785714285714,4.494047619047619
Perak,2022-07-08,29.648809523809526,8.875,34.13095238095238,73.18452380952381,3.761904761904762
Perak,2022-07-09,29.976190476190474,8.767857142857142,34.11904761904762,70,3.25
Perak,2022-07-10,29.392857142857142,8.970238095238095,33.70238095238095,73.875,2.9464285714285716
Perak,2022-07-11,28.714285714285715,8.910714285714286,32.70238095238095,76.13095238095238,5.5476190476190474
Perak,2022-07-12,27.00595238095238,8.541666666666666,29.386904761904763,79.5297619047619,6.083333333333333
Perak,2022-07-13,28.25,8.714285714285714,31.11904761904762,74.58333333333333,6.017857142857143
Perak,2022-07-14,28.898809523809526,8.696428571428571,32.148809523809526,74.07738095238095,4.625
Perak,2022-07-15,28.958333333333332,8.726190476190476,32.61904761904762,73.625,3.9404761904761907
Perak,2022-07-16,28.892857142857142,8.714285714285714,32.68452380952381,74.56547619047619,4.660714285714286
Perak,2022-07-17,29.791666666666668,8.833333333333334,34.458333333333336,73.41071428571429,5.351190476190476
Perak,2022-07-18,30.089285714285715,8.767857142857142,35.38690476190476,75,5.428571428571429
Perak,2022-07-19,28.136904761904763,8.273809523809524,32.19047619047619,81.58928571428571,4.642857142857143
Perak,2022-07-20,29.339285714285715,8.803571428571429,33.06547619047619,72.64880952380952,6.898809523809524
Perak,2022-07-21,29.238095238095237,8.642857142857142,33.160714285714285,74.17857142857143,5.125
Perak,2022-07-22,27.904761904761905,8.416666666666666,31,79.83928571428571,5.125
Perak,2022-07-23,27.297619047619047,8.702380952380953,30.113095238095237,82.39285714285714,5.482142857142857
Perak,2022-07-24,27.613095238095237,8.797619047619047,30.74404761904762,80.80952380952381,5.988095238095238
Perak,2022-07-25,26.648809523809526,8.05952380952381,29.089285714285715,86.17857142857143,3.375
Perak,2022-07-26,28.529761904761905,8.761904761904763,31.75595238095238,75.95833333333333,4.833333333333333
Perak,2022-07-27,28,8.767857142857142,31.267857142857142,78.55357142857143,6.559523809523809
Perak,2022-07-28,28.053571428571427,8.803571428571429,31.24404761904762,77.85714285714286,7.494047619047619
Perak,2022-07-29,28.142857142857142,8.720238095238095,31.529761904761905,77.60119047619048,5.779761904761905
Perak,2022-07-30,28.136904761904763,8.738095238095237,31.660714285714285,77.42261904761905,4.029761904761905
Perak,2022-07-31,28.333333333333332,8.666666666666666,31.964285714285715,78.16666666666667,4.863095238095238
Perak,2022-08-01,28.404761904761905,8.666666666666666,32.017857142857146,78.06547619047619,5.166666666666667
Perak,2022-08-02,27.702380952380953,8.613095238095237,30.482142857142858,78.57142857142857,6.029761904761905
Perak,2022-08-03,27.148809523809526,8.636904761904763,29.863095238095237,81.11309523809524,4.589285714285714
Perak,2022-08-04,27.202380952380953,8.69047619047619,30.19047619047619,82.91071428571429,4.345238095238095
Perak,2022-08-05,28.464285714285715,8.767857142857142,32.29761904761905,78.80952380952381,4.416666666666667
Perak,2022-08-06,28.101190476190474,8.714285714285714,30.404761904761905,72.625,5.410714285714286
Perak,2022-08-07,28.238095238095237,8.75,31.625,75.07738095238095,4.1726190476190474
Perak,2022-08-08,28.81547619047619,8.779761904761905,32.00595238095238,72.83928571428571,6.404761904761905
Perak,2022-08-09,28.589285714285715,8.744047619047619,32.00595238095238,74.63690476190476,5.315476190476191
Perak,2022-08-10,28.845238095238095,8.68452380952381,32.79761904761905,76.80952380952381,5.505952380952381
Perak,2022-08-11,28.845238095238095,8.589285714285714,33.05357142857143,76.44642857142857,7.0476190476190474
Perak,2022-08-12,29.089285714285715,8.672619047619047,33.779761904761905,78.4047619047619,6.2023809523809526
Perak,2022-08-13,28.845238095238095,8.773809523809524,32.214285714285715,73.42857142857143,6.166666666666667
Perak,2022-08-14,27.50595238095238,8.529761904761905,30.470238095238095,81.05357142857143,5.9523809523809526
Perak,2022-08-15,28.30952380952381,8.654761904761905,31.732142857142858,77.68452380952381,5.6726190476190474
Perak,2022-08-16,28.05952380952381,8.422619047619047,31.291666666666668,77.7797619047619,5.505952380952381
Perak,2022-08-17,28.75,8.708333333333334,31.74404761904762,73.07738095238095,6.880952380952381
Perak,2022-08-18,27.845238095238095,8.470238095238095,30.613095238095237,77.64285714285714,6.565476190476191
Perak,2022-08-19,28.452380952380953,8.755952380952381,32.07738095238095,77.54761904761905,4.970238095238095
Perak,2022-08-20,26.958333333333332,7.946428571428571,29.642857142857142,85.9702380952381,5.607142857142857
Perak,2022-08-21,26.93452380952381,8.267857142857142,29.208333333333332,82.64285714285714,4.5
Perak,2022-08-22,27.797619047619047,8.523809523809524,30.791666666666668,79.96428571428571,6.184523809523809
Perak,2022-08-23,26.517857142857142,8.505952380952381,28.613095238095237,84.01785714285714,5.845238095238095
Perak,2022-08-24,27.470238095238095,8.672619047619047,30.125,80.21428571428571,5.732142857142857
Perak,2022-08-25,27.25595238095238,8.75,30.023809523809526,81.99404761904762,5.845238095238095
Perak,2022-08-26,28.154761904761905,8.583333333333334,31.261904761904763,75.05952380952381,6.654761904761905
Perak,2022-08-27,27.148809523809526,8.345238095238095,29.61904761904762,82.80952380952381,3.9583333333333335
Perak,2022-08-28,25.708333333333332,8.107142857142858,27.226190476190474,86.69047619047619,4.559523809523809
Perak,2022-08-29,26.958333333333332,8.375,29.279761904761905,82.41666666666667,4.041666666666667
Perak,2022-08-30,27.863095238095237,8.636904761904763,31.035714285714285,81.60119047619048,4.136904761904762
Perak,2022-08-31,28.470238095238095,8.702380952380953,32.55357142857143,78.86309523809524,5.976190476190476
Perak,2022-09-01,27.827380952380953,8.446428571428571,31.410714285714285,82.01785714285714,5.9523809523809526
Perak,2022-09-02,26.321428571428573,8.5,28.136904761904763,85.94047619047619,6.285714285714286
Perak,2022-09-03,27.416666666666668,8.708333333333334,30.05952380952381,78.89880952380952,5.3273809523809526
Perak,2022-09-04,28.285714285714285,8.738095238095237,32.398809523809526,81.25595238095238,3.7857142857142856
Perak,2022-09-05,28.095238095238095,8.654761904761905,31.458333333333332,77.91666666666667,3.994047619047619
Perak,2022-09-06,28.018072289156628,8.656626506024097,31.180722891566266,77.72289156626506,5.590361445783133
Perak,2022-09-07,26.86904761904762,8.285714285714286,28.88095238095238,80.61309523809524,5.601190476190476
Perak,2022-09-08,27.648809523809526,8.535714285714286,30.279761904761905,76.07142857142857,5.517857142857143
Perak,2022-09-09,28.345238095238095,8.636904761904763,31.648809523809526,76.33928571428571,4.761904761904762
Perak,2022-09-10,28.047619047619047,8.654761904761905,31.113095238095237,77.82738095238095,4.744047619047619
Perak,2022-09-11,26.095238095238095,8.517857142857142,27.93452380952381,84.50595238095238,6.107142857142857
Perak,2022-09-12,27.404761904761905,8.738095238095237,29.541666666666668,75.19047619047619,6.505952380952381
Perak,2022-09-13,27.761904761904763,8.660714285714286,30.226190476190474,75.79761904761905,5.976190476190476
Perak,2022-09-14,27.18452380952381,8.654761904761905,28.99404761904762,75.68452380952381,6.809523809523809
Perak,2022-09-15,27.398809523809526,8.785714285714286,30.142857142857142,79.36904761904762,5.773809523809524
Perak,2022-09-16,27.964285714285715,8.791666666666666,30.767857142857142,75.57738095238095,5.970238095238095
Perak,2022-09-17,27.642857142857142,8.702380952380953,30.291666666666668,78.45238095238095,4.648809523809524
Perak,2022-09-18,26.125,8.428571428571429,28.029761904761905,85.9702380952381,4.059523809523809
Perak,2022-09-19,27.517857142857142,8.732142857142858,29.970238095238095,77.67261904761905,5.142857142857143
Perak,2022-09-20,27.36904761904762,8.505952380952381,30.261904761904763,81.32738095238095,4.636904761904762
Perak,2022-09-21,26.93452380952381,8.619047619047619,29.297619047619047,83.7797619047619,3.880952380952381
Perak,2022-09-22,26.529761904761905,8.517857142857142,28.202380952380953,79.76785714285714,5.119047619047619
Perak,2022-09-23,26.528301886792452,8.773584905660377,28.28301886792453,78.47169811320755,6.660377358490566
Perak,2022-09-24,27.85276073619632,8.595092024539877,30.625766871165645,77.38036809815951,4.263803680981595
Perak,2022-09-25,27.922619047619047,8.202380952380953,30.928571428571427,76.26190476190476,5.9226190476190474
Perak,2022-09-26,28.68452380952381,8.589285714285714,32.464285714285715,76.64285714285714,6.404761904761905
Perak,2022-09-27,27.922619047619047,8.30952380952381,30.976190476190474,78.26785714285714,5.619047619047619
Perak,2022-09-28,27.99404761904762,8.642857142857142,31.327380952380953,78.89880952380952,6.154761904761905
Perak,2022-09-29,28.19047619047619,8.642857142857142,31.458333333333332,77.9702380952381,5.505952380952381
Perak,2022-09-30,27.113095238095237,8.446428571428571,29.797619047619047,83.44642857142857,4.517857142857143
Perak,2022-10-01,27.714285714285715,8.720238095238095,30.172619047619047,76.06547619047619,8.55952380952381
Perak,2022-10-02,28.125,8.761904761904763,30.708333333333332,72.85714285714286,7.571428571428571
Perak,2022-10-03,27.535714285714285,8.857142857142858,30.49404761904762,79.52380952380952,5.4523809523809526
Perak,2022-10-04,27.339285714285715,8.107142857142858,30.023809523809526,82.03571428571429,5.315476190476191
Perak,2022-10-05,26.97005988023952,8.425149700598803,29.622754491017965,84.41916167664671,5.5568862275449105
Perak,2022-10-06,27.196428571428573,8.571428571428571,30.011904761904763,83.11904761904762,6.994047619047619
Perak,2022-10-07,26.13095238095238,8.708333333333334,28.113095238095237,85.0297619047619,6.583333333333333
Perak,2022-10-08,27.00595238095238,8.422619047619047,29.178571428571427,82.14285714285714,3.9702380952380953
Perak,2022-10-09,26.922619047619047,8.5,29.38095238095238,84.52380952380952,3.2142857142857144
Perak,2022-10-10,27.523809523809526,8.696428571428571,30.06547619047619,76.73809523809524,4.398809523809524
Perak,2022-10-11,27.101190476190474,8.660714285714286,29.720238095238095,82.71428571428571,5.351190476190476
Perak,2022-10-12,26.904761904761905,8.452380952380953,28.946428571428573,80.2797619047619,6.696428571428571
Perak,2022-10-13,26.148809523809526,8.464285714285714,28.035714285714285,85.23214285714286,5.154761904761905
Perak,2022-10-14,27.333333333333332,8.601190476190476,29.333333333333332,76.35119047619048,8.095238095238095
Perak,2022-10-15,27.547169811320753,8.566037735849056,30.0188679245283,76.24528301886792,8.547169811320755
Perak,2022-10-16,27.1840490797546,8.263803680981596,29.69325153374233,79.79141104294479,4.705521472392638
Perak,2022-10-17,28.107142857142858,8.93452380952381,31.410714285714285,77.91071428571429,5.035714285714286
Perak,2022-10-18,28.44047619047619,8.773809523809524,32.035714285714285,77.92857142857143,4.565476190476191
Perak,2022-10-19,28.666666666666668,8.732142857142858,32.392857142857146,77.51785714285714,4.988095238095238
Perak,2022-10-20,28.261904761904763,8.380952380952381,31.696428571428573,77.43452380952381,6.2023809523809526
Perak,2022-10-21,28.321428571428573,8.327380952380953,32.339285714285715,81.23214285714286,5.357142857142857
Perak,2022-10-22,26.625,7.988095238095238,28.648809523809526,84.54761904761905,4.440476190476191
Perak,2022-10-23,27.81547619047619,8.738095238095237,31.49404761904762,83.13690476190476,5.321428571428571
Perak,2022-10-24,27.720238095238095,8.226190476190476,30.773809523809526,81.26190476190476,7.285714285714286
Perak,2022-10-25,26.345238095238095,8.083333333333334,28.386904761904763,88.1547619047619,5.684523809523809
Perak,2022-10-26,25.875,7.988095238095238,27.452380952380953,88.48809523809524,5.630952380952381
Perak,2022-10-27,26.678571428571427,8.517857142857142,29.160714285714285,84.66071428571429,6.464285714285714
Perak,2022-10-28,26.875,8.410714285714286,29.220238095238095,85.29761904761905,5.267857142857143
Perak,2022-10-29,26.571428571428573,8.517857142857142,28.81547619047619,87.25595238095238,3.7083333333333335
Perak,2022-10-30,26.946428571428573,8.482142857142858,29.416666666666668,83.93452380952381,6.071428571428571
Perak,2022-10-31,27.125,8.541666666666666,29.607142857142858,82.67857142857143,5.053571428571429
Perak,2022-11-01,27.05952380952381,8.43452380952381,29.976190476190474,84.76190476190476,4.184523809523809
Perak,2022-11-02,27.261904761904763,8.55952380952381,30.297619047619047,84.4047619047619,4.351190476190476
Perak,2022-11-03,27.279761904761905,8.613095238095237,30.041666666666668,83.89880952380952,4.005952380952381
Perak,2022-11-04,26.761904761904763,8.25,29.136904761904763,85.64880952380952,5.315476190476191
Perak,2022-11-05,26.761904761904763,8.05952380952381,29.375,85.45833333333333,3.136904761904762
Perak,2022-11-06,27.261904761904763,8.333333333333334,30.232142857142858,84.20238095238095,4.107142857142857
Perak,2022-11-07,26.75595238095238,8.601190476190476,29.136904761904763,83.13690476190476,4.136904761904762
Perak,2022-11-08,26.738095238095237,8.523809523809524,28.93452380952381,85.05357142857143,4.220238095238095
Perak,2022-11-09,26.910714285714285,8.369047619047619,29.529761904761905,85.10714285714286,4.8273809523809526
Perak,2022-11-10,26.267857142857142,8.101190476190476,27.892857142857142,85.875,4.773809523809524
Perak,2022-11-11,25.386904761904763,7.8273809523809526,26.416666666666668,90.81547619047619,3.4702380952380953
Perak,2022-11-12,26.132075471698112,7.547169811320755,28.056603773584907,89.58490566037736,2.811320754716981
Perak,2022-11-13,27.15,8.43125,29.90625,85.825,4.13125
Perak,2022-11-14,26.702380952380953,8.363095238095237,29.208333333333332,88.23214285714286,3.7261904761904763
Perak,2022-11-15,27.291666666666668,7.690476190476191,30.226190476190474,83.98214285714286,3.982142857142857
Perak,2022-11-16,27.946428571428573,8.541666666666666,31.648809523809526,82.8452380952381,4.464285714285714
Perak,2022-11-17,27.125,8.017857142857142,30.142857142857142,84.61904761904762,4.851190476190476
Perak,2022-11-18,26.851190476190474,8.06547619047619,29.553571428571427,86.02380952380952,4.994047619047619
Perak,2022-11-19,26.154761904761905,8.232142857142858,28.333333333333332,86.74404761904762,5.613095238095238
Perak,2022-11-20,27.577380952380953,8.488095238095237,30.476190476190474,80.42857142857143,7.660714285714286
Perak,2022-11-21,27.011904761904763,8.125,29.702380952380953,84.01785714285714,4.970238095238095
Perak,2022-11-22,26.166666666666668,8.351190476190476,27.892857142857142,86.69047619047619,4.821428571428571
Perak,2022-11-23,27.267857142857142,8.470238095238095,29.803571428571427,82.05952380952381,5.654761904761905
Perak,2022-11-24,27.44047619047619,8.68452380952381,30.49404761904762,82.64285714285714,4.779761904761905
Perak,2022-11-25,26.946428571428573,8.172619047619047,29.648809523809526,86.17857142857143,3.3333333333333335
Perak,2022-11-26,28.077380952380953,8.75,31.273809523809526,79.94047619047619,4.982142857142857
Perak,2022-11-27,26.892857142857142,8.523809523809524,29.541666666666668,84.25595238095238,4.541666666666667
Perak,2022-11-28,27.488095238095237,8.232142857142858,30.351190476190474,81.54166666666667,5.648809523809524
Perak,2022-11-29,26.660714285714285,8.238095238095237,29.041666666666668,83.99404761904762,5.196428571428571
Perak,2022-11-30,26.785714285714285,7.946428571428571,29,85.16071428571429,4.053571428571429
Perak,2022-12-01,26.458333333333332,8.363095238095237,28.69047619047619,85.35119047619048,5.184523809523809
Perak,2022-12-02,26.327380952380953,8.101190476190476,28.154761904761905,85.88690476190476,4.267857142857143
Perak,2022-12-03,25.75,8.291666666666666,27.107142857142858,89.07142857142857,4.988095238095238
Perak,2022-12-04,26.74404761904762,7.982142857142857,28.922619047619047,84.75,3.755952380952381
Perak,2022-12-05,27.851190476190474,8.755952380952381,31.446428571428573,82.2797619047619,3.9345238095238093
Perak,2022-12-06,27.732142857142858,8.732142857142858,31.226190476190474,82.46428571428571,4.369047619047619
Perak,2022-12-07,27.392857142857142,8.410714285714286,30.357142857142858,83.125,5.029761904761905
Perak,2022-12-08,26.375,8.107142857142858,28.44047619047619,86.73809523809524,4.386904761904762
Perak,2022-12-09,25.208333333333332,7.940476190476191,26.101190476190474,89.89285714285714,4
Perak,2022-12-10,25.74251497005988,8.059880239520957,27.143712574850298,88.80838323353294,2.7005988023952097
Perak,2022-12-11,25.452380952380953,8.18452380952381,26.553571428571427,88.63095238095238,3.0714285714285716
Perak,2022-12-12,25.797619047619047,7.583333333333333,27.386904761904763,88.99404761904762,2.8095238095238093
Perak,2022-12-13,26.476190476190474,8.053571428571429,28.672619047619047,87.9047619047619,2.2261904761904763
Perak,2022-12-14,26.803571428571427,8.291666666666666,29.232142857142858,83.32142857142857,3.4642857142857144
Perak,2022-12-15,27.00595238095238,8.410714285714286,29.452380952380953,82.94642857142857,5.505952380952381
Perak,2022-12-16,27.095238095238095,8.386904761904763,29.36904761904762,81.89285714285714,4.994047619047619
Perak,2022-12-17,25.88095238095238,8.303571428571429,27.553571428571427,87.4702380952381,4.994047619047619
Perak,2022-12-18,25.607142857142858,8.297619047619047,26.964285714285715,88.42261904761905,4.880952380952381
Perak,2022-12-19,25.833333333333332,8.535714285714286,27.363095238095237,84.69642857142857,5.398809523809524
Perak,2022-12-20,26.142857142857142,8.797619047619047,27.910714285714285,82.4702380952381,4.541666666666667
Perak,2022-12-21,26.321428571428573,8.43452380952381,28.166666666666668,86.44642857142857,5.369047619047619
Perak,2022-12-22,25.660714285714285,8.238095238095237,27.077380952380953,88.57142857142857,2.6785714285714284
Perak,2022-12-23,26.232142857142858,8.452380952380953,28.261904761904763,84.35119047619048,4.071428571428571
Perak,2022-12-24,27.24404761904762,8.803571428571429,29.422619047619047,77.91071428571429,5.791666666666667
Perak,2022-12-25,26.916666666666668,8.505952380952381,28.904761904761905,78.10119047619048,5.446428571428571
Perak,2022-12-26,26.49404761904762,8.81547619047619,28.220238095238095,79.875,6.410714285714286
Perak,2022-12-27,26.726190476190474,8.761904761904763,28.678571428571427,78.57738095238095,5.005952380952381
Perak,2022-12-28,27.50595238095238,8.75,29.833333333333332,78.0952380952381,5.339285714285714
Perak,2022-12-29,27.517857142857142,8.75,29.196428571428573,72.5952380952381,5.642857142857143
Perak,2022-12-30,27.18452380952381,8.839285714285714,28.196428571428573,69.67261904761905,7.428571428571429
Perak,2022-12-31,26.648809523809526,8.93452380952381,28.053571428571427,73.11904761904762,6.523809523809524
Pulau Pinang,2022-01-01,28.34521384928717,8.635437881873727,30.957230142566193,73.46048879837068,11.004276985743381
Pulau Pinang,2022-01-02,28.43141683778234,8.726899383983573,30.993839835728952,71.69794661190966,9.007392197125256
Pulau Pinang,2022-01-03,28.12787878787879,8.63030303030303,30.31313131313131,72.20444444444445,7.016363636363637
Pulau Pinang,2022-01-04,28.32634730538922,8.506986027944112,30.85828343313373,74.37085828343314,5.302994011976048
Pulau Pinang,2022-01-05,28.3429702970297,8.405940594059405,31.334653465346534,74.85584158415841,4.46039603960396
Pulau Pinang,2022-01-06,29.274066797642437,8.540275049115914,32.03143418467584,70.36699410609037,8.087229862475443
Pulau Pinang,2022-01-07,29.0943359375,8.404296875,32.572265625,73.67421875,5.565625
Pulau Pinang,2022-01-08,29.19610894941634,8.647859922178988,33.06225680933852,75.94105058365759,5.403891050583658
Pulau Pinang,2022-01-09,28.9031007751938,8.75968992248062,32.16860465116279,74.19186046511628,5.803488372093023
Pulau Pinang,2022-01-10,29.09233716475096,8.779693486590038,31.404214559386972,67.17892720306513,9.785249042145594
Pulau Pinang,2022-01-11,28.745510204081633,8.683673469387756,30.43469387755102,66.73673469387755,5.763265306122449
Pulau Pinang,2022-01-12,28.465450643776823,8.633047210300429,31.01502145922747,72.21394849785408,4.1195278969957085
Pulau Pinang,2022-01-13,28.993951612903224,8.550403225806452,30.050403225806452,57.959879032258065,11.012096774193548
Pulau Pinang,2022-01-14,28.8374749498998,8.587174348697395,30.01002004008016,60.93927855711423,6.681563126252505
Pulau Pinang,2022-01-15,28.4429718875502,8.64859437751004,30.1144578313253,64.54236947791165,5.500401606425703
Pulau Pinang,2022-01-16,28.8980879541109,8.481835564053537,31.479923518164437,70.431931166348,5.027342256214149
Pulau Pinang,2022-01-17,29.10435606060606,8.333333333333334,32.45643939393939,71.83068181818182,8.849810606060606
Pulau Pinang,2022-01-18,29.338836772983115,8.568480300187618,31.23639774859287,64.22870544090057,9.946529080675422
Pulau Pinang,2022-01-19,28.860147601476015,8.418819188191883,31.381918819188193,70.01734317343174,5.459778597785978
Pulau Pinang,2022-01-20,28.42170686456401,8.320964749536179,32.06679035250464,76.97513914656771,3.8495361781076065
Pulau Pinang,2022-01-21,28.6611320754717,7.411320754716981,32.21132075471698,74.50981132075472,3.5707547169811322
Pulau Pinang,2022-01-22,28.779197080291972,8.231751824817518,31.822992700729927,73.21587591240876,4.974817518248175
Pulau Pinang,2022-01-23,27.869034608378872,8.030965391621129,31.422586520947178,79.23497267759562,3.0382513661202184
Pulau Pinang,2022-01-24,27.66264150943396,7.873584905660377,31.890566037735848,82.56358490566038,3.042452830188679
Pulau Pinang,2022-01-25,27.971992818671453,7.6122082585278275,31.50269299820467,81.17971274685817,2.9491921005385997
Pulau Pinang,2022-01-26,28.465709156193896,6.561938958707361,32.398563734290846,80.38312387791741,3.1450628366247755
Pulau Pinang,2022-01-27,28.135535714285716,7.067857142857143,33.339285714285715,81.71821428571428,3.382857142857143
Pulau Pinang,2022-01-28,29.00251798561151,6.821942446043166,33.24460431654676,78.09424460431654,4.003237410071942
Pulau Pinang,2022-01-29,29.247957371225578,6.429840142095915,34.05861456483126,79.0582593250444,3.7563055062166963
Pulau Pinang,2022-01-30,28.968141592920354,6.715044247787611,33.32212389380531,76.09539823008849,6.525309734513274
Pulau Pinang,2022-01-31,29.027728085867622,7.624329159212881,31.998211091234346,73.14865831842576,4.2211091234347045
Pulau Pinang,2022-02-01,29.52114624505929,7.857707509881423,33.45454545454545,72.26600790513834,4.533399209486166
Pulau Pinang,2022-02-02,28.23897338403042,8.136882129277566,33.32509505703422,82.60988593155894,4.24638783269962
Pulau Pinang,2022-02-03,28.023629489603024,7.9716446124763705,32.332703213610586,81.80907372400756,3.374858223062382
Pulau Pinang,2022-02-04,28.266666666666666,7.957831325301205,31.937751004016064,79.85321285140562,4.593574297188755
Pulau Pinang,2022-02-05,27.286315789473683,7.6694736842105264,30.296842105263156,82.79284210526316,4.338315789473684
Pulau Pinang,2022-02-06,27.905672268907562,7.953781512605042,31.678571428571427,80.4779411764706,4.311974789915967
Pulau Pinang,2022-02-07,26.21578947368421,7.56786703601108,29.64819944598338,87.95817174515236,3.8382271468144045
Pulau Pinang,2022-02-08,27.368072289156625,7.678714859437751,30.6144578313253,83.93955823293173,4.423895582329317
Pulau Pinang,2022-02-09,27.274446680080484,7.627766599597585,31.348088531187123,85.32334004024145,3.189134808853119
Pulau Pinang,2022-02-10,26.88757396449704,7.652859960552268,30.11242603550296,85.036291913215,2.324852071005917
Pulau Pinang,2022-02-11,26.850395256916997,7.059288537549407,30.199604743083004,85.03478260869565,1.5428853754940712
Pulau Pinang,2022-02-12,28.251461988304094,7.818713450292398,31.45614035087719,76.8588693957115,4.28421052631579
Pulau Pinang,2022-02-13,28.67577519379845,8.375968992248062,31.757751937984494,73.82635658914728,5.886627906976744
Pulau Pinang,2022-02-14,28.04903100775194,8.125968992248062,32.133720930232556,83.16434108527132,4.182170542635659
Pulau Pinang,2022-02-15,27.56257197696737,7.700575815738963,31.18809980806142,86.17159309021113,4.49404990403071
Pulau Pinang,2022-02-16,28.57618147448015,8.194706994328923,32.56521739130435,80.12589792060491,4.372022684310019
Pulau Pinang,2022-02-17,27.88496240601504,8.154135338345865,30.541353383458645,78.375,4.502631578947368
Pulau Pinang,2022-02-18,29.597556390977445,8.278195488721805,34.26315789473684,72.89661654135338,4.866353383458646
Pulau Pinang,2022-02-19,29.006642066420664,8.27859778597786,33.071955719557195,76.20516605166051,4.93690036900369
Pulau Pinang,2022-02-20,29.400371747211896,8.362453531598513,33.53531598513011,74.93271375464684,5.100557620817844
Pulau Pinang,2022-02-21,29.775785582255082,8.5637707948244,33.39741219963032,72.56007393715342,4.366173752310536
Pulau Pinang,2022-02-22,28.06135531135531,8.384615384615385,32.03846153846154,83.97765567765568,4.184798534798535
Pulau Pinang,2022-02-23,27.86188679245283,8.2377358490566035,31.252830188679244,80.40471698113207,4.018490566037736
Pulau Pinang,2022-02-24,27.08956356736243,8.1707779886148,29.749525616698293,80.6426944971537,5.649146110056926
Pulau Pinang,2022-02-25,25.47644859813084,7.848598130841122,27.14766355140187,84.5992523364486,12.19196261682243
Pulau Pinang,2022-02-26,27.006949806949805,8.146718146718147,28.916988416988417,80.05965250965251,9.915250965250966
Pulau Pinang,2022-02-27,26.832734530938122,8.455089820359282,29.419161676646706,81.12075848303394,5.698602794411178
Pulau Pinang,2022-02-28,27.52056451612903,8.42741935483871,30.975806451612904,80.40262096774194,4.545362903225806
Pulau Pinang,2022-03-01,27.893117408906882,8.267206477732794,30.775303643724698,80.3755060728745,4.2631578947368425
Pulau Pinang,2022-03-02,28.830321285140563,7.985943775100401,32.7289156626506,80.57791164658634,3.3913654618473896
Pulau Pinang,2022-03-03,28.41764705882353,8.119675456389452,31.647058823529413,81.00730223123732,3.2509127789046652
Pulau Pinang,2022-03-04,29.051738241308794,8.343558282208589,33.34560327198364,78.47259713701432,4.637832310838446
Pulau Pinang,2022-03-05,26.9347022587269,7.652977412731006,30.293634496919918,84.68090349075976,3.970225872689938
Pulau Pinang,2022-03-06,26.763340122199594,7.828920570264766,30.189409368635438,87.52382892057027,3.558452138492872
Pulau Pinang,2022-03-07,27.09817813765182,7.410931174089069,30.92914979757085,86.54493927125506,4.356882591093117
Pulau Pinang,2022-03-08,26.89205702647658,7.928716904276985,30.073319755600814,87.60122199592668,5.147657841140529
Pulau Pinang,2022-03-09,28.029052631578946,8.40842105263158,31.79578947368421,83.11178947368421,3.8183157894736843
Pulau Pinang,2022-03-10,27.6834,8.188,31.542,83.168,4.221
Pulau Pinang,2022-03-11,29.207569721115537,8.290836653386455,34.54980079681275,79.0195219123506,3.71195219123506
Pulau Pinang,2022-03-12,29.788801571709232,7.656188605108055,34.49901768172888,76.02082514734774,4.135363457760314
Pulau Pinang,2022-03-13,28.472762645914397,7.042801556420233,33.5136186770428,83.86439688715953,3.6488326848249026
Pulau Pinang,2022-03-14,28.369320388349514,8.299029126213592,33.57864077669903,84.41281553398058,4.712038834951456
Pulau Pinang,2022-03-15,28.570576923076924,8.007692307692308,33.526923076923076,83.71153846153847,3.9653846153846155
Pulau Pinang,2022-03-16,28.037667304015297,7.401529636711281,32.31166347992352,84.93346080305928,5.040726577437859
Pulau Pinang,2022-03-17,27.5054820415879,7.215500945179584,31.888468809073725,87.84347826086956,3.639697542533081
Pulau Pinang,2022-03-18,28.40607843137255,8.292156862745099,32.08039215686274,83.09196078431373,4.222156862745098
Pulau Pinang,2022-03-19,29.971138211382115,8.567073170731707,36.49390243902439,78.36951219512196,4.328455284552845
Pulau Pinang,2022-03-20,29.730966469428008,8.284023668639053,36.658777120315584,79.9869822485207,4.85207100591716
Pulau Pinang,2022-03-21,27.565686274509805,8.135294117647058,30.74705882352941,79.95274509803922,3.816078431372549
Pulau Pinang,2022-03-22,28.983702213279678,8.515090543259557,33.23138832997988,75.63561368209255,3.052313883299799
Pulau Pinang,2022-03-23,28.78953722334004,8.394366197183098,34.70422535211268,80.22092555331992,3.1527162977867205
Pulau Pinang,2022-03-24,28.630753564154787,8.309572301425662,33.44195519348269,80.6010183299389,3.1380855397148677
Pulau Pinang,2022-03-25,28.80061728395062,7.909465020576132,33.98559670781893,80.50452674897119,4.396296296296296
Pulau Pinang,2022-03-26,28.65411522633745,8.775720164609053,33.10288065843621,78.84094650205762,3.736625514403292
Pulau Pinang,2022-03-27,29.149486652977412,8.726899383983573,35.587268993839835,80.07782340862423,3.690965092402464
Pulau Pinang,2022-03-28,29.625380710659897,8.48223350253807,34.494923857868024,76.2522842639594,4.043908629441624
Pulau Pinang,2022-03-29,29.371052631578948,8.204453441295547,35.33198380566802,80.24514170040486,4.581174089068826
Pulau Pinang,2022-03-30,29.171062992125986,8.169291338582678,34.104330708661415,79.48720472440945,3.4891732283464565
Pulau Pinang,2022-03-31,28.16449704142012,8.366863905325443,32.35502958579882,81.47218934911243,5.899408284023669
Pulau Pinang,2022-04-01,28.307915057915057,8.277992277992277,32.88610038610039,82.90135135135135,4.354247104247104
Pulau Pinang,2022-04-02,26.960428849902534,7.875243664717349,30.292397660818715,86.99727095516569,2.8306042884990252
Pulau Pinang,2022-04-03,26.649651972157773,8.009280742459397,29.591647331786543,87.42227378190255,3.3382830626450115
Pulau Pinang,2022-04-04,27.26858846918489,8.322067594433399,30.76341948310139,85.34214711729622,4.221868787276342
Pulau Pinang,2022-04-05,26.762925851703407,8.12625250501002,30.024048096192384,86.6993987975952,2.3693386773547096
Pulau Pinang,2022-04-06,27.04764705882353,8.10392156862745,30.433333333333334,86.61058823529412,3.287843137254902
Pulau Pinang,2022-04-07,27.083030303030302,8.080808080808081,30.927272727272726,85.29030303030304,3.5973737373737373
Pulau Pinang,2022-04-08,28.374899598393576,8.216867469879517,32.33132530120482,81.83614457831325,3.7293172690763052
Pulau Pinang,2022-04-09,28.029423459244533,8.139165009940358,32.46719681908549,84.46282306163022,3.1071570576540757
Pulau Pinang,2022-04-10,28.059325396825397,8.452380952380953,33.63095238095238,83.67738095238096,2.8107142857142855
Pulau Pinang,2022-04-11,27.809145129224653,8.111332007952287,33.45924453280318,85.45904572564612,2.607554671968191
Pulau Pinang,2022-04-12,28.45537848605578,7.633466135458168,33.398406374501995,83.8496015936255,3.134860557768924
Pulau Pinang,2022-04-13,28.540399999999998,7.83,34.324,83.802,3.045
Pulau Pinang,2022-04-14,28.669123505976096,8.05378486055777,34.440239043824704,84.20219123505976,2.5358565737051793
Pulau Pinang,2022-04-15,28.589370078740156,7.730314960629921,34.16535433070866,84.74744094488189,2.8675196850393703
Pulau Pinang,2022-04-16,28.707254901960784,8.125490196078431,35.127450980392155,84.82862745098039,3.036078431372549
Pulau Pinang,2022-04-17,29.384615384615383,8.086785009861932,35.02564102564103,80.44635108481262,4.279881656804734
Pulau Pinang,2022-04-18,28.136170212765958,8.005802707930368,34.13733075435203,87.65203094777563,3.734816247582205
Pulau Pinang,2022-04-19,28.404307116104867,8.059925093632959,32.98501872659176,84.25074906367041,3.8958801498127342
Pulau Pinang,2022-04-20,27.20247619047619,8.207619047619048,31.611428571428572,88.47180952380953,2.7946666666666666
Pulau Pinang,2022-04-21,28.6,7.949438202247191,33.859550561797754,83.53314606741573,3.0812734082397
Pulau Pinang,2022-04-22,29.046868686868688,7.412121212121212,35.51313131313131,84.66383838383838,2.584848484848485
Pulau Pinang,2022-04-23,28.50352422907489,8.103524229074889,33.47136563876652,84.55264317180617,3.8550660792951543
Pulau Pinang,2022-04-24,28.47872807017544,7.798245614035087,35.199561403508774,86.06754385964912,2.9089912280701755
Pulau Pinang,2022-04-25,28.614450867052025,7.5761078998073215,34.79383429672447,85.74296724470135,3.4314065510597302
Pulau Pinang,2022-04-26,28.71384335154827,8.138433515482696,34.41530054644809,84.41001821493624,3.8377049180327867
Pulau Pinang,2022-04-27,29.74981884057971,8.347826086956522,36.06159420289855,80.5338768115942,5.121557971014493
Pulau Pinang,2022-04-28,29.903429602888085,8.4043321299639,38.2797833935018,83.60108303249098,3.4931407942238266
Pulau Pinang,2022-04-29,28.78,8.423636363636364,34.583636363636366,83.97945454545454,4.507090909090909
Pulau Pinang,2022-04-30,29.045009074410164,8.361161524500908,35.150635208711435,82.06206896551724,4.482577132486388
Pulau Pinang,2022-05-01,29.270961887477313,8.361161524500908,36.37386569872958,82.58820326678766,3.211796733212341
Pulau Pinang,2022-05-02,28.283363471971068,7.857142857142857,33.620253164556964,86.35262206148282,2.7757685352622063
Pulau Pinang,2022-05-03,28.161678832116788,8.281021897810218,32.753649635036496,84.07992700729928,2.841240875912409
Pulau Pinang,2022-05-04,28.957377049180327,8.86703096539162,34.71402550091074,83.14517304189435,2.2695810564663024
Pulau Pinang,2022-05-05,29.738155515370707,8.439421338155515,36.520795660036164,82.84556962025316,4.821157323688969
Pulau Pinang,2022-05-06,29.629219600725953,8.956442831215972,35.82032667876588,81.42958257713249,4.57513611615245
Pulau Pinang,2022-05-07,29.716666666666665,8.708333333333334,36.21195652173913,80.52427536231885,5.036413043478261
Pulau Pinang,2022-05-08,30.014207650273224,8.823315118397085,36.71948998178507,79.41402550091075,6.020218579234973
Pulau Pinang,2022-05-09,29.192921960072596,8.593466424682395,35.152450090744104,81.81960072595281,3.1088929219600727
Pulau Pinang,2022-05-10,29.833454545454547,6.86,37.74,83.64309090909092,3.5472727272727274
Pulau Pinang,2022-05-11,28.62463768115942,7.677536231884058,33.677536231884055,83.96304347826087,3.8481884057971016
Pulau Pinang,2022-05-12,29.36624319419238,8.301270417422867,36.364791288566245,83.08947368421053,3.1653357531760435
Pulau Pinang,2022-05-13,29.143738656987296,8.366606170598912,36.27041742286752,83.56515426497278,4.658620689655172
Pulau Pinang,2022-05-14,29.562363636363635,8.18,35.832727272727276,81.11054545454546,3.783272727272727
Pulau Pinang,2022-05-15,29.081555153707054,8.301989150090415,36.40144665461121,85.05262206148282,3.1858951175406873
Pulau Pinang,2022-05-16,26.27920168067227,7.985294117647059,30.45798319327731,92.41764705882353,2.8720588235294118
Pulau Pinang,2022-05-17,28.504189435336976,8.561020036429872,33.08925318761384,80.03970856102003,3.090346083788707
Pulau Pinang,2022-05-18,29.197222222222223,8.72037037037037,35.27407407407407,80.70407407407407,2.919259259259259
Pulau Pinang,2022-05-19,29.810401459854013,8.386861313868613,35.26459854014598,76.79142335766423,3.5147810218978104
Pulau Pinang,2022-05-20,29.842258652094717,8.553734061930783,35.29326047358834,77.01165755919854,4.820947176684881
Pulau Pinang,2022-05-21,29.46896551724138,8.52994555353902,34.883847549909255,78.80217785843921,3.64010889292196
Pulau Pinang,2022-05-22,28.56376811594203,8.798913043478262,34.7536231884058,85.93260869565218,2.565942028985507
Pulau Pinang,2022-05-23,29.189051094890512,8.474452554744525,35.60401459854015,81.48266423357664,2.90529197080292
Pulau Pinang,2022-05-24,29.778260869565216,8.36413043478261,36.70289855072464,81.30398550724638,2.9800724637681157
Pulau Pinang,2022-05-25,28.22568306010929,7.712204007285974,33.32969034608379,84.53533697632058,3.4941712204007285
Pulau Pinang,2022-05-26,28.657427536231882,8.394927536231885,33.30797101449275,81.19583333333334,3.1994565217391306
Pulau Pinang,2022-05-27,29.181521739130435,8.233695652173912,34.52717391304348,81.110869565217385,3.9304347826086956
Pulau Pinang,2022-05-28,29.653260869565216,8.56340579710145,34.90942028985507,77.23659420289854,3.8552536231884056
Pulau Pinang,2022-05-29,27.88916967509025,7.8483754512635375,32.87725631768953,84.80974729241878,4.18898916967509
Pulau Pinang,2022-05-30,26.908166969147004,7.8203266787658805,31.733212341197824,90.00780399274048,3.6660617059891107
Pulau Pinang,2022-05-31,27.585018050541517,7.657039711191335,32.10649819494585,88.53483754512635,3.255054151624549
Pulau Pinang,2022-06-01,27.575270758122745,7.664259927797834,31.942238267148014,86.94693140794224,4.091335740072203
Pulau Pinang,2022-06-02,27.890430622009568,7.258373205741627,32.30622009569378,85.86124401913875,5.169377990430622
Pulau Pinang,2022-06-03,28.717614678899082,8.203669724770641,34.01467889908257,83.58422018348624,3.268440366972477
Pulau Pinang,2022-06-04,27.41173285198556,7.722021660649819,30.424187725631768,83.70559566787004,2.8379061371841154
Pulau Pinang,2022-06-05,27.900545454545455,8.42,32.10727272727273,81.98854545454546,2.5623636363636364
Pulau Pinang,2022-06-06,28.76021699819168,8.05244122965642,33.57142857142857,79.43273056057866,2.938878842676311
Pulau Pinang,2022-06-07,27.540506329113924,7.940325497287523,31.133815551537072,83.91301989150091,3.7714285714285714
Pulau Pinang,2022-06-08,28.900181488203266,8.437386569872958,33.72595281306715,80.45480943738657,3.5038112522686027
Pulau Pinang,2022-06-09,28.865822784810128,8.399638336347197,34.59493670886076,82.05641952983726,3.5699819168173597
Pulau Pinang,2022-06-10,26.943682310469313,7.6606498194945845,31.04332129963899,88.85036101083033,4.029241877256318
Pulau Pinang,2022-06-11,26.847826086956523,7.844202898550725,30.161231884057973,87.45489130434783,4.978260869565218
Pulau Pinang,2022-06-12,27.233454545454546,8.287272727272727,30.656363636363636,85.251636363636365,3.2543636363636366
Pulau Pinang,2022-06-13,28.537749546279493,8.802177858439201,32.94736842105263,81.04827586206896,3.591470054446461
Pulau Pinang,2022-06-14,28.442753623188405,8.657608695652174,33.81521739130435,83.92065217391304,3.132608695652174
Pulau Pinang,2022-06-15,28.35153707052441,8.278481012658228,33.1374321880651,83.90198915009042,3.825497287522604
Pulau Pinang,2022-06-16,28.592057761732853,8.28158844765343,32.20216606498195,80.3167870036101,4.2048736462093865
Pulau Pinang,2022-06-17,27.084363636363637,7.992727272727273,31.334545454545456,88.73563636363636,2.9643636363636365
Pulau Pinang,2022-06-18,27.468623481781375,7.765182186234818,31.34008097165992,88.06072874493927,2.584412955465587
Pulau Pinang,2022-06-19,27.661925601750546,8.105032822757112,31.75054704595186,85.59715536105033,3.1919037199124727
Pulau Pinang,2022-06-20,27.273552123552122,8.194980694980694,32.722007722007724,89.86486486486487,2.6546332046332046
Pulau Pinang,2022-06-21,27.2911231884058,8.36231884057971,30.856884057971016,84.37644927536232,3.0523550724637682
Pulau Pinang,2022-06-22,27.481407942238267,8.51985559566787,32.33754512635379,86.54097472924188,2.7936823104693143
Pulau Pinang,2022-06-23,27.717210144927535,8.193840579710145,31.57427536231884,85.90996376811594,2.9106884057971016
Pulau Pinang,2022-06-24,26.92003610108303,8.157039711191336,29.945848375451263,85.91137184115523,3.642057761732852
Pulau Pinang,2022-06-25,28.191666666666666,8.730072463768115,32.835144927536234,83.80108695652174,2.142572463768116
Pulau Pinang,2022-06-26,28.533333333333335,7.830630630630631,33.05945945945946,84.37207207207207,3.716396396396396
Pulau Pinang,2022-06-27,29.141304347826086,8.302173913043479,34.15,81.29717391304348,4.286521739130435
Pulau Pinang,2022-06-28,28.503818181818183,8.363636363636363,34.14727272727273,81.51709090909091,3.3496363636363635
Pulau Pinang,2022-06-29,27.716425992779783,7.8393501805054155,33.42418772563177,88.56750902527075,2.7601083032490976
Pulau Pinang,2022-06-30,28.148809523809526,7.625,31.38095238095238,80.27380952380952,6.434523809523809
Pulau Pinang,2022-07-01,29.07228260869565,8.492753623188406,34.52173913043478,80.12753623188406,4.434420289855073
Pulau Pinang,2022-07-02,29.577757685352623,8.276672694394213,34.20433996383363,74.45750452079567,6.1674502712477395
Pulau Pinang,2022-07-03,30.044384057971016,8.684782608695652,35.17934782608695,73.58351449275362,5.582427536231884
Pulau Pinang,2022-07-04,27.6748643761302,6.69258589511754,31.824593128390596,85.03291139240507,4.000904159132007
Pulau Pinang,2022-07-05,27.463949275362317,7.86231884057971,30.934782608695652,82.5161231884058,2.330978260869565
Pulau Pinang,2022-07-06,29.003629764065337,7.981851179673321,33.63883847549909,79.4486388384755,3.495825771324864
Pulau Pinang,2022-07-07,29.454891304347825,8.514492753623188,34.6231884057971,77.08152173913044,3.2068840579710143
Pulau Pinang,2022-07-08,28.71735985533454,7.269439421338156,35.2368896925859,84.04141048824593,2.3994575045207958
Pulau Pinang,2022-07-09,28.963768115942027,7.518115942028985,34.42391304347826,79.68659420289855,2.503260869565217
Pulau Pinang,2022-07-10,29.099456521739132,7.733695652173913,35.344202898550726,81.12336956521739,1.9884057971014493
Pulau Pinang,2022-07-11,27.67063063063063,7.947747747747748,31.675675675675677,87.54522522522522,3.4324324324324325
Pulau Pinang,2022-07-12,25.210669077757686,7.374321880650995,27.81374321880651,94.52007233273056,2.3168173598553343
Pulau Pinang,2022-07-13,27.10307971014493,8.342391304347826,31.472826086956523,88.55996376811594,2.5963768115942027
Pulau Pinang,2022-07-14,27.91153153153153,8.313513513513513,33.203603603603604,87.68306306306306,2.377657657657658
Pulau Pinang,2022-07-15,29.044827586206896,8.344827586206897,34.061705989110706,82.81433756805808,2.542831215970962
Pulau Pinang,2022-07-16,28.784601449275364,7.934782608695652,34.75,83.0963768115942,3.4268115942028987
Pulau Pinang,2022-07-17,29.437454545454546,7.189090909090909,35.801818181818184,82.38127272727273,2.924909090909091
Pulau Pinang,2022-07-18,29.244283121597096,6.780399274047187,36.48820326678766,83.96842105263158,2.779491833030853
Pulau Pinang,2022-07-19,27.164028776978416,7.516187050359712,31.784172661870503,88.48345323741007,3.183453237410072
Pulau Pinang,2022-07-20,28.283272727272728,8.149090909090908,32.70909090909091,84.51563636363636,3.143090909090909
Pulau Pinang,2022-07-21,28.694555353901997,8.217785843920145,33.497277676951,81.61851179673322,2.6373865698729584
Pulau Pinang,2022-07-22,28.78018018018018,7.607207207207207,34.17297297297297,83.35639639639639,4.636936936936937
Pulau Pinang,2022-07-23,27.902717391304346,8.094202898550725,32.55978260869565,84.80253623188406,3.9789855072463767
Pulau Pinang,2022-07-24,28.374502712477398,8.33634719710669,32.614828209764916,83.23887884267631,7.054249547920434
Pulau Pinang,2022-07-25,26.971351351351352,7.618018018018018,30.904504504504505,90.25261261261261,2.8900900900900903
Pulau Pinang,2022-07-26,28.46660617059891,7.956442831215971,32.580762250453724,83.82087114337568,3.251179673321234
Pulau Pinang,2022-07-27,28.17581227436823,8.279783393501805,33.03610108303249,85.51064981949459,4.979061371841155
Pulau Pinang,2022-07-28,28.373139745916514,8.390199637023594,32.9038112522686,82.88039927404719,5.160617059891107
Pulau Pinang,2022-07-29,28.522867513611615,8.20508166969147,34.007259528130675,82.92159709618875,4.91978221415608
Pulau Pinang,2022-07-30,28.156137184115522,7.994584837545126,33.50361010830325,85.50018050541516,3.4581227436823103
Pulau Pinang,2022-07-31,28.47663043478261,8.26086956521739,34.041666666666664,84.57626811594203,2.603623188405797
Pulau Pinang,2022-08-01,27.9618018018018,8.27027027027027,33.41261261261261,87.43495495495496,3.2032432432432434
Pulau Pinang,2022-08-02,28.159420289855074,6.782608695652174,33.19021739130435,87.1480072463768,4.42518115942029
Pulau Pinang,2022-08-03,26.292960288808665,7.998194945848375,29.113718411552348,87.41353790613718,2.6240072202166065
Pulau Pinang,2022-08-04,27.420795660036166,8.301989150090415,31.198915009041592,84.87757685352622,2.8952983725135626
Pulau Pinang,2022-08-05,28.709437386569874,8.343012704174228,34.56805807622504,83.72776769509981,3.2192377495462794
Pulau Pinang,2022-08-06,28.68677536231884,7.954710144927536,33.119565217391305,80.05670289855072,3.6744565217391303
Pulau Pinang,2022-08-07,28.62373188405797,7.807971014492754,33.55978260869565,82.62934782608696,3.1905797101449274
Pulau Pinang,2022-08-08,29.257427536231884,8.304347826086957,34.48007246376812,77.8947463768116,5.701630434782609
Pulau Pinang,2022-08-09,29.151992753623187,8.070652173913043,33.72644927536232,75.65978260869565,2.857427536231884
Pulau Pinang,2022-08-10,29.104761904761904,6.798534798534798,34.234432234432234,79.75421245421245,3.3855311355311355
Pulau Pinang,2022-08-11,28.883847549909255,6.985480943738657,34.68421052631579,82.03829401088929,4.186751361161525
Pulau Pinang,2022-08-12,29.1003616636528,7.5153707052441225,34.86618444846293,80.84701627486437,2.9996383363471972
Pulau Pinang,2022-08-13,28.477132486388385,7.317604355716878,33.46642468239565,82.4540834845735,3.6377495462794918
Pulau Pinang,2022-08-14,28.821739130434782,7.929347826086956,33.68659420289855,81.23496376811595,3.832789855072464
Pulau Pinang,2022-08-15,29.021699819168173,7.978300180831827,33.2622061482821,79.16726943942133,4.144122965641953
Pulau Pinang,2022-08-16,27.937205081669692,8.441016333938293,31.901996370235935,83.08203266787659,3.0509981851179675
Pulau Pinang,2022-08-17,28.6021778584392,8.52994555353902,32.865698729582576,81.00689655172414,4.076406533575318
Pulau Pinang,2022-08-18,27.962363636363637,8.601818181818182,32.223636363636366,81.69036363636364,4.5814545454545454
Pulau Pinang,2022-08-19,28.35185873605948,8.436802973977695,32.732342007434944,81.514312267658,3.1687732342007435
Pulau Pinang,2022-08-20,28.079912663755458,7.8384279475982535,33.43886462882096,85.53624454148472,2.3927947598253274
Pulau Pinang,2022-08-21,26.68173913043478,7.836956521739131,29.806521739130435,86.94978260869566,2.5132608695652174
Pulau Pinang,2022-08-22,27.5,8.38888888888889,31.6455938697318,84.24080459770114,3.963984674329502
Pulau Pinang,2022-08-23,26.260759493670886,7.32368896925859,29.057866184448464,89.05352622061483,3.9878842676311033
Pulau Pinang,2022-08-24,27.076363636363638,8.60909090909091,30.116363636363637,86.84,2.339090909090909
Pulau Pinang,2022-08-25,28.132194244604317,7.940647482014389,32.08453237410072,85.15539568345324,3.4798561151079137
Pulau Pinang,2022-08-26,28.257942238267148,8.247292418772563,33.00361010830325,81.57797833935018,6.860649819494585
Pulau Pinang,2022-08-27,28.673684210526314,8.339382940108893,32.95825771324864,80.17422867513612,5.243194192377495
Pulau Pinang,2022-08-28,27.05199275362319,8.315217391304348,30.342391304347824,87.5106884057971,3.8086956521739133
Pulau Pinang,2022-08-29,27.741485507246377,8.36231884057971,30.79891304347826,84.03713768115942,3.2043478260869565
Pulau Pinang,2022-08-30,27.832427536231883,8.295289855072463,31.867753623188406,85.24800724637682,3.8693840579710144
Pulau Pinang,2022-08-31,28.368115942028986,8.33695652173913,32.416666666666664,83.7766304347826,3.345108695652174
Pulau Pinang,2022-09-01,27.543243243243243,7.828828828828829,31.798198198198197,88.53045045045045,3.6848648648648648
Pulau Pinang,2022-09-02,26.804528985507247,8.217391304347826,29.86231884057971,89.39927536231885,3.1806159420289855
Pulau Pinang,2022-09-03,27.547282608695653,8.478260869565217,31.402173913043477,87.02246376811594,3.56231884057971
Pulau Pinang,2022-09-04,27.256317689530686,8.384476534296029,31.07942238267148,85.08483754512635,3.0232851985559566
Pulau Pinang,2022-09-05,27.80909090909091,7.9818181818181815,32.45454545454545,84.43836363636363,2.637272727272727
Pulau Pinang,2022-09-06,28.19491833030853,8.27404718693285,33.188747731397456,85.2141560798548,4.171869328493648
Pulau Pinang,2022-09-07,26.17075812274368,7.749097472924188,30.382671480144403,92.98736462093864,2.1812274368231046
Pulau Pinang,2022-09-08,26.598913043478262,8.07427536231884,30.233695652173914,90.07010869565218,2.4065217391304348
Pulau Pinang,2022-09-09,28.18605072463768,8.402173913043478,31.172101449275363,79.71467391304348,3.00018115942029
Pulau Pinang,2022-09-10,28.428804347826087,7.853260869565218,32.51449275362319,80.76648550724637,3.1804347826086956
Pulau Pinang,2022-09-11,27.058695652173913,8.067028985507246,30.467391304347824,83.59655797101449,4.090942028985507
Pulau Pinang,2022-09-12,27.869927536231884,8.570652173913043,31.27173913043478,81.90217391304348,3.932065217391304
Pulau Pinang,2022-09-13,27.928985507246377,8.376811594202898,31.657608695652176,83.54800724637681,3.633695652173913
Pulau Pinang,2022-09-14,27.9818018018018,8.266666666666667,31.53153153153153,81.60594594594595,4.436576576576576
Pulau Pinang,2022-09-15,26.3927797833935,8.472924187725631,29.263537906137184,86.11787003610108,3.8066787003610107
Pulau Pinang,2022-09-16,26.680615942028986,8.570652173913043,30.028985507246375,87.41014492753624,2.33731884057971
Pulau Pinang,2022-09-17,27.995454545454546,8.727272727272727,31.96909090909091,84.37709090909091,3.2612727272727273
Pulau Pinang,2022-09-18,27.244827586206895,8.397459165154265,30.586206896551722,84.94174228675136,3.524682395644283
Pulau Pinang,2022-09-19,27.941165755919855,8.7959927140255,32.31693989071038,81.09253187613844,2.2861566484517306
Pulau Pinang,2022-09-20,27.667876588021777,8.566243194192378,31.61524500907441,83.29255898366605,3.135934664246824
Pulau Pinang,2022-09-21,27.24,8.667272727272728,31.26909090909091,86.15018181818182,3.470727272727273
Pulau Pinang,2022-09-22,26.037943262411346,7.319148936170213,28.166666666666668,86.03404255319148,4.584397163120568
Pulau Pinang,2022-09-23,26.159827213822894,8.157667386609072,29.11231101511879,90.53563714902808,2.4613390928725702
Pulau Pinang,2022-09-24,27.146545454545453,7.863636363636363,29.916363636363638,87.22545454545454,2.7563636363636363
Pulau Pinang,2022-09-25,27.581768953068593,8.310469314079423,30.86823104693141,83.48772563176895,3.1009025270758124
Pulau Pinang,2022-09-26,29.002536231884058,8.871376811594203,32.469202898550726,76.7731884057971,3.3108695652173914
Pulau Pinang,2022-09-27,27.755515370705243,8.3001808318264,31.851717902350813,84.99059674502712,2.277215189873418
Pulau Pinang,2022-09-28,27.207775768535264,8.462929475587703,31.37251356238698,85.09204339963834,3.140506329113924
Pulau Pinang,2022-09-29,28.138691588785047,8.900934579439252,32.85233644859813,84.60280373831776,3.3009345794392524
Pulau Pinang,2022-09-30,28.193636363636365,8.52909090909091,32.20909090909091,84.55472727272728,3.4374545454545453
Pulau Pinang,2022-10-01,25.97735507246377,8.298913043478262,28.47826086956522,87.32699275362319,4.601449275362319
Pulau Pinang,2022-10-02,27.598913043478262,8.983695652173912,31.231884057971016,82.1911231884058,3.490398550724638
Pulau Pinang,2022-10-03,27.18677536231884,8.71376811594203,31.07246376811594,85.97862318840579,3.956702898550725
Pulau Pinang,2022-10-04,27.663783783783785,8.03063063063063,31.19099099099099,85.35783783783783,3.6576576576576576
Pulau Pinang,2022-10-05,27.172941176470587,7.870588235294117,30.105882352941176,86.71764705882353,6.9
Pulau Pinang,2022-10-06,27.221660649819494,7.617328519855596,31.09025270758123,88.81263537906138,3.214620938628159
Pulau Pinang,2022-10-07,27.119529837251356,8.198915009041592,30.417721518987342,87.55895117540688,3.8227848101265822
Pulau Pinang,2022-10-08,26.946739130434782,8.153985507246377,29.708333333333332,87.56757246376812,2.8634057971014495
Pulau Pinang,2022-10-09,26.22202166064982,7.696750902527076,29.041516245487365,89.34891696750903,2.3465703971119134
Pulau Pinang,2022-10-10,27.384420289855072,8.422101449275363,31.492753623188406,83.37826086956522,3.0429347826086954
Pulau Pinang,2022-10-11,27.76407942238267,8.592057761732852,32.32671480144404,84.24981949458484,3.1866425992779783
Pulau Pinang,2022-10-12,27.449186256781193,8.408679927667269,31.198915009041592,84.88336347197107,3.6260397830018083
Pulau Pinang,2022-10-13,26.64773960216998,8.141048824593128,29.83363471971067,90.15569620253164,1.9981916817359855
Pulau Pinang,2022-10-14,26.64410163339383,7.9655172413793105,29.646098003629763,87.32740471869329,4.432304900181488
Pulau Pinang,2022-10-15,25.172317596566522,6.487124463519313,27.545064377682404,94.70493562231759,3.74206008583691
Pulau Pinang,2022-10-16,25.263768115942028,6.822463768115942,27.753623188405797,94.16956521739131,2.588405797101449
Pulau Pinang,2022-10-17,27.95942028985507,8.65036231884058,31.657608695652176,83.22644927536231,2.884782608695652
Pulau Pinang,2022-10-18,28.308695652173913,8.731884057971014,32.83695652173913,82.61485507246377,3.2594202898550724
Pulau Pinang,2022-10-19,28.591107078039926,8.508166969147005,33.46098003629764,84.53430127041743,3.673865698729583
Pulau Pinang,2022-10-20,28.31905626134301,8.711433756805807,31.618874773139744,78.94410163339383,3.8192377495462795
Pulau Pinang,2022-10-21,28.607761732851987,8.207581227436823,33.86462093862816,82.73158844765344,3.353429602888087
Pulau Pinang,2022-10-22,27.311913357400723,7.911552346570397,31.263537906137184,88.44314079422382,3.2196750902527076
Pulau Pinang,2022-10-23,27.839855072463767,8.443840579710145,31.91304347826087,82.9409420289855,5.244202898550725
Pulau Pinang,2022-10-24,27.857065217391305,8.59963768115942,31.92391304347826,82.16304347826087,6.771739130434782
Pulau Pinang,2022-10-25,26.518279569892474,7.78494623655914,30.369175627240143,91.99498207885304,2.7243727598566307
Pulau Pinang,2022-10-26,26.129294755877034,8.030741410488245,29.359855334538878,92.62911392405063,2.2426763110307415
Pulau Pinang,2022-10-27,27.23731884057971,8.143115942028986,30.596014492753625,88.33115942028985,2.547463768115942
Pulau Pinang,2022-10-28,26.531407942238268,7.552346570397112,29.37725631768953,90.12707581227437,3.475812274368231
Pulau Pinang,2022-10-29,26.890760869565216,8.369565217391305,29.967391304347824,88.58061594202898,3.1795289855072464
Pulau Pinang,2022-10-30,27.644565217391303,7.976449275362318,31.605072463768117,85.83949275362319,3.6375
Pulau Pinang,2022-10-31,26.483393501805054,7.543321299638989,30.05956678700361,92.01841155234656,2.8342960288808663
Pulau Pinang,2022-11-01,27.511754068716094,8.061482820976492,31.182640144665463,86.89222423146474,3.5180831826401446
Pulau Pinang,2022-11-02,27.28894927536232,8.023550724637682,30.920289855072465,87.139130434782615,3.222101449275362
Pulau Pinang,2022-11-03,26.93901996370236,7.696914700544465,30.493647912885663,88.35172413793103,3.4867513611615246
Pulau Pinang,2022-11-04,26.814670658682633,8.22754491017964,30.29940119760479,89.62679640718562,3.1293413173652693
Pulau Pinang,2022-11-05,26.1270783847981,7.554631828978622,30.232779097387173,92.81437054631829,2.3073634204275533
Pulau Pinang,2022-11-06,27.647261904761905,8.352380952380953,31.910714285714285,87.59821428571429,2.2466666666666666
Pulau Pinang,2022-11-07,27.34654761904762,8.227380952380953,30.595238095238095,86.50154761904761,3.0975
Pulau Pinang,2022-11-08,27.356599286563615,8.10820451843044,31.828775267538646,88.25802615933412,2.41307966706302
Pulau Pinang,2022-11-09,27.727758007117437,7.525504151838671,32.24673784104389,86.33902728351127,3.076037959667853
Pulau Pinang,2022-11-10,26.944312796208532,7.828199052132701,30.672985781990523,88.42831753554502,5.523222748815166
Pulau Pinang,2022-11-11,26.533767772511847,7.216824644549763,29.828199052132703,89.60639810426541,6.397037914691943
Pulau Pinang,2022-11-12,26.67205882352941,7.910427807486631,30.53609625668449,91.0885026737968,2.156149732620321
Pulau Pinang,2022-11-13,26.969129916567343,7.249106078665077,30.65554231227652,90.71847437425507,2.231585220500596
Pulau Pinang,2022-11-14,26.434047619047618,7.870238095238095,30.15,92.47416666666666,2.344642857142857
Pulau Pinang,2022-11-15,26.162380952380953,7.655952380952381,29.204761904761906,91.50559523809524,1.6655952380952381
Pulau Pinang,2022-11-16,27.60214285714286,8.508333333333333,32.81428571428572,88.45559523809524,1.7395238095238095
Pulau Pinang,2022-11-17,27.472057074910822,8.159334126040427,32.48513674197384,90.51843043995244,2.3661117717003566
Pulau Pinang,2022-11-18,27.526753864447087,8.43281807372176,31.630202140309155,87.98382877526754,3.020451843043995
Pulau Pinang,2022-11-19,27.349344457687724,8.215733015494637,31.6150178784267,87.22002383790226,4.289272943980929
Pulau Pinang,2022-11-20,27.704047619047618,8.415476190476191,31.947619047619046,86.57833333333333,3.464166666666667
Pulau Pinang,2022-11-21,27.743519619500596,8.399524375743162,32.130796670630204,87.07455410225921,2.6737217598097502
Pulau Pinang,2022-11-22,26.598938679245283,7.043632075471698,31.340801886792452,92.62995283018869,2.1746462264150943
Pulau Pinang,2022-11-23,25.317751479289942,6.933727810650888,29.49112426035503,96.47668639053255,2.1867455621301777
Pulau Pinang,2022-11-24,27.329216152019004,7.785035629453682,32.14489311163896,88.36532066508313,2.0061757719714963
Pulau Pinang,2022-11-25,27.22972651605232,7.600475624256837,31.33412604042806,89.08894173602853,1.1356718192627824
Pulau Pinang,2022-11-26,28.041785714285716,7.83452380952381,32.660714285714285,84.95226190476191,3.332738095238095
Pulau Pinang,2022-11-27,26.88858501783591,8.202140309155768,30.370986920332935,89.75885850178359,3.1560047562425684
Pulau Pinang,2022-11-28,27.71486325802616,7.932223543400713,31.14268727705113,85.61593341260404,2.9348394768133175
Pulau Pinang,2022-11-29,26.828418549346015,8.191438763376933,31.03567181926278,90.38442330558858,2.4583828775267538
Pulau Pinang,2022-11-30,26.681883194278903,8.536352800953516,30.399284862932063,90.44064362336114,1.9893921334922526
Pulau Pinang,2022-12-01,26.46654761904762,7.9869047619047615,29.71904761904762,89.01547619047619,3.9422619047619047
Pulau Pinang,2022-12-02,27.098333333333333,8.303571428571429,30.09285714285714,84.96095238095238,3.9346428571428573
Pulau Pinang,2022-12-03,26.0785290628707,7.647686832740214,28.58600237247924,90.88991696322657,3.708896797153025
Pulau Pinang,2022-12-04,26.443690476190476,8.342857142857143,29.728571428571428,90.32904761904761,2.4179761904761903
Pulau Pinang,2022-12-05,27.62434679334917,8.155581947743467,31.454869358669832,87.2832541567696,1.860332541567696
Pulau Pinang,2022-12-06,27.395130641330166,8.534441805225653,31.66983372921615,88.30700712589073,2.4136579572446557
Pulau Pinang,2022-12-07,27.178121284185494,7.9453032104637336,30.764565992865638,88.28775267538644,3.0249702734839476
Pulau Pinang,2022-12-08,26.82702380952381,8.41904761904762,30.18452380952381,87.36571428571429,6.200833333333334
Pulau Pinang,2022-12-09,24.778690476190476,8.136904761904763,26.870238095238093,93.28404761904761,5.588690476190476
Pulau Pinang,2022-12-10,26.15541022592152,8.296076099881095,29.17241379310345,87.82770511296076,7.616765755053508
Pulau Pinang,2022-12-11,26.377526753864448,8.262782401902497,29.43281807372176,88.67895362663496,5.392865636147444
Pulau Pinang,2022-12-12,26.267380952380954,7.995238095238095,29.425,90.51607142857142,1.688452380952381
Pulau Pinang,2022-12-13,26.188235294117646,7.6074429771908765,29.789915966386555,91.6392557022809,2.1358943577430973
Pulau Pinang,2022-12-14,27.10142857142857,8.338095238095239,30.034523809523808,83.69964285714286,3.7454761904761904
Pulau Pinang,2022-12-15,27.177672209026127,8.268408551068884,30.580760095011875,85.28182897862233,2.8625890736342043
Pulau Pinang,2022-12-16,27.46,8.154761904761905,30.698809523809523,84.44333333333333,3.166904761904762
Pulau Pinang,2022-12-17,27.521309523809524,8.228571428571428,30.708333333333332,84.3072619047619,4.758214285714286
Pulau Pinang,2022-12-18,25.2125,8.188095238095238,27.465476190476192,92.07607142857142,3.4233333333333333
Pulau Pinang,2022-12-19,24.97654761904762,8.496428571428572,26.864285714285714,88.33702380952381,4.079642857142857
Pulau Pinang,2022-12-20,26.655833333333334,8.626190476190477,29.63452380952381,84.66380952380952,3.5308333333333333
Pulau Pinang,2022-12-21,26.938809523809525,8.538095238095238,30.570238095238096,86.43107142857143,5.5667857142857144
Pulau Pinang,2022-12-22,27.263214285714287,8.821428571428571,30.604761904761904,85.21107142857143,3.679047619047619
Pulau Pinang,2022-12-23,27.422090261282662,8.465558194774347,30.788598574821854,85.18456057007126,3.6668646080760094
Pulau Pinang,2022-12-24,27.710595238095237,8.685714285714285,29.998809523809523,75.26416666666667,4.113571428571428
Pulau Pinang,2022-12-25,27.35309523809524,8.728571428571428,30.141666666666666,78.65357142857142,3.9509523809523808
Pulau Pinang,2022-12-26,27.173214285714284,8.572619047619048,29.910714285714285,78.68666666666667,5.603928571428572
Pulau Pinang,2022-12-27,27.24357142857143,8.271428571428572,29.576190476190476,76.68880952380952,6.07
Pulau Pinang,2022-12-28,27.463214285714287,8.69047619047619,30.13809523809524,75.71702380952381,5.296785714285714
Pulau Pinang,2022-12-29,27.038809523809523,8.876190476190477,29.24047619047619,77.37273809523809,5.181071428571428
Pulau Pinang,2022-12-30,26.72404761904762,8.820238095238095,28.679761904761904,75.33547619047619,5.667023809523809
Pulau Pinang,2022-12-31,26.500595238095237,8.523809523809524,28.766666666666666,78.43214285714286,5.055476190476191
Sabah,2022-01-01,25.718627450980392,8.743338008415147,28.67601683029453,93.14901960784314,4.4488795518207285
Sabah,2022-01-02,24.802836879432625,8.02836879432624,26.361702127659573,94.55617021276596,2.9485106382978725
Sabah,2022-01-03,25.005359661495064,8.811001410437235,27.33568406205924,93.47263751763046,3.0098730606488013
Sabah,2022-01-04,25.961744022503517,8.867791842475388,29.022503516174403,91.00492264416314,2.6
Sabah,2022-01-05,26.534366197183097,8.81830985915493,29.722535211267605,90.0456338028169,3.1246478873239436
Sabah,2022-01-06,26.375280898876404,8.719101123595506,30.077247191011235,90.98497191011236,3.0316011235955056
Sabah,2022-01-07,25.761055634807416,8.914407988587731,28.938659058487875,92.31098430813124,3.0262482168330957
Sabah,2022-01-08,26.144255319148936,8.964539007092199,29.28936170212766,90.76297872340426,3.4490780141843973
Sabah,2022-01-09,26.838342696629212,9,30.168539325842698,88.2880617977528,3.260814606741573
Sabah,2022-01-10,27.256302521008404,9,30.89075630252101,87.17002801120448,3.0288515406162464
Sabah,2022-01-11,26.944822695035462,8.852482269503547,30.899290780141843,89.06822695035461,3.6697872340425532
Sabah,2022-01-12,26.51638655462185,8.957983193277311,29.988795518207283,89.41274509803921,3.7243697478991598
Sabah,2022-01-13,26.65055865921788,8.879888268156424,29.85335195530726,89.36508379888268,4.314664804469274
Sabah,2022-01-14,26.350911640953715,8.931276297335204,29.93969144460028,89.1343618513324,3.3927068723702667
Sabah,2022-01-15,26.27923186344239,9,29.862019914651494,88.34281650071124,3.7388335704125177
Sabah,2022-01-16,26.495915492957746,8.973239436619718,29.904225352112675,88.17591549295774,2.9922535211267607
Sabah,2022-01-17,25.812575757575758,8.85909090909091,29.125757575757575,90.39909090909092,4.165454545454545
Sabah,2022-01-18,25.554420731707317,8.916158536585366,28.0609756097561,91.85990853658537,3.946798780487805
Sabah,2022-01-19,25.674965034965034,8.626573426573426,28.262937062937063,91.68937062937063,3.1995804195804194
Sabah,2022-01-20,24.76718309859155,8.719718309859156,26.949295774647887,95.56985915492957,2.534507042253521
Sabah,2022-01-21,25.151370851370853,8.832611832611832,27.08080808080808,94.56897546897547,1.8509379509379509
Sabah,2022-01-22,26.24772727272727,8.856534090909092,29.1875,92.11463068181818,2.5056818181818183
Sabah,2022-01-23,26.83823529411765,8.915966386554622,30.455182072829132,90.88683473389355,2.839495798319328
Sabah,2022-01-24,27.032826747720364,8.98936170212766,30.998480243161094,89.919452887538,3.2556231003039513
Sabah,2022-01-25,26.58800578034682,8.959537572254336,30.310693641618496,90.72832369942196,3.4741329479768788
Sabah,2022-01-26,25.927132867132865,8.595804195804195,28.882517482517482,93.88531468531468,2.340839160839161
Sabah,2022-01-27,26.376923076923077,8.674125874125874,29.205594405594404,92.72615384615385,3.165874125874126
Sabah,2022-01-28,26.38967468175389,8.958981612446959,29.685997171145686,91.3024045261669,2.55997171145686
Sabah,2022-01-29,26.98716502115656,9,30.517630465444288,89.64583921015515,2.715514809590973
Sabah,2022-01-30,26.636286919831225,8.9971870604782,30.41068917018284,90.81940928270042,3.0758087201125175
Sabah,2022-01-31,27.2288920056101,8.995792426367462,31.366058906030855,89.4929873772791,2.9983169705469845
Sabah,2022-02-01,26.59080291970803,9,30.188321167883213,89.7370802919708,3.066861313868613
Sabah,2022-02-02,26.078011204481793,8.816526610644258,29.368347338935575,90.3,3.753081232492997
Sabah,2022-02-03,26.81741573033708,8.969101123595506,30.151685393258425,87.60266853932585,3.74311797752809
Sabah,2022-02-04,25.931512605042016,8.984593837535014,29.42156862745098,88.76022408963586,3.689075630252101
Sabah,2022-02-05,26.07016806722689,8.77310924369748,29.3781512605042,89.15826330532212,3.683473389355742
Sabah,2022-02-06,25.750280112044816,8.067226890756302,29.65406162464986,92.63697478991597,3.327170868347339
Sabah,2022-02-07,25.775905797101448,8.996376811594203,28.958333333333332,91.28786231884058,4.6777173913043475
Sabah,2022-02-08,26.309840810419683,8.975397973950797,30.054992764109986,90.45918958031838,3.2965267727930536
Sabah,2022-02-09,26.09107913669065,8.867625899280576,29.88776978417266,92.33798561151079,3.690071942446043
Sabah,2022-02-10,25.965594405594405,8.79020979020979,29.38041958041958,93.87454545454545,3.7064335664335664
Sabah,2022-02-11,26.175599435825106,8.873060648801129,30.11283497884344,93.44682651622003,3.50098730606488
Sabah,2022-02-12,25.59986033519553,8.374301675977653,28.662011173184357,94.41103351955307,3.4687150837988825
Sabah,2022-02-13,26.202657342657343,8.483916083916084,28.335664335664337,91.94615384615385,2.5334265734265733
Sabah,2022-02-14,26.91017441860465,8.991279069767442,30.392441860465116,89.66366279069767,3.4140988372093024
Sabah,2022-02-15,26.65063113604488,9,30.279102384291726,90.59831697054699,3.6600280504908835
Sabah,2022-02-16,26.518398876404493,8.955056179775282,29.77949438202247,90.31558988764046,2.765449438202247
Sabah,2022-02-17,27.08167832167832,9,30.535664335664336,87.70335664335664,3.7404195804195806
Sabah,2022-02-18,26.836286919831224,8.9971870604782,30.736990154711673,88.92376933895922,3.4873417721518987
Sabah,2022-02-19,26.863572433192687,8.926863572433193,30.40365682137834,89.23586497890295,3.4518987341772154
Sabah,2022-02-20,25.166807313642757,8.727144866385373,27.427566807313642,93.41420534458508,2.860618846694796
Sabah,2022-02-21,25.04322033898305,8.846045197740112,26.65960451977401,93.14985875706215,2.338418079096045
Sabah,2022-02-22,26.248804500703233,8.973277074542898,29.248945147679326,90.61153305203938,2.549789029535865
Sabah,2022-02-23,26.634084507042253,8.946478873239437,30.283098591549297,89.75028169014084,3.335492957746479
Sabah,2022-02-24,26.643100995732574,9,30.52773826458037,88.84068278805121,3.598435277382646
Sabah,2022-02-25,25.78601997146933,8.868758915834523,28.911554921540656,91.22582025677603,2.9867332382310985
Sabah,2022-02-26,26.569101123595505,8.919943820224718,30.36938202247191,89.50126404494382,3.9808988764044946
Sabah,2022-02-27,25.87726638772664,8.92887029288703,28.892608089260808,90.82482566248257,3.290516039051604
Sabah,2022-02-28,25.948493975903613,8.80722891566265,29.10090361445783,89.49503012048193,3.276355421686747
Sabah,2022-03-01,25.40481171548117,8.774058577405858,28.11715481171548,92.56276150627615,3.19581589958159
Sabah,2022-03-02,25.2402124430956,8.526555386949925,26.72382397572079,93.6092564491654,2.3590288315629744
Sabah,2022-03-03,26.729969418960245,9,29.880733944954127,89.23180428134556,2.754434250764526
Sabah,2022-03-04,26.56481203007519,8.954887218045112,31.20751879699248,91.99924812030075,3.2615037593984963
Sabah,2022-03-05,25.801081916537868,8.576506955177743,28.982998454404946,93.53585780525502,3.037557959814529
Sabah,2022-03-06,26.45508474576271,8.984463276836157,29.586158192090394,90.16045197740112,2.772033898305085
Sabah,2022-03-07,26.546638655462186,8.882352941176471,29.564425770308123,91.19271708683473,3.5726890756302523
Sabah,2022-03-08,26.78625525946704,8.886395511921458,30.373071528751755,90.26521739130435,3.2201963534361853
Sabah,2022-03-09,25.01404255319149,8.37304964539007,26.81560283687943,94.1486524822695,2.3929078014184397
Sabah,2022-03-10,26.471977240398292,8.842105263157896,29.43954480796586,89.4950213371266,3.1349928876244664
Sabah,2022-03-11,26.638375350140056,8.65266106442577,29.2703081232493,92.22633053221288,2.769047619047619
Sabah,2022-03-12,26.616335227272728,8.818181818181818,29.21590909090909,92.275,3.1106534090909093
Sabah,2022-03-13,27.171813031161474,8.910764872521247,30.838526912181305,90.08994334277621,2.4753541076487253
Sabah,2022-03-14,27.594864479315262,9,31.496433666191155,90.07817403708987,3.014407988587732
Sabah,2022-03-15,27.343120567375887,8.860992907801418,31.039716312056736,90.9295035460993,2.8065248226950357
Sabah,2022-03-16,27.35812324929972,8.7703081232493,31.488795518207283,91.04775910364145,3.025910364145658
Sabah,2022-03-17,27.29817415730337,8.900280898876405,32.32303370786517,92.21741573033708,2.3924157303370785
Sabah,2022-03-18,26.899148936170214,8.886524822695035,30.541843971631206,92.41517730496454,2.8595744680851065
Sabah,2022-03-19,26.084053651266768,8.263785394932937,29.140089418777944,94.7785394932936,2.5943368107302534
Sabah,2022-03-20,26.067270194986072,8.685236768802229,28.91782729805014,94.08523676880223,2.634958217270195
Sabah,2022-03-21,26.30056179775281,8.730337078651685,29.140449438202246,93.15983146067416,2.713061797752809
Sabah,2022-03-22,26.28882681564246,8.956703910614525,29.048882681564248,92.2286312849162,2.6097765363128493
Sabah,2022-03-23,27.00182841068917,8.9971870604782,31.267229254571028,89.54585091420535,3.150632911392405
Sabah,2022-03-24,27.40196353436185,8.96633941093969,32.29032258064516,89.5899018232819,3.291164095371669
Sabah,2022-03-25,27.884647887323943,8.940845070422535,33.33380281690141,88.64056338028169,3.5608450704225354
Sabah,2022-03-26,28.350840336134453,8.99719887955182,34.285714285714285,88.37577030812325,2.9519607843137257
Sabah,2022-03-27,26.65169014084507,8.756338028169013,31.350704225352114,92.75225352112676,3.4764788732394365
Sabah,2022-03-28,25.262027491408933,8.683848797250858,27.467353951890033,94.72697594501719,2.763058419243986
Sabah,2022-03-29,26.52891396332863,8.921015514809591,29.595204513399153,89.76318758815233,2.9094499294781384
Sabah,2022-03-30,27.190482954545455,8.994318181818182,31.796875,89.92457386363637,2.9552556818181817
Sabah,2022-03-31,27.807531380753137,9,31.99581589958159,84.07949790794979,5.916317991631799
Sabah,2022-04-01,27.824055944055942,9,32.45034965034965,87.88223776223776,3.6166433566433565
Sabah,2022-04-02,26.73361462728551,8.80590717299578,29.80590717299578,90.50450070323488,1.909985935302391
Sabah,2022-04-03,26.367356687898088,8.926751592356688,29.04936305732484,92.17372611464968,2.66671974522293
Sabah,2022-04-04,26.235021097046413,8.80731364275668,28.91561181434599,90.90942334739803,3.2421940928270043
Sabah,2022-04-05,25.926190476190477,8.88655462184874,28.313725490196077,93.63963585434173,2.8529411764705883
Sabah,2022-04-06,26.365346534653465,8.817538896746818,29.636492220650638,91.26011315417256,3.7526166902404525
Sabah,2022-04-07,26.151129943502823,8.663841807909604,28.800847457627118,92.52598870056497,3.3435028248587573
Sabah,2022-04-08,26.105194805194806,8.41991341991342,28.549783549783548,91.73015873015873,4.374025974025974
Sabah,2022-04-09,25.91139971139971,8.337662337662337,27.424242424242426,93.08701298701298,5.636652236652236
Sabah,2022-04-10,26.94762569832402,8.474860335195531,28.89804469273743,86.25460893854749,5.027793296089386
Sabah,2022-04-11,26.969295774647886,8.988732394366197,30.090140845070422,89.55957746478873,2.988169014084507
Sabah,2022-04-12,27.53370786516854,8.991573033707866,32.287921348314605,88.45519662921349,3.5150280898876405
Sabah,2022-04-13,27.02710413694722,8.952924393723253,30.96861626248217,89.6623395149786,3.108559201141227
Sabah,2022-04-14,27.52325581395349,9,31.63953488372093,88.2295058139535,3.1978197674418607
Sabah,2022-04-15,27.65158501440922,8.997118155619596,31.259365994236312,86.59020172910662,2.951585014409222
Sabah,2022-04-16,27.4590395480226,8.847457627118644,31.189265536723163,87.61779661016949,3.2203389830508473
Sabah,2022-04-17,27.60798319327731,8.918767507002801,31.73949579831933,86.37871148459384,3.5326330532212884
Sabah,2022-04-18,28.226441631504922,9,33.66385372714487,86.7534458509142,3.6652601969057663
Sabah,2022-04-19,27.34724964739069,8.867418899858956,32.02820874471086,89.58899858956276,3.66262341325811
Sabah,2022-04-20,26.35268361581921,8.971751412429379,30.04943502824859,92.43248587570622,2.9936440677966103
Sabah,2022-04-21,26.894553072625698,8.924581005586592,31.80586592178771,90.72625698324022,3.2653631284916202
Sabah,2022-04-22,27.535524475524475,8.96923076923077,32.18601398601399,91.0241958041958,3.093006993006993
Sabah,2022-04-23,27.349166666666665,8.988888888888889,32.27361111111111,90.61208333333333,3.455416666666667
Sabah,2022-04-24,27.49066852367688,8.942896935933147,31.876044568245124,89.81295264623955,3.8091922005571033
Sabah,2022-04-25,27.32273381294964,8.981294964028777,31.851798561151078,91.70978417266187,3.3702158273381295
Sabah,2022-04-26,27.367090395480226,8.968926553672317,31.295197740112993,89.40042372881356,3.261440677966102
Sabah,2022-04-27,26.116272600834492,8.700973574408902,28.86787204450626,94.1616133518776,2.7496522948539637
Sabah,2022-04-28,26.598439716312058,8.934751773049646,30.01276595744681,92.13120567375887,2.3680851063829786
Sabah,2022-04-29,27.560814606741573,8.89185393258427,31.78370786516854,90.33061797752809,3.334129213483146
Sabah,2022-04-30,25.73246753246753,8.803751803751803,28.59018759018759,91.9922077922078,3.4036075036075037
Sabah,2022-05-01,27.102924791086352,8.979108635097493,31.33008356545961,86.9508356545961,3.2633704735376043
Sabah,2022-05-02,28.123291492329148,8.98047419804742,32.64574616457462,85.66094839609484,3.3331938633193863
Sabah,2022-05-03,28.195098039215686,9,33.556022408963585,86.73375350140056,3.3011204481792715
Sabah,2022-05-04,27.98512747875354,8.994334277620396,33.65014164305949,88.2586402266289,3.1705382436260625
Sabah,2022-05-05,26.824755244755245,8.988811188811189,31.66993006993007,92.96335664335665,3.0165034965034967
Sabah,2022-05-06,27.937273991655076,9,32.9346314325452,88.68984700973574,3.861891515994437
Sabah,2022-05-07,27.973286713286715,8.993006993006993,33.45454545454545,91.18391608391609,3.4346853146853147
Sabah,2022-05-08,27.66100278551532,8.909470752089137,32.38718662952646,91.80877437325906,2.9692200557103066
Sabah,2022-05-09,25.847625698324023,8.403631284916202,28.900837988826815,96.43491620111732,3.1501396648044695
Sabah,2022-05-10,26.46569037656904,8.800557880055788,29.712691771269178,93.15774058577406,1.9246861924686192
Sabah,2022-05-11,27.786713286713287,8.990209790209791,33.32027972027972,91.36615384615385,3.0758041958041957
Sabah,2022-05-12,26.691073919107392,8.860529986052999,31.608089260808924,94.51492329149232,3.159693165969317
Sabah,2022-05-13,27.163456090651557,8.89943342776204,31.41643059490085,91.3042492917847,2.940084985835694
Sabah,2022-05-14,27.796685878962535,8.978386167146974,33.128242074927954,89.8,2.828242074927954
Sabah,2022-05-15,28.055882352941175,8.945378151260504,34.168067226890756,89.15070028011205,3.212464985994398
Sabah,2022-05-16,28.36699716713881,8.924929178470254,33.71954674220963,85.69674220963172,3.3813031161473086
Sabah,2022-05-17,26.612849162011173,8.730446927374302,30.574022346368714,90.97150837988826,3.3078212290502793
Sabah,2022-05-18,27.4200290275762,8.997097242380262,31.413642960812773,88.28287373004355,2.8847605224963715
Sabah,2022-05-19,27.732568149210906,8.949784791965566,32.31994261119082,88.52754662840746,2.9612625538020088
Sabah,2022-05-20,27.36182336182336,8.981481481481481,31.06980056980057,90.43760683760684,3.851709401709402
Sabah,2022-05-21,27.40575221238938,8.997050147492626,31.523598820058996,88.25398230088496,3.380088495575221
Sabah,2022-05-22,27.471103896103894,8.678571428571429,31.584415584415584,89.28198051948051,3.0993506493506495
Sabah,2022-05-23,27.471474878444084,8.92544570502431,31.777957860615885,89.27212317666127,2.80064829821718
Sabah,2022-05-24,28.53452188006483,8.998379254457051,34.282009724473255,88.24246353322529,3.5372771474878446
Sabah,2022-05-25,28.090468497576737,8.995153473344104,33.63651050080775,88.21793214862682,3.455573505654281
Sabah,2022-05-26,27.01654676258993,8.893525179856114,32,89.92474820143885,4.169064748201439
Sabah,2022-05-27,26.034685314685316,8.662937062937063,28.871328671328673,92.77468531468531,3.757622377622378
Sabah,2022-05-28,27.022701949860725,8.913649025069638,30.57660167130919,86.54930362116991,2.714902506963788
Sabah,2022-05-29,27.434685314685314,8.987412587412587,30.834965034965034,85.68853146853147,2.571888111888112
Sabah,2022-05-30,27.664788732394367,8.976056338028169,32.02957746478873,83.0125352112676,3.1004225352112678
Sabah,2022-05-31,27.62559774964838,8.976090014064697,31.866385372714486,85.24767932489452,3.1137834036568215
Sabah,2022-06-01,28.34835007173601,9,34.2180774748924,87.72869440459111,3.5416068866571018
Sabah,2022-06-02,26.742271293375396,8.807570977917981,29.936908517350158,90.28864353312302,5.1921135646687695
Sabah,2022-06-03,26.957304964539006,9,30.463829787234044,91.16666666666667,2.713191489361702
Sabah,2022-06-04,27.10042372881356,9,31.440677966101696,89.10437853107345,3.44180790960452
Sabah,2022-06-05,27.6382889200561,9,32.48807854137448,87.44123422159888,3.0159887798036467
Sabah,2022-06-06,27.632913165266107,9,32.55882352941177,89.87114845938375,2.7592436974789916
Sabah,2022-06-07,26.361484593837535,8.474789915966387,29.407563025210084,93.653081232493,2.4100840336134453
Sabah,2022-06-08,27.548126801152737,8.906340057636887,32.538904899135446,89.69682997118156,2.855043227665706
Sabah,2022-06-09,27.79512893982808,8.908309455587393,33.48853868194843,90.60028653295129,3.168051575931232
Sabah,2022-06-10,25.6990099009901,8.506364922206506,28.142857142857142,95.05530410183876,3.0164073550212165
Sabah,2022-06-11,26.771214392803596,8.961019490254873,30.259370314842577,88.9215892053973,3.4013493253373315
Sabah,2022-06-12,27.630694444444444,8.731944444444444,32.55,90.17527777777778,3.2198611111111113
Sabah,2022-06-13,26.874963820549926,8.827785817655572,30.765557163531113,90.99768451519537,3.2626628075253254
Sabah,2022-06-14,26.679943899018234,9,30.049088359046284,91.32131837307153,2.8587657784011222
Sabah,2022-06-15,27.392307692307693,8.938461538461539,32.0041958041958,88.08811188811188,3.347132867132867
Sabah,2022-06-16,27.25076708507671,8.9721059972106,32.36401673640167,90.79302649930266,3.3398884239888424
Sabah,2022-06-17,26.891828254847645,8.750692520775623,30.613573407202217,90.61828254847646,3.5011080332409974
Sabah,2022-06-18,26.5442119944212,8.923291492329149,29.99721059972106,91.5608089260809,3.0728033472803347
Sabah,2022-06-19,27.411500701262273,9,30.868162692847125,88.65638148667601,2.8799438990182327
Sabah,2022-06-20,26.79355300859599,8.406876790830946,30.015759312320917,91.97779369627507,2.5769340974212036
Sabah,2022-06-21,26.152781740370898,8.783166904422254,28.55206847360913,93.41255349500713,2.7336661911554923
Sabah,2022-06-22,26.765271966527198,9,30.675034867503488,89.97949790794979,3.5290097629009765
Sabah,2022-06-23,27.20296191819464,9,31.837799717912553,90.7555712270804,2.997179125528914
Sabah,2022-06-24,27.015395284327322,8.951456310679612,31.22746185852982,91.44077669902913,3.221497919556172
Sabah,2022-06-25,26.53625,8.841666666666667,30.575,92.70736111111111,3.066666666666667
Sabah,2022-06-26,26.950560224089635,9,31.19327731092437,90.46288515406162,2.906442577030812
Sabah,2022-06-27,27.129935275080907,8.970873786407767,31.37864077669903,90.53980582524272,2.7250809061488672
Sabah,2022-06-28,27.42105263157895,8.980994152046783,31.980994152046783,88.85891812865498,3.499269005847953
Sabah,2022-06-29,27.676445698166432,8.998589562764456,32.00705218617772,87.80239774330042,3.9396332863187586
Sabah,2022-06-30,27.8,8.870833333333334,31.5,82.34166666666667,6.733333333333333
Sabah,2022-07-01,27.388046647230322,8.564139941690962,31.2667638483965,90.57434402332362,3.5817784256559766
Sabah,2022-07-02,27.756612903225808,8.95483870967742,32.73548387096774,87.06387096774193,3.6711290322580648
Sabah,2022-07-03,28.305654761904762,8.967261904761905,32.549107142857146,80.41279761904762,3.550595238095238
Sabah,2022-07-04,26.960084033613445,8.942577030812325,30.591036414565828,87.08837535014005,3.745658263305322
Sabah,2022-07-05,26.835664335664337,8.973426573426574,31.46153846153846,88.95104895104895,2.9093706293706294
Sabah,2022-07-06,26.593926553672315,8.67090395480226,30.361581920903955,90.45042372881356,3.7861581920903955
Sabah,2022-07-07,27.430337078651686,8.890449438202246,31.028089887640448,88.11601123595506,3.2439606741573033
Sabah,2022-07-08,27.692997198879553,8.742296918767506,31.759103641456583,88.24929971988796,3.203641456582633
Sabah,2022-07-09,26.009388971684054,7.956780923994039,28.14903129657228,91.55722801788376,5.1228017883755586
Sabah,2022-07-10,26.501875,8.521875,29.0140625,87.32640625,4.23078125
Sabah,2022-07-11,26.22859259259259,8.442962962962962,28.654814814814817,90.00948148148149,4.106814814814815
Sabah,2022-07-12,27.010195530726257,8.75,30.695530726256983,88.97486033519553,3.4981843575418994
Sabah,2022-07-13,26.0375,8.700284090909092,29.004261363636363,93.02883522727272,4.159375
Sabah,2022-07-14,26.40757363253857,8.859747545582048,29.161290322580644,89.4241234221599,3.9415147265077137
Sabah,2022-07-15,26.583757062146894,8.940677966101696,30.26412429378531,89.54675141242937,2.1889830508474577
Sabah,2022-07-16,27.74167832167832,8.994405594405594,31.352447552447554,84.30489510489511,3.3005594405594407
Sabah,2022-07-17,25.90561009817672,8.906030855539973,29.38569424964937,89.87910238429173,4.7633941093969145
Sabah,2022-07-18,27.039720279720278,9,31.16923076923077,86.42349650349651,2.840839160839161
Sabah,2022-07-19,27.996011396011397,8.972934472934472,32.09116809116809,87.55911680911682,2.9834757834757837
Sabah,2022-07-20,27.7032904148784,8.984263233190271,32.66952789699571,87.56981402002862,3.109442060085837
Sabah,2022-07-21,27.802513966480447,8.998603351955307,32.38268156424581,86.73058659217877,4.013268156424581
Sabah,2022-07-22,27.028591352859134,8.90934449093445,30.97350069735007,89.81673640167364,3.229846582984658
Sabah,2022-07-23,27.26185133239832,8.995792426367462,31.936886395511923,89.60883590462834,2.8925666199158484
Sabah,2022-07-24,27.16550279329609,8.861731843575418,31.81983240223464,91.68980446927374,2.913268156424581
Sabah,2022-07-25,26.38033472803347,8.351464435146443,29.209205020920503,93.69386331938634,3.579497907949791
Sabah,2022-07-26,26.617130919220056,8.768802228412257,29.518105849582174,91.43913649025069,3.434818941504178
Sabah,2022-07-27,27.137534626038782,7.962603878116344,29.801939058171744,90.6606648199446,3.6379501385041553
Sabah,2022-07-28,26.82106782106782,8.816738816738816,30.03030303030303,90.2881673881674,3.43015873015873
Sabah,2022-07-29,27.557902097902097,8.994405594405594,31.527272727272727,87.8406993006993,3.178041958041958
Sabah,2022-07-30,27.522206703910616,9,31.818435754189945,88.0877094972067,3.3997206703910616
Sabah,2022-07-31,26.549652294853963,8.746870653685674,29.684283727399166,89.77955493741307,3.7830319888734354
Sabah,2022-08-01,26.164755244755245,8.923076923076923,29.433566433566433,92.23734265734265,2.8215384615384616
Sabah,2022-08-02,27.523496503496503,9,31.965034965034967,89.01118881118882,3.4234965034965037
Sabah,2022-08-03,27.213249651324965,8.98186889818689,31.786610878661087,91.02649930264992,2.9794979079497907
Sabah,2022-08-04,26.58013888888889,8.805555555555555,30.095833333333335,92.01625,2.858888888888889
Sabah,2022-08-05,26.2283540802213,8.39972337482711,29.024896265560166,93.16058091286307,3.887136929460581
Sabah,2022-08-06,26.401668984700972,8.524339360222532,28.74547983310153,89.75368567454798,5.908484005563283
Sabah,2022-08-07,26.97864506627393,8.880706921944036,30.116347569955817,87.47039764359351,3.6066273932253314
Sabah,2022-08-08,27.642664670658682,8.588323353293413,31.832335329341316,87.89505988023951,3.6077844311377247
Sabah,2022-08-09,27.351617440225034,8.9915611814346,32.561181434599156,89.48832630098453,2.6662447257383968
Sabah,2022-08-10,27.995961002785517,8.930362116991644,33.136490250696376,88.25891364902508,3.002367688022284
Sabah,2022-08-11,28.059550561797753,9,32.92275280898876,86.01839887640449,3.742556179775281
Sabah,2022-08-12,28.21907433380084,9,33.576437587657786,86.00645161290322,3.1600280504908835
Sabah,2022-08-13,28.503361344537815,9,33.721288515406165,86.7796918767507,3.3445378151260505
Sabah,2022-08-14,27.651680672268906,8.980392156862745,33.02521008403362,88.76484593837534,3.2445378151260504
Sabah,2022-08-15,27.4983286908078,8.856545961002785,32.370473537604454,87.60640668523676,4.271030640668524
Sabah,2022-08-16,27.255274261603375,8.890295358649789,31.545710267229254,87.86497890295358,3.952320675105485
Sabah,2022-08-17,27.12153846153846,8.945454545454545,31.35804195804196,88.19902097902099,3.4862937062937065
Sabah,2022-08-18,26.955484896661368,8.952305246422894,30.27980922098569,87.22400635930047,3.4718600953895074
Sabah,2022-08-19,27.11985294117647,9,30.651470588235295,86.72264705882353,3.290735294117647
Sabah,2022-08-20,27.355292479108634,8.995821727019498,30.681058495821727,87.96935933147633,3.9639275766016713
Sabah,2022-08-21,27.308848314606742,8.787921348314606,30.957865168539325,90.10421348314607,3.400702247191011
Sabah,2022-08-22,26.111344537815125,8.88515406162465,29.219887955182074,93.87338935574229,3.4047619047619047
Sabah,2022-08-23,26.547464788732395,8.888732394366198,29.23380281690141,91.0592957746479,4.805492957746479
Sabah,2022-08-24,26.406329113924052,8.943741209563994,29.856540084388186,91.3182841068917,3.6334739803094234
Sabah,2022-08-25,26.37723463687151,8.684357541899441,29.21927374301676,91.79371508379889,2.970949720670391
Sabah,2022-08-26,25.73018080667594,8.849791376912378,28.382475660639777,93.38915159944368,3.140055632823366
Sabah,2022-08-27,26.88931623931624,8.874643874643874,30.38888888888889,88.88091168091168,3.3951566951566954
Sabah,2022-08-28,27.328631875881523,8.959097320169253,31.506346967559942,89.44866008462624,3.545416078984485
Sabah,2022-08-29,27.20991379310345,8.932471264367816,31.426724137931036,89.69396551724138,2.8685344827586206
Sabah,2022-08-30,26.162674094707523,8.905292479108635,29.905292479108635,92.20027855153204,3.1381615598885793
Sabah,2022-08-31,26.162952646239553,8.919220055710307,29.06267409470752,92.32646239554317,3.4544568245125347
Sabah,2022-09-01,27.378541374474054,9,30.91865357643759,89.41346423562412,3.320757363253857
Sabah,2022-09-02,27.27695530726257,8.762569832402235,31.416201117318437,91.43310055865922,3.064245810055866
Sabah,2022-09-03,27.1109396914446,8.960729312762973,31.626928471248245,90.37573632538569,3.3520336605890604
Sabah,2022-09-04,26.128312412831242,8.170153417015342,29.03765690376569,93.539470013947,4.002510460251046
Sabah,2022-09-05,25.20624133148405,8.276005547850207,27.599167822468793,94.71955617198336,4.020527045769764
Sabah,2022-09-06,25.48154929577465,8.915492957746478,27.964788732394368,90.61760563380281,3.4440845070422537
Sabah,2022-09-07,27.45835734870317,8.896253602305476,31.15706051873199,85.32896253602306,3.6427953890489913
Sabah,2022-09-08,26.52110481586402,8.98300283286119,30.024079320113316,91.05552407932011,3.093767705382436
Sabah,2022-09-09,25.874583333333334,8.527777777777779,28.619444444444444,92.72763888888889,3.3506944444444446
Sabah,2022-09-10,26.74918998527246,8.970544918998527,29.802650957290133,91.38468335787924,3.3409425625920472
Sabah,2022-09-11,25.443639291465377,8.797101449275363,27.56038647342995,94.54573268921095,3.922222222222222
Sabah,2022-09-12,26.794184168012926,8.9983844911147,30.41357027463651,88.41534733441034,3.1103392568659127
Sabah,2022-09-13,27.844372990353698,8.94855305466238,31.921221864951768,87.06012861736335,3.6241157556270096
Sabah,2022-09-14,26.531645569620252,8.653481012658228,30.19778481012658,92.26708860759494,4.525474683544304
Sabah,2022-09-15,25.632689450222884,8.735512630014858,28.523031203566124,92.97325408618127,3.3679049034175335
Sabah,2022-09-16,26.675847457627118,8.980225988700566,29.634180790960453,87.6975988700565,3.6128531073446326
Sabah,2022-09-17,27.415686274509802,8.943977591036415,31.45798319327731,86.71638655462185,3.0277310924369747
Sabah,2022-09-18,27.70206489675516,8.997050147492626,31.749262536873157,86.36858407079646,3.197050147492625
Sabah,2022-09-19,27.475931677018632,8.68167701863354,31.18633540372671,87.10170807453416,4.367080745341615
Sabah,2022-09-20,26.849781659388647,8.994177583697235,30.321688500727802,89.77088791848617,4.358369723435225
Sabah,2022-09-21,26.292395982783358,8.921090387374463,29.473457675753227,90.92682926829268,3.4229555236728837
Sabah,2022-09-22,26.100845070422537,8.977464788732394,28.450704225352112,87.76478873239436,4.1630985915492955
Sabah,2022-09-23,27.434887459807072,8.996784565916398,31.485530546623796,87.37299035369774,3.2144694533762057
Sabah,2022-09-24,27.42449567723343,9,31.681556195965417,86.31844380403459,4.109942363112392
Sabah,2022-09-25,25.717191977077363,8.6432664756447,28.508595988538683,92.09312320916905,4.004154727793696
Sabah,2022-09-26,25.492877094972066,8.618715083798882,27.400837988826815,91.73519553072626,5.414664804469274
Sabah,2022-09-27,25.86550724637681,8.850724637681159,28.223188405797103,91.96565217391304,3.0340579710144926
Sabah,2022-09-28,27.092286115007013,8.984572230014026,30.722300140252454,88.84305750350632,2.619775596072931
Sabah,2022-09-29,27.884195804195805,8.958041958041958,31.75104895104895,87.07986013986014,3.084055944055944
Sabah,2022-09-30,26.570728291316527,8.969187675070028,30.474789915966387,88.54747899159663,3.1448179271708683
Sabah,2022-10-01,27.20940170940171,8.75925925925926,31.575498575498575,90.06467236467236,3.1586894586894587
Sabah,2022-10-02,27.35169971671388,8.832861189801699,31.230878186968837,88.93470254957506,3.6777620396600565
Sabah,2022-10-03,26.723356643356645,8.911888111888112,30.63216783216783,92.3986013986014,2.7394405594405593
Sabah,2022-10-04,26.522861150070128,8.976157082748948,30.11500701262272,93.41991584852735,2.4848527349228613
Sabah,2022-10-05,26.9,8.870833333333334,29.733333333333334,87.39583333333333,5.625
Sabah,2022-10-06,26.622651933701658,8.679558011049723,30.535911602209946,90.49613259668509,3.4845303867403317
Sabah,2022-10-07,26.68300835654596,8.926183844011142,29.988857938718663,92.13203342618384,3.0084958217270197
Sabah,2022-10-08,27.159071117561684,9,32.00145137880987,91.766763425254,2.832946298984035
Sabah,2022-10-09,26.101589825119238,8.236883942766296,28.972972972972972,92.66931637519873,4.408903020667727
Sabah,2022-10-10,26.62323529411765,9,29.66470588235294,89.1735294117647,4.465
Sabah,2022-10-11,26.531615598885793,8.481894150417828,29.332869080779943,90.6357938718663,4.905013927576602
Sabah,2022-10-12,26.474366197183098,8.940845070422535,29.39718309859155,90.29521126760564,5.180845070422535
Sabah,2022-10-13,27.73769559032717,8.982930298719772,31.92887624466572,86.35334281650071,4.330867709815078
Sabah,2022-10-14,27.58983286908078,8.85933147632312,31.341225626740947,87.38314763231197,4.611838440111421
Sabah,2022-10-15,27.639268680445152,8.998410174880764,32.28616852146264,89.05230524642289,3.343243243243243
Sabah,2022-10-16,27.298042168674698,8.882530120481928,31.90210843373494,89.71506024096385,3.633734939759036
Sabah,2022-10-17,25.139044943820224,7.957865168539326,26.9438202247191,95.38651685393259,3.851825842696629
Sabah,2022-10-18,26.58470097357441,8.662030598052851,30.0125173852573,91.32906815020863,4.557997218358832
Sabah,2022-10-19,26.4484011627907,8.861918604651162,30.177325581395348,92.65450581395349,3.1575581395348835
Sabah,2022-10-20,26.6459802538787,8.983074753173483,29.801128349788435,92.31889985895627,2.726093088857546
Sabah,2022-10-21,26.577638888888888,8.802777777777777,30.270833333333332,92.99902777777778,2.0972222222222223
Sabah,2022-10-22,27.163231197771587,8.949860724233984,31.831476323119777,91.78871866295265,2.8424791086350973
Sabah,2022-10-23,26.59855305466238,8.983922829581994,29.692926045016076,92.56639871382637,2.6463022508038585
Sabah,2022-10-24,26.66298984034833,8.920174165457185,30.20754716981132,91.72815674891146,3.4005805515239476
Sabah,2022-10-25,26.887921348314606,8.89747191011236,30.047752808988765,90.09662921348314,3.5480337078651685
Sabah,2022-10-26,27.24985590778098,8.985590778097983,30.844380403458214,88.74121037463976,3.2463976945244957
Sabah,2022-10-27,26.841014492753622,8.98840579710145,30.795652173913044,91.66014492753624,2.7576811594202897
Sabah,2022-10-28,26.36489971346705,8.845272206303726,30.13753581661891,93.51031518624642,3.251432664756447
Sabah,2022-10-29,27.803817914831132,8.904552129221733,32.59177679882526,88.99676945668135,3.932892804698972
Sabah,2022-10-30,28.017842323651454,8.243430152143844,32.96265560165975,90.66334716459198,4.651728907330567
Sabah,2022-10-31,26.819613259668508,8.5621546961325965,30.912983425414364,93.60400552486188,4.0886740331491715
Sabah,2022-11-01,25.167493112947657,8.351239669421487,26.44214876033058,96.42699724517907,2.999862258953168
Sabah,2022-11-02,26.377731092436974,8.917366946778712,29.201680672268907,91.96022408963586,2.665406162464986
Sabah,2022-11-03,26.96671490593343,9,30.367583212735166,89.45687409551375,3.3586107091172215
Sabah,2022-11-04,27.11396957123098,8.792531120331951,30.692946058091287,89.61078838174274,3.235131396957123
Sabah,2022-11-05,25.94606896551724,8.336551724137932,28.692413793103448,94.5111724137931,2.8993103448275863
Sabah,2022-11-06,26.695543175487465,8.988857938718663,30.525069637883007,91.63816155988857,2.6867688022284124
Sabah,2022-11-07,27.20567867036011,8.96398891966759,30.63157894736842,91.18587257617729,2.829639889196676
Sabah,2022-11-08,26.755007052186176,8.964739069111424,30.11283497884344,91.4049365303244,3.227080394922426
Sabah,2022-11-09,26.6359756097561,8.870426829268293,29.722560975609756,91.64710365853658,2.71234756097561
Sabah,2022-11-10,26.979499217527387,8.98904538341158,30.910798122065728,90.05899843505478,3.139906103286385
Sabah,2022-11-11,26.7109243697479,8.582633053221288,30.313725490196077,93.10854341736695,2.8512605042016808
Sabah,2022-11-12,26.005331179321487,8.97092084006462,28.32956381260097,94.62358642972536,2.2940226171243943
Sabah,2022-11-13,26.709773371104816,8.742209631728045,30.694050991501417,91.66076487252124,2.8739376770538243
Sabah,2022-11-14,25.913904494382024,8.935393258426966,28.933988764044944,94.73960674157303,2.3484550561797755
Sabah,2022-11-15,26.13184979137691,8.944367176634215,29.198887343532686,93.2702364394993,2.650486787204451
Sabah,2022-11-16,26.98011126564673,9,30.411682892906814,90.97566063977747,2.725452016689847
Sabah,2022-11-17,26.628947368421052,8.887811634349031,29.90443213296399,92.0882271468144,2.805678670360111
Sabah,2022-11-18,26.417955801104974,8.736187845303867,29.526243093922652,93.14502762430939,3.278867403314917
Sabah,2022-11-19,26.039235127478754,8.856940509915015,28.56515580736544,94.64334277620397,2.2070821529745044
Sabah,2022-11-20,27.437609329446065,8.91399416909621,31.574344023323615,88.79008746355684,3.2051020408163264
Sabah,2022-11-21,26.888522238163556,8.611190817790531,30.51506456241033,92.18493543758967,2.9677187948350072
Sabah,2022-11-22,25.819417475728155,8.876560332871012,28.374479889042995,93.64368932038835,2.2884882108183078
Sabah,2022-11-23,27.325035161744022,8.9915611814346,31.441631504922643,88.98832630098453,3.1142053445850912
Sabah,2022-11-24,26.177839335180057,8.833795013850416,29.617728531855956,92.61454293628809,3.594459833795014
Sabah,2022-11-25,26.343888888888888,9,28.84027777777778,89.24958333333333,3.2172222222222224
Sabah,2022-11-26,26.84083916083916,8.847552447552447,30.283916083916083,90.21468531468531,2.5552447552447553
Sabah,2022-11-27,25.948413793103448,8.713103448275863,28.88,93.08855172413793,2.745241379310345
Sabah,2022-11-28,27.006119610570238,8.987482614742698,30.837273991655078,89.52461752433936,3.134214186369958
Sabah,2022-11-29,26.0990371389271,8.804676753782669,29.163686382393397,92.19724896836314,3.058321870701513
Sabah,2022-11-30,26.683817427385893,8.946058091286307,30.017980636237898,89.30940525587829,3.283402489626556
Sabah,2022-12-01,26.519861111111112,8.7375,30.03472222222222,91.86,2.8984722222222223
Sabah,2022-12-02,26.48758716875872,8.969316596931659,30.167364016736403,92.95871687587169,2.581311018131102
Sabah,2022-12-03,26.941944444444445,8.994444444444444,31.029166666666665,91.05638888888889,2.7358333333333333
Sabah,2022-12-04,27.56019417475728,8.993065187239944,31.68099861303745,89.28543689320388,3.09375866851595
Sabah,2022-12-05,25.885477178423237,8.839557399723375,28.634854771784234,92.94384508990318,2.9177040110650068
Sabah,2022-12-06,25.74763888888889,8.952777777777778,28.6875,93.32305555555556,2.8541666666666665
Sabah,2022-12-07,26.26759002770083,8.655124653739612,28.79224376731302,91.88185595567867,3.15387811634349
Sabah,2022-12-08,26.4008356545961,8.832869080779945,29.775766016713092,91.81935933147632,3.09958217270195
Sabah,2022-12-09,26.685972222222222,8.956944444444444,29.844444444444445,91.38819444444445,3.1883333333333335
Sabah,2022-12-10,25.56689750692521,8.757617728531857,27.585872576177284,94.52105263157895,3.8326869806094184
Sabah,2022-12-11,25.52965616045845,8.28080229226361,27.03724928366762,94.1932664756447,3.1995702005730657
Sabah,2022-12-12,25.95059523809524,8.717261904761905,27.944940476190474,92.06369047619047,3.733184523809524
Sabah,2022-12-13,25.922253129346313,8.979137691237831,28.700973574408902,91.79958275382475,2.464673157162726
Sabah,2022-12-14,26.67829457364341,8.986046511627906,30.07596899224806,90.10604651162791,2.436279069767442
Sabah,2022-12-15,25.941364902506965,8.608635097493035,28.337047353760447,92.87228412256268,2.6321727019498606
Sabah,2022-12-16,25.853453038674033,8.55110497237569,28.603591160220994,94.0328729281768,2.8624309392265195
Sabah,2022-12-17,26.16406685236769,8.793871866295264,28.749303621169915,91.434958217270193,3.07883008356546
Sabah,2022-12-18,25.78342618384401,8.937325905292479,29.139275766016713,91.74094707520891,3.401949860724234
Sabah,2022-12-19,25.76330532212885,8.917366946778712,28.789915966386555,92.12380952380953,2.910504201680672
Sabah,2022-12-20,26.41513888888889,8.965277777777779,29.980555555555554,91.64833333333333,2.555277777777778
Sabah,2022-12-21,26.572620790629575,9,30.89311859443631,91.8229868228404,2.7067349926793556
Sabah,2022-12-22,25.34375,8.340277777777779,27.6,95.3723611111111,3.5018055555555554
Sabah,2022-12-23,25.293203883495146,8.674063800277393,28.120665742024965,94.80596393897365,3.7399445214979194
Sabah,2022-12-24,24.606151832460732,8.56806282722513,26.44371727748691,95.2369109947644,3.7853403141361257
Sabah,2022-12-25,25.497208374875374,8.746759720837488,27.523429710867397,90.8222333000997,3.0368893320039883
Sabah,2022-12-26,24.265182987141444,8.376854599406528,25.41839762611276,91.34500494559842,5.080316518298714
Sabah,2022-12-27,24.561238532110092,8.895642201834862,26.928899082568808,91.48738532110092,2.797935779816514
Sabah,2022-12-28,25.229243119266055,8.989678899082568,28.24197247706422,92.6684633027523,1.7747706422018348
Sabah,2022-12-29,25.768050749711648,8.971164936562861,28.57670126874279,91.19123414071511,2.5914648212226066
Sabah,2022-12-30,26.353571428571428,8.894009216589861,29.29032258064516,87.50702764976958,3.583294930875576
Sabah,2022-12-31,25.75683122847302,8.9804822043628,28.879448909299654,90.40126291618829,2.830539609644087
Sarawak,2022-01-01,27.151544401544403,8.56081081081081,29.4469111969112,84.64517374517375,3.1298262548262548
Sarawak,2022-01-02,26.090646094503374,8.46480231436837,27.73288331726133,86.95660559305689,2.6725168756027
Sarawak,2022-01-03,26.099716446124763,8.09735349716446,27.795841209829867,87.9429111531191,2.290642722117202
Sarawak,2022-01-04,26.556497175141242,8.096045197740112,28.493408662900187,87.860263653484,2.24030131826742
Sarawak,2022-01-05,26.137632338787295,8.257940327237728,27.610202117420595,88.29085659287777,3.12213666987488
Sarawak,2022-01-06,26.3523178807947,8.409649952696311,27.630085146641438,86.5457899716178,2.6226111636707663
Sarawak,2022-01-07,25.706723484848485,8.6875,27.291666666666668,90.5684659090909,2.4671401515151516
Sarawak,2022-01-08,26.56949952785647,8.76487252124646,29.02077431539188,86.23503305004722,2.6627006610009443
Sarawak,2022-01-09,27.000280373831774,8.711214953271028,28.94392523364486,86.76233644859813,2.6789719626168225
Sarawak,2022-01-10,27.516177861873228,8.410596026490067,30.39829706717124,85.90520340586566,3.263481551561022
Sarawak,2022-01-11,26.051180358829082,7.5590179414542025,27.86685552407932,91.161850802644,3.340037771482531
Sarawak,2022-01-12,25.001335877862594,7.373091603053435,26.138358778625953,93.0354961832061,3.0554389312977097
Sarawak,2022-01-13,25.025703564727955,7.25328330206379,25.882739212007504,93.56510318949343,3.3530018761726077
Sarawak,2022-01-14,25.457369323050557,8.250214224507284,26.83204798628963,91.27442159383034,2.402956298200514
Sarawak,2022-01-15,25.862973977695166,8.431226765799256,27.982156133828997,91.56684014869889,1.9678438661710038
Sarawak,2022-01-16,26.431293037490438,8.698546289211937,28.322876817138486,90.12149961744453,1.6443764345830145
Sarawak,2022-01-17,25.947970903522204,8.518376722817765,27.980857580398162,92.44670750382848,1.820865237366003
Sarawak,2022-01-18,26.255827067669173,7.7368421052631575,27.753383458646617,88.19597744360902,2.853684210526316
Sarawak,2022-01-19,26.42929745889387,8.655455904334827,27.8542600896861,87.31233183856503,2.3484304932735425
Sarawak,2022-01-20,24.71917910447761,6.969402985074627,24.73955223880597,95.09623134328358,1.6350373134328358
Sarawak,2022-01-21,26.36359879789632,8.545454545454545,28.00450788880541,87.69436513899323,1.6969947407963937
Sarawak,2022-01-22,26.96281763826607,9,29.271300448430495,86.02686846038864,1.8974588938714498
Sarawak,2022-01-23,27.403378378378378,8.871621621621621,30.114114114114113,85.29256756756757,2.5653903903903905
Sarawak,2022-01-24,25.96860371267151,8.73365617433414,27.619854721549636,92.01594027441485,1.8876109765940274
Sarawak,2022-01-25,25.279358490566036,7.830188679245283,26.213584905660376,93.53811320754717,2.109735849056604
Sarawak,2022-01-26,25.657541478129712,7.920060331825038,26.688536953242835,92.40524132730015,1.5890648567119154
Sarawak,2022-01-27,25.90965909090909,8.270454545454545,27.359848484848484,90.59829545454545,1.5877651515151514
Sarawak,2022-01-28,27.056585919757758,8.835730507191522,28.982588947766843,86.1265329295988,1.6759651778955338
Sarawak,2022-01-29,27.487715355805243,8.920599250936329,29.862172284644195,85.04041198501872,1.5023595505617977
Sarawak,2022-01-30,27.29023378582202,8.92684766214178,29.30920060331825,85.25520361990951,1.7035067873303167
Sarawak,2022-01-31,27.148616305160807,8.980553477935677,28.961106955871355,84.01305160807779,1.9017576664173523
Sarawak,2022-02-01,27.56361926260346,8.605718585402558,29.255831452219713,82.41463506395786,2.2948457486832203
Sarawak,2022-02-02,27.44562453253553,8.574420344053852,29.837696335078533,84.69577412116679,2.0942034405385193
Sarawak,2022-02-03,27.20137956748695,8.957494407158837,30.240119313944817,85.23299776286353,2.0465697240865026
Sarawak,2022-02-04,26.913932584269663,8.893632958801499,28.652434456928837,86.24951310861424,2.398164794007491
Sarawak,2022-02-05,27.264296351451975,8.912137006701414,29.5614296351452,85.33239017125838,2.0983618763961283
Sarawak,2022-02-06,26.956273338312172,8.422703510082151,28.77221807318895,86.92991038088125,2.504555638536221
Sarawak,2022-02-07,25.83773274917853,8.71631982475356,27.34173055859803,90.97661555312158,3.2078860898138006
Sarawak,2022-02-08,26.622574334898278,8.960093896713616,29.107981220657276,88.33626760563381,2.2384194053208137
Sarawak,2022-02-09,26.930179827990617,8.782642689601252,29.29397967161845,85.90551211884285,2.766028146989836
Sarawak,2022-02-10,26.445238095238096,8.101284958427815,28.588057445200302,88.94372637944066,2.5722978080120935
Sarawak,2022-02-11,25.862041884816755,8.293193717277488,27.25579655946148,89.99162303664922,2.4210172026925956
Sarawak,2022-02-12,26.213936889556724,8.654395191585275,27.470323065364386,88.99879789631856,2.2906461307287755
Sarawak,2022-02-13,27.37209388971684,8.74441132637854,29.727272727272727,85.19415052160954,1.9491058122205662
Sarawak,2022-02-14,26.59295403165034,8.213262999246421,28.620949510173322,88.66801055011304,2.4273549359457425
Sarawak,2022-02-15,25.76198655713219,8.780433159073937,27.113517550410755,88.00941000746826,2.547834204630321
Sarawak,2022-02-16,26.824192336589032,8.984222389181067,28.840721262208866,84.91025544703231,2.1355371900826445
Sarawak,2022-02-17,27.117596081386587,8.960813865862848,29.59758854559156,83.72776940467219,2.4744913338357195
Sarawak,2022-02-18,27.78444778362134,8.984973703981968,30.18632607062359,82.9794139744553,1.877610818933133
Sarawak,2022-02-19,27.201570680628272,8.928197456993269,29.640987284966343,86.14540014958862,2.094427823485415
Sarawak,2022-02-20,27.05330118694362,8.93545994065282,29.12833827893175,85.09510385756677,2.6985905044510385
Sarawak,2022-02-21,27.392362678705794,8.863807373965388,29.233258088788563,82.60632054176072,2.071331828442438
Sarawak,2022-02-22,26.753283018867926,8.842264150943397,28.553962264150943,85.73022641509434,2.2709056603773585
Sarawak,2022-02-23,25.956421677802524,8.56421677802524,27.379361544172234,89.47884187082406,2.2470304380103934
Sarawak,2022-02-24,26.181081081081082,7.828078078078078,27.14189189189189,86.94605855855856,3.005593093093093
Sarawak,2022-02-25,26.937670713201822,8.704097116843702,28.75796661608498,82.9380880121396,2.4130880121396054
Sarawak,2022-02-26,27.609849056603775,8.998490566037736,30.427924528301887,82.12286792452831,2.628641509433962
Sarawak,2022-02-27,28.1040059347181,9,30.704747774480712,82.71913946587537,2.6258902077151336
Sarawak,2022-02-28,28.114162929745888,8.989536621823618,30.636023916292974,83.23994768310912,2.5510463378176382
Sarawak,2022-03-01,27.338863976083708,8.665919282511211,29.89237668161435,86.88153961136024,2.1325859491778774
Sarawak,2022-03-02,27.222205438066464,8.83534743202417,29.194864048338367,86.46933534743202,2.0212235649546826
Sarawak,2022-03-03,27.852535421327367,9,30.38255033557047,83.60671140939597,2.1866517524235647
Sarawak,2022-03-04,26.616037735849055,8.803018867924528,29.227169811320756,89.62664150943397,2.3246415094339623
Sarawak,2022-03-05,26.455007473841555,8.59865470852018,28.30269058295964,87.32365470852018,2.320216741405082
Sarawak,2022-03-06,26.443288084464555,8.405731523378583,28.563348416289593,86.78453996983409,2.587217194570136
Sarawak,2022-03-07,26.397482837528603,8.625476735316552,28.323417238749048,87.06224256292906,2.149160945842868
Sarawak,2022-03-08,27.09003032600455,8.931766489764973,27.937831690674752,84.69120545868081,2.043404094010614
Sarawak,2022-03-09,26.963670411985017,8.982771535580524,28.997752808988764,85.66973782771535,2.2905992509363298
Sarawak,2022-03-10,27.70883685800604,8.922960725075528,30.102719033232628,81.75641993957704,2.2481495468277948
Sarawak,2022-03-11,27.561810730253352,8.799552906110284,30.094634873323397,83.54936661698957,2.78822652757079
Sarawak,2022-03-12,27.675169555388095,8.983421250941975,29.571966842501883,83.20018839487565,2.0952901281085157
Sarawak,2022-03-13,28.532652303120358,8.87369985141159,31.419019316493312,80.27210252600297,2.0342496285289746
Sarawak,2022-03-14,27.75634328358209,8.66044776119403,31.82537313432836,86.30652985074627,2.4042537313432835
Sarawak,2022-03-15,25.323674242424243,8.600757575757576,26.531060606060606,92.99041666666666,2.0382575757575756
Sarawak,2022-03-16,27.512301886792454,8.962264150943396,30.08754716981132,83.14267924528302,1.9788301886792452
Sarawak,2022-03-17,28.077492331288344,9,30.69478527607362,82.63934049079755,2.2398006134969326
Sarawak,2022-03-18,25.74404852160728,8.583775587566338,27.0841546626232,93.14617134192571,1.7172858225928733
Sarawak,2022-03-19,26.096759259259258,8.70138888888889,27.89891975308642,89.5315200617284,2.992206790123457
Sarawak,2022-03-20,26.714392244593586,8.543624161073826,28.783743475018642,86.83594332587622,3.036055182699478
Sarawak,2022-03-21,26.675710014947683,8.480568011958146,28.17488789237668,86.96909566517189,2.4215994020926757
Sarawak,2022-03-22,26.6748877245509,8.532934131736527,28.46631736526946,84.5061751497006,2.6340943113772455
Sarawak,2022-03-23,28.150037453183522,9,30.567041198501872,81.16067415730338,1.8062172284644196
Sarawak,2022-03-24,27.745041635124906,8.947009841029523,30.801665404996214,84.55329295987887,2.1639288417865252
Sarawak,2022-03-25,28.18683409436834,8.984018264840183,31.62861491628615,84.50270167427702,2.176331811263318
Sarawak,2022-03-26,27.746142322097377,8.811985018726592,30.220973782771537,82.5092509363296,2.5665917602996253
Sarawak,2022-03-27,26.779097744360904,8.445864661654136,27.282706766917293,86.37785714285714,2.2989849624060152
Sarawak,2022-03-28,28.086046511627906,8.974883720930233,29.898604651162792,80.85786046511627,1.9185116279069767
Sarawak,2022-03-29,28.24332333083271,8.980495123780946,30.568642160540136,81.56620405101275,2.2766316579144785
Sarawak,2022-03-30,28.50082956259427,8.962292609351433,31.618401206636502,81.81455505279035,2.277073906485671
Sarawak,2022-03-31,26.90709046454768,8.581907090464547,29.381418092909534,85.77652811735942,5.797066014669927
Sarawak,2022-04-01,27.01544776119403,8.978358208955225,28.657462686567165,85.43981343283582,2.0095149253731344
Sarawak,2022-04-02,27.332105654761904,8.578869047619047,28.58779761904762,84.08634672619047,2.302604166666667
Sarawak,2022-04-03,27.248010849909583,8.341772151898734,28.96745027124774,84.80886075949367,1.94249547920434
Sarawak,2022-04-04,27.174285714285713,8.858646616541353,28.729323308270676,85.5201879699248,2.3970676691729325
Sarawak,2022-04-05,27.110855018587362,8.774721189591078,28.37174721189591,85.00579925650558,2.136059479553903
Sarawak,2022-04-06,26.280923994038748,8.906855439642325,27.78688524590164,87.96121460506707,2.7104321907600597
Sarawak,2022-04-07,25.80530415430267,8.17507418397626,27.155786350148368,89.91658011869436,3.080118694362018
Sarawak,2022-04-08,26.12890800299177,8.648466716529544,27.290949887808527,87.4803664921466,3.2590127150336574
Sarawak,2022-04-09,25.662406296851575,8.526986506746626,26.61769115442279,90.5743628185907,2.665704647676162
Sarawak,2022-04-10,27.185022522522523,8.211711711711711,28.895645645645647,83.69091591591591,2.7593468468468467
Sarawak,2022-04-11,27.261106899166034,8.866565579984837,28.979529946929492,85.57509476876422,1.9822592873388931
Sarawak,2022-04-12,27.20217889908257,8.914373088685016,29.25611620795107,86.70940366972476,2.3990061162079512
Sarawak,2022-04-13,27.461509433962263,8.889056603773584,29.20754716981132,85.964264150943393,2.097735849056604
Sarawak,2022-04-14,28.14732558139535,8.921705426356588,31.12093023255814,82.51651162790698,2.3890697674418604
Sarawak,2022-04-15,27.711398305084746,8.86271186440678,30.228813559322035,84.31745762711864,2.419364406779661
Sarawak,2022-04-16,27.514624060150375,8.98345864661654,30.065413533834587,85.33699248120301,2.295714285714286
Sarawak,2022-04-17,28.072098214285713,8.944196428571429,31.165178571428573,84.41581101190476,2.2014136904761905
Sarawak,2022-04-18,27.77427724240178,8.75240919199407,31.16382505559674,87.49588584136397,2.19058561897702
Sarawak,2022-04-19,26.415037313432837,8.515671641791045,27.448507462686567,91.36708955223881,1.9696268656716418
Sarawak,2022-04-20,28.32253202712886,8.247927656367747,30.837226827430293,81.22509419743783,2.341145440844009
Sarawak,2022-04-21,27.604232209737827,8.914606741573033,29.555805243445693,84.14614232209738,2.6840823970037455
Sarawak,2022-04-22,28.015910780669145,9,31.0728624535316,83.20085501858736,2.4761338289962826
Sarawak,2022-04-23,28.432462686567163,8.961194029850747,31.46865671641791,83.30402985074628,2.162276119402985
Sarawak,2022-04-24,27.33566066066066,8.85960960960961,30.126126126126128,88.57698948948949,2.347672672672673
Sarawak,2022-04-25,25.852718676122933,8.560283687943262,27.078014184397162,92.49282899921198,2.275137903861308
Sarawak,2022-04-26,27.162956033676334,8.77642656688494,29.216089803554723,86.06108512628624,2.517867165575304
Sarawak,2022-04-27,26.942871385842473,8.875373878364906,29.573280159521435,87.8259222333001,2.5218344965104684
Sarawak,2022-04-28,28.14069306930693,8.943564356435644,30.924752475247526,82.2089108910891,2.6527722772277227
Sarawak,2022-04-29,28.359943714821764,8.890243902439025,31.212945590994373,82.63499061913696,3.128893058161351
Sarawak,2022-04-30,26.928451492537313,8.716417910447761,28.67723880597015,89.80513059701492,2.1696828358208955
Sarawak,2022-05-01,28.21578458681523,9,31.18384401114206,82.28653667595172,2.883101207056639
Sarawak,2022-05-02,27.384487072560468,8.9557964970809,30.704753961634694,87.23356964136781,2.48628023352794
Sarawak,2022-05-03,28.197835820895524,8.995522388059701,32.10597014925373,85.38287313432836,2.2763059701492536
Sarawak,2022-05-04,27.45121861152142,8.64327917282127,30.45864106351551,89.42965288035451,1.731314623338257
Sarawak,2022-05-05,27.931217712177123,8.99409594095941,31.62952029520295,86.52715867158672,2.169409594095941
Sarawak,2022-05-06,28.378476331360947,8.920118343195266,31.810650887573964,85.04596893491124,2.0512943786982247
Sarawak,2022-05-07,27.586067997043607,8.634146341463415,29.997043606799703,87.9569844789357,2.373540280857354
Sarawak,2022-05-08,27.585037037037036,8.892592592592592,30.80666666666667,87.86548148148148,2.666185185185185
Sarawak,2022-05-09,26.463155949741317,8.83370288248337,28.002217294900223,91.0060236511456,2.078159645232816
Sarawak,2022-05-10,28.555163447251115,8.99405646359584,32.445765230312034,82.72663447251115,1.9578751857355126
Sarawak,2022-05-11,28.794104642593958,8.79439941046426,32.66912306558585,83.32273397199705,2.2352616064848934
Sarawak,2022-05-12,26.860007468259894,8.738610903659447,28.908140403286033,89.5783420463032,2.6078416728902165
Sarawak,2022-05-13,27.462361623616236,8.47970479704797,29.944649446494466,87.48044280442805,2.620221402214022
Sarawak,2022-05-14,28.544440298507464,8.991044776119402,32.286567164179104,82.24216417910448,2.503171641791045
Sarawak,2022-05-15,28.27379896526238,8.98891352549889,32.54249815225425,86.23348115299335,1.9097191426459719
Sarawak,2022-05-16,27.168164933135216,8.5111441307578,30.11887072808321,89.49023031203566,1.937667161961367
Sarawak,2022-05-17,26.757853982300887,8.742625368731563,28.430678466076696,88.82802359882005,2.4057522123893804
Sarawak,2022-05-18,28.370577211394302,9,31.612443778110944,81.68890554722638,2.1594827586206895
Sarawak,2022-05-19,28.31183719193428,8.925317401045556,31.960418222554146,83.87061239731143,2.271994025392084
Sarawak,2022-05-20,26.906358164033108,8.939804364183596,29.54477050413845,88.48555304740407,2.121030850263356
Sarawak,2022-05-21,27.519678864824495,8.788648244958924,30.521284540702016,85.68864824495893,1.9727035100821508
Sarawak,2022-05-22,28.396396731054978,8.752600297176821,31.73922734026746,83.06749628528975,2.5601040118870726
Sarawak,2022-05-23,29.01125753012048,8.874246987951807,32.70632530120482,80.95139307228915,2.3858810240963857
Sarawak,2022-05-24,29.221253709198812,9,33.49554896142433,80.61761869436202,2.2065652818991097
Sarawak,2022-05-25,29.112945103857566,8.932492581602373,33.77893175074184,81.66787833827892,2.254525222551929
Sarawak,2022-05-26,25.93909358879882,8.658806190125276,27.266028002947678,89.9972733971997,2.945615327929256
Sarawak,2022-05-27,26.78685376661743,8.878138847858198,28.658788774002954,84.73319793205317,2.3186115214180205
Sarawak,2022-05-28,28.37910780669145,9,31.846096654275094,80.16379182156133,2.2265055762081785
Sarawak,2022-05-29,29.177756939234808,8.970742685671418,33.78844711177794,81.00517629407352,1.9819954988747186
Sarawak,2022-05-30,28.78273942093541,8.994803266518188,33.73793615441723,81.97613214550854,2.144914625092799
Sarawak,2022-05-31,29.151206636500753,8.947209653092006,33.413273001508294,80.90214932126698,1.8495475113122173
Sarawak,2022-06-01,28.338781575037146,8.961367013372957,32.141158989598814,82.36976225854383,2.4414561664190195
Sarawak,2022-06-02,26.129681978798587,8.874558303886927,28.71731448763251,90.6446996466431,4.086042402826855
Sarawak,2022-06-03,25.951234106207927,8.80478683620045,28.418848167539267,89.34513836948392,2.0899775617053105
Sarawak,2022-06-04,27.380979073243648,8.932735426008968,29.95440956651719,83.76741405082213,1.7864723467862482
Sarawak,2022-06-05,28.050959409594096,8.878966789667897,30.563837638376384,83.04712177121772,1.7528413284132842
Sarawak,2022-06-06,26.0504110612855,8.804932735426009,27.356502242152466,89.91864723467863,2.135650224215247
Sarawak,2022-06-07,27.490201944652206,8.956619296933432,29.89154824233358,82.11974569932686,1.8287584143605087
Sarawak,2022-06-08,27.529274611398964,8.814211695040711,30.21539600296077,85.36665433012583,2.175277572168764
Sarawak,2022-06-09,26.13225437928408,8.859101294744859,27.48819497334349,90.37726580350343,2.192155369383092
Sarawak,2022-06-10,27.375092798812176,8.826280623608017,29.885671863400148,84.36113585746102,2.0161841128433555
Sarawak,2022-06-11,26.30739776951673,8.599256505576209,28.133085501858737,89.84657992565056,1.9426022304832713
Sarawak,2022-06-12,26.61418570375829,8.64406779661017,28.79292557111275,89.0656595431098,2.2463154016212235
Sarawak,2022-06-13,25.810989425981873,8.884441087613293,27.402567975830816,91.63134441087614,1.959025679758308
Sarawak,2022-06-14,27.516740905716407,8.975501113585747,30.855976243504085,84.37201187824796,1.6765775798069784
Sarawak,2022-06-15,27.150811209439528,8.733775811209439,29.75,87.26213126843658,1.904867256637168
Sarawak,2022-06-16,26.104483037156704,8.764135702746366,28.234248788368337,92.47132471728594,2.104967689822294
Sarawak,2022-06-17,26.099752964426877,8.480237154150197,28.08498023715415,92.13418972332016,2.5292490118577073
Sarawak,2022-06-18,26.006818181818183,8.831439393939394,27.59659090909091,89.45511363636363,2.0369318181818183
Sarawak,2022-06-19,27.281091251175916,8.810912511759172,29.450611476952023,85.137347130762,1.590310442144873
Sarawak,2022-06-20,26.40907780979827,8.82804995196926,27.59942363112392,89.0086455331412,1.8002881844380403
Sarawak,2022-06-21,27.840550807217475,8.945868945868947,30.555555555555557,82.8238841405508,2.5855175688509022
Sarawak,2022-06-22,27.69858490566038,8.986792452830189,30.217924528301886,83.79844339622642,2.5175471698113205
Sarawak,2022-06-23,27.406267806267806,8.781576448243115,29.10161443494777,84.94643874643874,2.411490978157645
Sarawak,2022-06-24,27.219656862745097,8.92156862745098,29.061764705882354,85.60274509803922,2.3637254901960785
Sarawak,2022-06-25,27.3445281124498,8.203815261044177,29.366465863453815,85.85281124497992,2.5799698795180723
Sarawak,2022-06-26,27.07794117647059,7.981481481481482,29.381263616557735,87.80844226579521,2.1651960784313724
Sarawak,2022-06-27,26.855188679245284,8.97877358490566,29.31132075471698,88.10448113207548,2.549292452830189
Sarawak,2022-06-28,26.850404858299594,8.917004048582996,29.091093117408906,86.63562753036437,5.508704453441296
Sarawak,2022-06-29,27.141897233201583,8.924901185770752,29.24505928853755,85.82608695652173,5.867786561264822
Sarawak,2022-06-30,27.151589242053788,8.816625916870416,30.156479217603913,83.56479217603912,7.687041564792176
Sarawak,2022-07-01,27.325873221216042,8.897800776196636,30.733505821474772,83.99366106080207,3.9376455368693404
Sarawak,2022-07-02,29.102551020408164,8.996173469387756,33.33163265306123,82.91147959183674,2.6526785714285714
Sarawak,2022-07-03,28.921236559139786,9,32.42607526881721,80.74502688172043,3.0786290322580645
Sarawak,2022-07-04,27.692904953145916,8.8714859437751,30.56760374832664,86.25100401606426,2.78995983935743
Sarawak,2022-07-05,28.059322033898304,8.689265536723164,30.741525423728813,82.8385593220339,3.7312146892655367
Sarawak,2022-07-06,26.982260183968464,8.993429697766096,28.915900131406044,84.51261498028909,3.9203679369250986
Sarawak,2022-07-07,28.864146023468056,8.994784876140809,32.259452411994786,78.65541069100391,3.594132985658409
Sarawak,2022-07-08,28.285982658959536,9,32.47687861271676,82.43121387283237,3.5008670520231213
Sarawak,2022-07-09,28.053591470258137,8.974186307519641,30.35914702581369,79.68024691358025,3.5922558922558925
Sarawak,2022-07-10,27.99645852749301,8.666356011183597,30.284249767008387,80.93313140726934,2.4958061509785647
Sarawak,2022-07-11,27.191556603773584,8.966981132075471,29.552830188679245,86.97679245283018,2.735
Sarawak,2022-07-12,26.90774647887324,8.8037558685446,28.60657276995305,88.48084507042253,2.226807511737089
Sarawak,2022-07-13,26.170841300191203,8.940726577437859,27.02581261950287,88.57901529636712,2.7412045889101337
Sarawak,2022-07-14,26.641046386192016,8.6957928802589,28.116504854368934,85.90577130528587,2.7045307443365694
Sarawak,2022-07-15,28.396747114375657,8.3704092339979,30.801678908709338,79.72728226652676,1.9863064008394544
Sarawak,2022-07-16,27.612954333643987,8.082013047530289,30.012115563839703,82.17702702702702,2.309040074557316
Sarawak,2022-07-17,27.35430861723447,9,29.01302605210421,82.42645290581163,2.8305110220440883
Sarawak,2022-07-18,28.096077504725898,8.999054820415878,30.88563327032136,81.55392249527411,1.790264650283554
Sarawak,2022-07-19,29.05920187793427,9,33.14272300469484,80.03906103286386,1.6668075117370893
Sarawak,2022-07-20,28.857706766917293,8.846804511278195,32.26315789473684,83.00728383458646,2.053759398496241
Sarawak,2022-07-21,28.395880149812733,8.964419475655431,32.74625468164794,84.21015917602996,2.525749063670412
Sarawak,2022-07-22,26.64699812382739,8.26923076923077,29.106941838649156,89.31036585365854,2.307551594746717
Sarawak,2022-07-23,27.544156456173422,8.75306314797361,29.869934024505184,85.14580584354383,2.3273327049952877
Sarawak,2022-07-24,26.425354107648726,8.836638338054769,28.725212464589234,90.50533522190746,2.309773371104816
Sarawak,2022-07-25,26.35868544600939,8.388732394366198,28.307981220657275,90.42234741784037,2.059342723004695
Sarawak,2022-07-26,26.36257338551859,8.21037181996086,28.317025440313113,89.77989236790607,2.617416829745597
Sarawak,2022-07-27,26.35075187969925,8.672932330827068,27.81203007518797,88.3109492481203,1.9888627819548872
Sarawak,2022-07-28,27.981226235741445,8.846958174904943,30.79847908745247,82.12252851711027,1.9307509505703422
Sarawak,2022-07-29,27.99329268292683,8.50187617260788,31.51969981238274,83.0032363977486,1.8449343339587243
Sarawak,2022-07-30,26.340196998123826,8.636022514071295,28.336772983114447,89.15651969981238,2.595684803001876
Sarawak,2022-07-31,26.37783505154639,8.997188378631678,28.159325210871604,89.2962511715089,2.4318181818181817
Sarawak,2022-08-01,27.348322460391426,8.791239515377447,29.324324324324323,85.90554520037279,2.4381640260950608
Sarawak,2022-08-02,26.64438202247191,8.549625468164795,28.826779026217228,89.3249063670412,2.697940074906367
Sarawak,2022-08-03,26.976638576779028,8.433520599250937,29.326779026217228,88.23398876404494,2.665121722846442
Sarawak,2022-08-04,26.136054104477612,8.246268656716419,27.88339552238806,91.62000932835821,2.930597014925373
Sarawak,2022-08-05,25.102869238005646,8.532455315145814,26.350893697083727,92.15733772342428,3.4436500470366886
Sarawak,2022-08-06,26.13120930232558,8.805581395348836,27.58325581395349,87.97911627906977,2.386372093023256
Sarawak,2022-08-07,26.965672348484848,8.87310606060606,29.106060606060606,86.51212121212122,2.588257575757576
Sarawak,2022-08-08,27.42538387715931,8.783109404990403,30.07101727447217,83.64213051823417,2.7972648752399234
Sarawak,2022-08-09,28.085632730732634,8.81255946717412,30.66032350142721,81.87316841103711,2.142007611798287
Sarawak,2022-08-10,27.82605633802817,8.615962441314554,30.08356807511737,83.97042253521127,2.3174178403755867
Sarawak,2022-08-11,28.777661596958175,8.744296577946768,32.13593155893536,80.12818441064638,2.3706749049429656
Sarawak,2022-08-12,28.372768304914743,8.756268806419257,32.674022066198596,84.64032096288867,2.5560180541624873
Sarawak,2022-08-13,27.0953125,8.515625,29.4384765625,88.106640625,3.0748046875
Sarawak,2022-08-14,26.510307835820896,8.386194029850746,28.30410447761194,86.3219682835821,2.453731343283582
Sarawak,2022-08-15,27.468177525967896,8.901794145420208,29.988668555240793,83.89631728045326,2.3176581680830974
Sarawak,2022-08-16,26.834565014031806,8.860617399438727,29.58933582787652,85.0763797942002,2.3975210477081386
Sarawak,2022-08-17,26.893943661971832,8.977464788732394,29.254460093896714,86.57830985915493,2.222535211267606
Sarawak,2022-08-18,28.023649289099527,8.965876777251184,30.575355450236966,80.22232227488152,2.2508056872037914
Sarawak,2022-08-19,28.44755868544601,8.939906103286384,31.623474178403757,81.15197183098591,2.5603286384976527
Sarawak,2022-08-20,27.071975425330812,8.844990548204159,29.362948960302457,87.38879962192817,2.409735349716446
Sarawak,2022-08-21,26.10185537583254,8.333967649857279,27.39105613701237,89.13235014272122,2.466650808753568
Sarawak,2022-08-22,26.35211267605634,8.893896713615023,28.32957746478873,87.45957746478874,2.675680751173709
Sarawak,2022-08-23,26.8657196969697,8.457386363636363,28.357954545454547,85.97750946969697,2.473532196969697
Sarawak,2022-08-24,26.670602294455065,8.640535372848948,28.584130019120458,87.08250478011472,2.6930688336520077
Sarawak,2022-08-25,26.021367924528302,8.590566037735849,27.267924528301887,89.65849056603774,2.628018867924528
Sarawak,2022-08-26,27.007492931196985,8.983034872761547,29.42224316682375,86.28444863336475,2.3279924599434496
Sarawak,2022-08-27,26.989446529080677,8.669793621013133,29.27767354596623,88.50548780487804,2.543480300187617
Sarawak,2022-08-28,25.835037523452158,8.336772983114447,27.28142589118199,91.67621951219512,2.9496247654784242
Sarawak,2022-08-29,27.208804143126176,8.376647834274953,29.88135593220339,85.00870998116761,2.428672316384181
Sarawak,2022-08-30,25.983992467043315,8.750470809792844,26.593220338983052,91.368032015065907,2.624011299435028
Sarawak,2022-08-31,26.288640684410645,8.69296577946768,27.651140684410645,87.41292775665399,2.223336501901141
Sarawak,2022-09-01,27.538443396226416,8.966981132075471,30.24056603773585,84.66042452830189,1.8525
Sarawak,2022-09-02,26.846714975845412,8.918840579710144,28.53719806763285,87.79502415458937,2.134830917874396
Sarawak,2022-09-03,26.95511848341232,8.851184834123222,28.044549763033174,87.13876777251186,2.403317535545024
Sarawak,2022-09-04,26.802610837438422,8.905418719211823,27.90344827586207,85.32960591133005,2.726551724137931
Sarawak,2022-09-05,27.15073891625616,8.988916256157635,29.002463054187192,83.90135467980295,3.183743842364532
Sarawak,2022-09-06,27.392557442557443,8.886113886113886,29.634365634365633,85.31313686313686,2.318031968031968
Sarawak,2022-09-07,27.559615384615384,8.717636022514071,29.151969981238274,82.26904315196998,2.4605065666041277
Sarawak,2022-09-08,26.145112781954886,8.552631578947368,27.75375939849624,89.51813909774437,2.3371710526315788
Sarawak,2022-09-09,25.299527856468366,8.064211520302171,25.73748819641171,92.5029745042493,2.763031161473088
Sarawak,2022-09-10,26.798269410664172,8.847521047708138,28.25912067352666,85.12455565949486,2.319083255378859
Sarawak,2022-09-11,27.22552281368821,8.933460076045627,29.02851711026616,84.35038022813688,2.023906844106464
Sarawak,2022-09-12,27.18457899716178,8.789025543992432,29.122043519394513,83.31310312204351,2.890208136234626
Sarawak,2022-09-13,25.778491620111733,7.894785847299814,26.605214152700185,91.156052141527,2.4522811918063314
Sarawak,2022-09-14,25.846431403647898,8.819191118160191,27.06661379857256,87.86471054718477,2.6196272799365583
Sarawak,2022-09-15,27.07462962962963,8.432592592592593,28.66962962962963,84.99033333333334,2.2811481481481484
Sarawak,2022-09-16,26.376768428890543,8.838421444527178,28.029784065524943,89.01176470588236,2.198957557706627
Sarawak,2022-09-17,26.477019607843136,8.772549019607844,28.84313725490196,87.82964705882353,2.268313725490196
Sarawak,2022-09-18,27.48343949044586,8.764331210191083,30.088375796178344,84.29430732484076,2.921058917197452
Sarawak,2022-09-19,25.575395033860044,8.522197140707299,26.752445447705043,91.5153122648608,2.081226486079759
Sarawak,2022-09-20,26.08906015037594,8.652631578947368,27.220300751879698,89.89015037593985,2.8719924812030073
Sarawak,2022-09-21,27.062569169960476,8.621343873517787,28.61501976284585,83.25837944664032,2.6390513833992095
Sarawak,2022-09-22,26.271937984496123,8.948837209302326,27.671317829457365,85.75720930232558,3.7048062015503875
Sarawak,2022-09-23,26.67925211097708,8.930036188178528,28.835946924004826,86.96079613992762,2.2086851628468036
Sarawak,2022-09-24,27.03926206244087,8.700094607379375,29.36329233680227,85.48543046357617,2.9962157048249765
Sarawak,2022-09-25,27.273747680890537,8.779220779220779,29.73469387755102,84.04452690166976,3.045083487940631
Sarawak,2022-09-26,26.06539888682746,8.366419294990724,27.460111317254174,90.62801484230056,3.061317254174397
Sarawak,2022-09-27,26.816029822926374,8.873252562907735,28.711090400745572,86.6932898415657,2.3795899347623486
Sarawak,2022-09-28,27.400277264325325,8.908502772643253,29.93438077634011,87.55184842883548,2.8835489833641406
Sarawak,2022-09-29,26.526506024096385,8.634847080630212,28.733086190917515,90.45625579240037,2.5034291010194623
Sarawak,2022-09-30,28.15055865921788,9,31.228119180633147,85.13268156424581,3.0918994413407823
Sarawak,2022-10-01,28.520612813370473,8.996285979572887,32.37883008356546,84.52451253481894,3.2366759517177344
Sarawak,2022-10-02,25.6569573283859,7.9313543599257885,27.026901669758814,95.22012987012987,2.8766233766233764
Sarawak,2022-10-03,26.381086142322097,8.622659176029963,28.24812734082397,90.38810861423221,2.872752808988764
Sarawak,2022-10-04,26.70186046511628,8.45953488372093,28.9246511627907,89.38902325581395,2.7750697674418605
Sarawak,2022-10-05,25.985,8.8875,27.9725,90.2975,4.2425
Sarawak,2022-10-06,26.398239110287303,8.903614457831326,28.47451343836886,92.10037071362373,2.3193697868396663
Sarawak,2022-10-07,26.208216619981325,8.447245564892624,27.878618113912232,91.55434173669468,2.653221288515406
Sarawak,2022-10-08,26.05473289597001,8.817244611059044,27.134957825679475,92.3045923149016,4.051921274601687
Sarawak,2022-10-09,25.64088184931507,8.777397260273972,26.732020547945204,92.11237157534246,2.539554794520548
Sarawak,2022-10-10,26.892942494398806,8.965646004480956,28.199402539208364,85.5285287528006,2.155227781926811
Sarawak,2022-10-11,26.504988913525498,8.49519586104952,27.896526237989654,88.42021433850702,2.2443089430894307
Sarawak,2022-10-12,26.096420664206644,8.721771217712178,27.08708487084871,88.88011070110701,3.0196309963099632
Sarawak,2022-10-13,26.44830007390983,8.913525498891353,28.811529933481154,88.30617147080562,3.7795639320029566
Sarawak,2022-10-14,27.34195103857567,8.678783382789318,29.30786350148368,86.02948813056379,2.423887240356083
Sarawak,2022-10-15,27.09601113172542,8.47773654916512,29.2987012987013,87.60487012987014,1.889795918367347
Sarawak,2022-10-16,26.647157816005983,8.357516828721018,28.487658937920717,88.61529543754675,2.3591249065071054
Sarawak,2022-10-17,26.84344696969697,8.396212121212121,28.408333333333335,88.28159090909091,2.455
Sarawak,2022-10-18,26.38685185185185,8.26,28.24222222222222,89.88144444444444,2.587851851851852
Sarawak,2022-10-19,27.029420617005268,8.93002257336343,29.058690744920995,88.39123401053423,1.8456358164033109
Sarawak,2022-10-20,27.355165912518853,8.809954751131222,28.716440422322776,86.69061085972851,1.9259426847662142
Sarawak,2022-10-21,27.048653702318624,8.914734480179506,29.19296933433059,89.1831712789828,1.8452505609573673
Sarawak,2022-10-22,26.729954785229843,8.563677467972871,28.214016578749057,90.09035418236624,2.212170308967596
Sarawak,2022-10-23,27.133883058470765,8.816341829085458,29.505247376311843,87.44572713643178,2.428823088455772
Sarawak,2022-10-24,26.52075958702065,8.547935103244837,28.23230088495575,90.51375368731563,2.3995575221238936
Sarawak,2022-10-25,27.186098820058998,8.992625368731563,28.9358407079646,87.69752949852507,2.0436578171091444
Sarawak,2022-10-26,27.333506686478454,8.738484398216938,28.86181277860327,86.19706537890045,2.5309806835066864
Sarawak,2022-10-27,26.305918057663124,8.424886191198786,28.260242792109256,91.28952959028831,2.6543247344461305
Sarawak,2022-10-28,26.686241610738254,8.626398210290828,28.329604772557794,89.6857941834452,2.4615958240119316
Sarawak,2022-10-29,27.364312267657994,8.80817843866171,29.725650557620817,86.83494423791822,2.7201486988847585
Sarawak,2022-10-30,27.637610619469026,8.837758112094395,30.4358407079646,85.64933628318585,2.537057522123894
Sarawak,2022-10-31,27.09357459379616,8.788035450516986,30.053914327917283,88.43452732644018,3.861152141802068
Sarawak,2022-11-01,26.04562125748503,8.333832335329342,27.566616766467067,91.76957335329341,2.576646706586826
Sarawak,2022-11-02,26.231273131014063,8.393782383419689,28.048852701702444,90.94256106587713,2.0264248704663212
Sarawak,2022-11-03,27.06,8.803703703703704,29.274074074074075,87.46255555555555,2.234185185185185
Sarawak,2022-11-04,26.598039940828404,8.556952662721894,28.109467455621303,88.33609467455621,1.944526627218935
Sarawak,2022-11-05,27.00118343195266,8.335798816568047,29.03846153846154,88.04448964497041,2.8440828402366862
Sarawak,2022-11-06,25.42127176381529,7.501892505677517,27.238455715367145,92.91877365632097,2.9698713096139286
Sarawak,2022-11-07,26.36564393939394,8.888636363636364,28.652272727272727,90.0030303030303,2.396439393939394
Sarawak,2022-11-08,26.70461254612546,8.392619926199261,28.826568265682656,89.82833948339483,2.4662361623616236
Sarawak,2022-11-09,27.13848167539267,8.11817501869858,29.614061331338817,87.99050112191473,2.6272251308900523
Sarawak,2022-11-10,26.02091648189209,8.19068736141907,28.4249815225425,91.53636363636363,1.8483739837398374
Sarawak,2022-11-11,26.304471858134157,8.809560524286816,28.405551272166537,91.26387818041634,1.6596761757902854
Sarawak,2022-11-12,26.69115523465704,8.564380264741276,28.793020457280385,89.93886883273164,1.4377858002406738
Sarawak,2022-11-13,27.653458213256485,8.732949087415946,29.949087415946206,86.824303554274735,2.324687800192123
Sarawak,2022-11-14,26.28311444652908,8.396810506566604,27.443714821763603,91.03860225140713,2.2716228893058164
Sarawak,2022-11-15,26.928154425612053,8.650659133709981,28.484934086629004,87.22123352165725,2.4086158192090394
Sarawak,2022-11-16,27.279455909943714,8.957786116322701,29.51969981238274,84.62279549718573,2.2909005628517822
Sarawak,2022-11-17,26.84171374764595,8.787193973634652,29.518832391713747,90.04270244821092,2.08954802259887
Sarawak,2022-11-18,25.849282296650717,8.554066985645933,27.333014354066986,92.00368421052632,3.1764114832535886
Sarawak,2022-11-19,25.811475409836067,8.987463837994214,27.546769527483125,90.37362584378013,3.0151880424300868
Sarawak,2022-11-20,27.364111006585137,8.918156161806209,29.9068673565381,86.58405456255879,3.064205079962371
Sarawak,2022-11-21,28.26187084520418,8.861348528015196,30.564102564102566,82.79520417853752,2.935375118708452
Sarawak,2022-11-22,27.852908067542213,8.98874296435272,30.784240150093808,84.17274859287055,2.3436210131332085
Sarawak,2022-11-23,26.865080875356803,8.660323501427213,29.424357754519505,88.5569457659372,2.507278782112274
Sarawak,2022-11-24,27.014135625596943,8.723018147086915,29.183381088825215,86.24942693409741,1.824021012416428
Sarawak,2022-11-25,26.25921177587844,8.646723646723647,28.08641975308642,89.31495726495727,2.574406457739791
Sarawak,2022-11-26,26.941634615384615,8.731730769230769,29.216346153846153,85.38625,2.671105769230769
Sarawak,2022-11-27,25.806338028169016,8.607511737089203,27.44600938967136,91.27586854460094,1.9045539906103286
Sarawak,2022-11-28,27.30910390848427,8.778836987607246,28.708293612964727,86.23722592945663,1.7049094375595806
Sarawak,2022-11-29,27.029470198675497,8.574266792809839,28.285714285714285,88.75435193945128,1.6746452223273416
Sarawak,2022-11-30,26.649482109227872,8.985875706214689,28.37382297551789,89.43700564971752,2.471798493408663
Sarawak,2022-12-01,27.00236518448439,8.612109744560076,28.431409649952695,85.56263008514664,2.4895458845789973
Sarawak,2022-12-02,26.806373008434864,8.85285848172446,28.121836925960636,87.85089034676663,2.210356138706654
Sarawak,2022-12-03,26.894153414405988,8.622076707202993,28.35266604303087,87.71623012160899,2.4840037418147802
Sarawak,2022-12-04,27.6307619943556,8.53904045155221,29.754468485418627,85.53551269990592,1.983725305738476
Sarawak,2022-12-05,27.501556603773587,8.89245283018868,29.99245283018868,86.97014150943396,1.942688679245283
Sarawak,2022-12-06,26.9484126984127,8.741363211951446,28.830065359477125,89.4655929038282,2.14593837535014
Sarawak,2022-12-07,27.091320754716982,8.531132075471698,29.05566037735849,88.04792452830189,2.680990566037736
Sarawak,2022-12-08,26.271663533834587,8.74154135338346,28.125,90.95263157894736,2.2841165413533835
Sarawak,2022-12-09,26.28091346153846,8.753846153846155,28.190384615384616,89.99365384615385,1.9219230769230768
Sarawak,2022-12-10,25.86381059751973,8.811724915445321,27.526493799323564,90.98432919954904,2.275704622322435
Sarawak,2022-12-11,26.828481806775407,8.396486825595986,29.100376411543287,87.28117942283563,2.3846925972396487
Sarawak,2022-12-12,25.084010989010988,8.258241758241759,25.796703296703296,93.33527472527473,2.853956043956044
Sarawak,2022-12-13,25.442206572769955,8.316431924882629,26.8,92.17164319248826,2.1425821596244132
Sarawak,2022-12-14,26.69454887218045,8.800751879699249,28.229323308270676,87.78341165413534,2.037265037593985
Sarawak,2022-12-15,26.248716730038023,8.368821292775666,27.8212927756654,88.87024714828897,2.9625
Sarawak,2022-12-16,25.720366886171213,8.545625587958607,27.02728127939793,90.97662276575728,2.432925682031985
Sarawak,2022-12-17,27.27687559354226,8.976258309591643,29.679012345679013,87.11904083570751,1.7936372269705603
Sarawak,2022-12-18,26.837960339943344,8.840415486307837,29.735599622285175,90.20113314447592,2.2686024551463646
Sarawak,2022-12-19,26.94495283018868,8.834905660377359,29.220754716981133,88.57679245283019,2.1145754716981133
Sarawak,2022-12-20,27.25241020793951,8.301512287334594,29.199432892249526,86.98010396975425,2.353875236294896
Sarawak,2022-12-21,26.44764196342637,8.740134744947065,28.564966313763232,90.39234841193455,2.4498075072184795
Sarawak,2022-12-22,26.346660395108184,7.87958607714017,27.913452492944497,92.11359360301034,2.7261994355597365
Sarawak,2022-12-23,23.66983082706767,7.345864661654136,24.209586466165412,97.10418233082707,2.51875
Sarawak,2022-12-24,25.19715370018975,9,26.50853889943074,91.04672675521822,1.7361480075901328
Sarawak,2022-12-25,26.0046904315197,8.878986866791745,27.559099437148216,89.34338649155723,2.583583489681051
Sarawak,2022-12-26,26.12618595825427,8.94876660341556,27.310246679316887,90.52988614800759,2.093643263757116
Sarawak,2022-12-27,26.82823418319169,8.898961284230406,28.479697828139756,86.7063267233239,1.8686024551463645
Sarawak,2022-12-28,26.533872340425532,8.948936170212766,28.378723404255318,88.5295744680851,1.7531063829787235
Sarawak,2022-12-29,26.471331828442437,9,27.859292701279156,84.40045146726862,2.4485703536493606
Sarawak,2022-12-30,26.750204248366014,8.97875816993464,28.404411764705884,83.30367647058823,3.567892156862745
Sarawak,2022-12-31,26.205728011825574,8.886917960088692,27.22468588322247,85.72383592017738,4.015262379896527
Selangor,2022-01-01,25.165226198514517,8.874191944306315,29.196419691695674,93.63055367994598,1.0099966227625803
Selangor,2022-01-02,24.79891447368421,8.665131578947369,26.86973684210526,95.04983552631579,0.7704276315789473
Selangor,2022-01-03,25.2303367003367,8.636700336700336,26.727272727272727,93.22340067340068,0.965925925925926
Selangor,2022-01-04,26.717397034596377,8.282042833607909,28.55650741350906,88.34820428336079,1.144316309719934
Selangor,2022-01-05,26.904534998356883,8.751560959579363,29.957936247124547,86.59628655931647,1.4036148537627342
Selangor,2022-01-06,27.66321003963012,9,30.803170409511228,82.05934610303831,1.3235468956406868
Selangor,2022-01-07,27.57037891268534,8.835255354200989,30.840527182866555,84.21370675453048,1.361186161449753
Selangor,2022-01-08,27.551722961446604,8.418628454452405,30.57795974070283,84.26151484135107,1.6231320368474924
Selangor,2022-01-09,27.935862823786938,8.669098869025904,31.363371032469903,83.3270339292229,1.5554542137905873
Selangor,2022-01-10,27.838529312097595,8.766180955608268,32.1240257539817,82.11274144357844,1.877702473737716
Selangor,2022-01-11,27.322817601135558,8.5,29.579488999290277,81.08090844570617,1.4304116394606103
Selangor,2022-01-12,27.932738321306495,8.561716672996582,30.024306874287884,76.45028484618307,2.109077098366882
Selangor,2022-01-13,27.918986866791744,8.956848030018762,29.81500938086304,72.94360225140713,1.9590243902439024
Selangor,2022-01-14,27.72310207046858,8.703959317108609,29.946966945150745,72.65361423901199,1.8130039956411188
Selangor,2022-01-15,27.574008069939474,9,30.413584398117013,74.70917955615333,1.8288836583725623
Selangor,2022-01-16,27.938883214164115,8.91658154579503,30.983997276132108,77.79758256724548,1.6692543411644536
Selangor,2022-01-17,28.042079410560785,9,31.208759721653703,80.80159639787146,1.3480556692591077
Selangor,2022-01-18,27.066789531883522,8.845927018061188,29.65462587541467,81.81312200516034,1.3688905270917804
Selangor,2022-01-19,26.88514651397777,8.942741663859886,29.21589760862243,82.31647019198384,1.5415964971370832
Selangor,2022-01-20,27.2456146179402,9,30.148837209302325,82.55451827242526,1.1197342192691029
Selangor,2022-01-21,27.530223592906708,9,30.71626831148805,82.42336160370085,1.2680030840400924
Selangor,2022-01-22,26.764943160982764,8.835350201686836,29.63219655298863,87.15841584158416,0.901026769343601
Selangor,2022-01-23,27.195204978038067,8.43887262079063,30.657027818448025,86.46826500732064,1.1336749633967789
Selangor,2022-01-24,26.346357913669063,8.772482014388489,28.533723021582734,88.85107913669064,0.8985161870503597
Selangor,2022-01-25,26.56669195751138,8.987860394537178,29.117602427921092,87.91168437025797,0.8364188163884674
Selangor,2022-01-26,27.21825396825397,8.87037037037037,30.2411186696901,85.709561602418745,1.0195389266817838
Selangor,2022-01-27,27.580981595092023,8.530879345603273,29.786912065439672,82.17525562372188,1.1116155419222904
Selangor,2022-01-28,26.848506086315012,8.742161563998524,28.948727406860936,84.99609000368868,1.1691257838436002
Selangor,2022-01-29,27.72472429740306,8.793311988616152,31.642120241906795,83.02774813233725,1.3532194948416933
Selangor,2022-01-30,27.845022907122033,8.790503956684715,32.864223240316534,85.29000416493128,1.1893377759266972
Selangor,2022-01-31,27.33569105691057,8.802845528455284,30.680487804878048,86.23869918699187,1.0526829268292683
Selangor,2022-02-01,27.416784781797837,7.910854158895934,29.476314807907496,84.77299515106304,1.0413278627377844
Selangor,2022-02-02,27.254637626736763,8.932031543372137,29.419827262485917,83.6124671423207,1.011152835148329
Selangor,2022-02-03,27.33433526011561,9,30.223121387283236,83.31082851637765,1.3171098265895953
Selangor,2022-02-04,27.258366445916113,8.794701986754967,29.311258278145694,82.22410596026491,2.079735099337748
Selangor,2022-02-05,27.02397291196388,8.753047404063205,28.969300225733633,83.42121896162529,1.6353047404063206
Selangor,2022-02-06,26.95454132606721,9,30.052679382379655,86.73006357856494,1.0756130790190737
Selangor,2022-02-07,26.03562066306862,8.84965304548959,28.911333847340014,89.06137239784117,1.3386276021588281
Selangor,2022-02-08,26.64187062937063,9,29.364073426573427,84.89038461538462,0.7328234265734266
Selangor,2022-02-09,27.24401515151515,8.727651515151516,30.563257575757575,83.04712121212121,1.0740530303030302
Selangor,2022-02-10,25.5145607280364,8.88274413720686,27.2019600980049,90.58085404270213,0.6269863493174659
Selangor,2022-02-11,25.76272365805169,8.668654738237244,27.749502982107355,87.06577203445991,0.8885023194168323
Selangor,2022-02-12,26.846161754626458,8.870459218642907,29.185743660041123,82.4998286497601,1.5814256339958876
Selangor,2022-02-13,27.369729136163983,8.792093704245973,30.4692532942899,84.53491947291361,1.1344802342606148
Selangor,2022-02-14,27.711322828875044,9,31.164895566141443,83.36280688897033,1.2559179186515208
Selangor,2022-02-15,28.224025974025974,9,31.605805958747137,81.13968678380444,1.6381588999236059
Selangor,2022-02-16,28.980141592920354,9,32.35221238938053,77.22619469026549,1.8552566371681416
Selangor,2022-02-17,27.877167947310646,9,29.879985364068787,78.74562751555068,1.345444566410538
Selangor,2022-02-18,28.87561559507524,9,32.81292749658003,75.6483584131327,1.3194596443228455
Selangor,2022-02-19,29.469619326500734,9,33.85029282576867,77.41841142020498,1.0613836017569547
Selangor,2022-02-20,28.30416240191061,9,32.74274991470488,81.87171613783691,1.5253155919481405
Selangor,2022-02-21,27.338113079019074,8.981267029972752,29.817779291553133,83.41863079019073,1.2028610354223432
Selangor,2022-02-22,27.180989399293285,8.851943462897527,28.31625441696113,82.03420494699647,1.2429681978798586
Selangor,2022-02-23,27.44280496712929,8.340759678597516,29.45653761869978,82.73710737764792,1.4112125639152666
Selangor,2022-02-24,25.59975812024879,8.666897028334485,26.999654457498274,89.98289564616448,0.9728403593642018
Selangor,2022-02-25,26.37357259380098,8.357911908646003,27.801305057096247,85.46424143556281,1.393442088091354
Selangor,2022-02-26,25.90009375,8.793125,27.2746875,84.93746875,0.9558125
Selangor,2022-02-27,26.343397415694927,8.368736211786953,28.276079420107155,80.00173337535455,1.1166719193192562
Selangor,2022-02-28,27.775041932237503,8.942636699094264,29.902046293190203,72.01449178128145,1.9200268366320026
Selangor,2022-03-01,27.03437106918239,8.055345911949686,28.85817610062893,76.20182389937106,1.2760377358490567
Selangor,2022-03-02,27.240328467153283,8.795620437956204,29.382907542579076,76.33050486618005,1.2496350364963504
Selangor,2022-03-03,27.20015873015873,9,29.854920634920635,75.66920634920635,1.7101904761904763
Selangor,2022-03-04,26.79727214377407,8.380295250320925,29.291720154043645,78.36318998716303,1.2570924261874197
Selangor,2022-03-05,25.74218009478673,8.520695102685623,26.322274881516588,82.39105845181675,0.9171879936808847
Selangor,2022-03-06,26.08298004987531,8.45635910224439,27.017768079800497,81.0344451371571,0.7385910224438903
Selangor,2022-03-07,26.04973659745894,8.668112798264643,27.634025410598078,81.29910133250698,1.0094205144096684
Selangor,2022-03-08,26.50328624078624,8.959152334152334,28.54699017199017,80.01566339066339,1.1072481572481572
Selangor,2022-03-09,27.4977602905569,8.459745762711865,30.977905569007262,76.16292372881355,1.2822639225181598
Selangor,2022-03-10,27.617538054268696,8.875909993381866,31.812045003309066,75.37931833223031,2.012640635340834
Selangor,2022-03-11,27.975404644616468,8.95707248416608,33.1530612244898,76.15450387051372,1.2359957776213935
Selangor,2022-03-12,27.776175438596493,8.941052631578948,32.708771929824564,76.55428070175438,1.431859649122807
Selangor,2022-03-13,28.27015937605968,7.960664632078671,32.258392675483215,75.56795523906409,1.1207867073584266
Selangor,2022-03-14,28.001792828685257,8.29050464807437,33.1261620185923,77.83549136786189,1.348937583001328
Selangor,2022-03-15,27.40037555479686,7.114373506316149,31.623420962785932,78.62847388187095,1.213246841925572
Selangor,2022-03-16,27.213764510779438,8.740298507462686,30.09452736318408,77.13701492537314,1.0851077943615257
Selangor,2022-03-17,27.364723418350447,8.268300761841669,30.58595561444187,70.7383570718781,1.0703544219940377
Selangor,2022-03-18,27.564928117686392,8.844867937144768,30.62119692410565,67.74777666332331,1.4017719826145103
Selangor,2022-03-19,29.787193841847447,9,33.83030090972708,64.6569279216235,1.3243177046885934
Selangor,2022-03-20,29.144208211143695,9,34.79618768328446,71.8717375366569,1.5037390029325512
Selangor,2022-03-21,28.802665706051872,9,34.20208933717579,67.75500720461095,1.2183717579250721
Selangor,2022-03-22,28.530796390741468,8.7861906630051,33.16359356610435,70.29466457434287,1.0707728520988622
Selangor,2022-03-23,28.948722764838468,9,34.004507888805406,68.91356123215627,1.1540195341848234
Selangor,2022-03-24,28.267929796569604,9,34.3713601914639,78.7670921420024,1.1873952931790985
Selangor,2022-03-25,28.192728725529363,8.635637235317619,32.876548142229325,80.24027167399122,1.0912105473431881
Selangor,2022-03-26,28.202917009038618,8.624897288414132,33.37962202136401,82.47448644207067,1.0077239112571899
Selangor,2022-03-27,28.51440228478172,9,32.95756833945328,80.08416972664219,1.2594451244390046
Selangor,2022-03-28,29.708215158924205,9,34.412713936430315,76.09325183374084,1.2890953545232273
Selangor,2022-03-29,28.207449856733525,9,32.76504297994269,81.43997134670487,1.169054441260745
Selangor,2022-03-30,27.884549763033174,9,32.136018957345975,82.63862559241706,1.1313744075829384
Selangor,2022-03-31,28.18452380952381,8.869047619047619,30.958333333333332,74.31547619047619,10.351190476190476
Selangor,2022-04-01,28.43478072079896,8.956144159791576,32.692574902301345,79.41428571428571,1.1687364307425099
Selangor,2022-04-02,28.530834392206692,9,32.924608216857266,80.29284201609488,1.1335027530707327
Selangor,2022-04-03,27.16919385796545,9,30.81333973128599,83.36770633397313,0.9659309021113244
Selangor,2022-04-04,27.564285714285713,8.94884792626728,30.93225806451613,82.72308755760369,0.972073732718894
Selangor,2022-04-05,26.699827956989246,8.958709677419355,30.119139784946235,85.43501075268817,0.872
Selangor,2022-04-06,27.19531987977673,8.77844568484328,30.14255045083727,82.56758265349936,1.3159725203950192
Selangor,2022-04-07,26.181632653061225,9,29.988487702773416,88.51915227629513,0.863265306122449
Selangor,2022-04-08,26.988777130757015,9,31.88459502382213,85.29756484912652,0.9850185283218634
Selangor,2022-04-09,26.567354596622888,9,31.941838649155724,87.665712945591,1.0231238273921202
Selangor,2022-04-10,27.395002776235426,9,32.853970016657414,84.30360910605219,1.0392559689061633
Selangor,2022-04-11,26.11955034213099,8.565493646138808,29.12121212121212,90.4743890518084,0.6844086021505377
Selangor,2022-04-12,27.493912639405206,8.58224907063197,31.53996282527881,84.4128717472119,0.7019981412639406
Selangor,2022-04-13,26.65646530204693,9,32.088866699950074,88.74113829256116,0.6503744383424863
Selangor,2022-04-14,27.63520202020202,8.921717171717171,32.907575757575756,86.7919696969697,0.8344444444444444
Selangor,2022-04-15,27.44928435114504,9,33.152671755725194,86.53339694656489,0.8922232824427481
Selangor,2022-04-16,28.408637236084452,8.915067178502879,34.37907869481766,84.08570057581574,0.8839731285988484
Selangor,2022-04-17,27.276554583141408,8.917088899124828,32.12851220635652,89.07406725011515,0.6400736987563335
Selangor,2022-04-18,27.45367205542725,8.635565819861432,31.664665127020786,86.9891454965358,0.9701154734411086
Selangor,2022-04-19,27.518825489379424,8.955851728446481,31.386505622657225,85.75343606830488,0.822240733027905
Selangor,2022-04-20,27.412173507462686,8.958955223880597,32.1669776119403,85.45858208955224,0.8130597014925374
Selangor,2022-04-21,27.14946034725481,8.933364617550446,31.31581417175035,86.96184889723135,0.689676208352886
Selangor,2022-04-22,28.133113518605747,8.915214319359396,32.971267074894016,84.86768723504474,0.8843617522373999
Selangor,2022-04-23,28.502912621359222,8.958391123439666,31.69348127600555,81.99713361072584,1.2705501618122976
Selangor,2022-04-24,28.361367837338264,9,33.122920517560075,83.0423752310536,0.733086876155268
Selangor,2022-04-25,27.576291195277914,8.708312838170192,30.20462370880472,86.53659616330546,0.7133792424987703
Selangor,2022-04-26,28.415283203125,8.55908203125,32.1181640625,83.07783203125,0.707275390625
Selangor,2022-04-27,28.634200196270854,9,33.499509322865556,83.7805201177625,0.9871933267909715
Selangor,2022-04-28,28.552839396628215,8.712511091393079,33.45430346051464,85.93362910381543,0.7830967169476486
Selangor,2022-04-29,28.48968835930339,9,32.50091659028414,83.81329055912008,1.107103574702108
Selangor,2022-04-30,28.40673469387755,9,33.47632653061225,84.69559183673469,0.6553877551020408
Selangor,2022-05-01,26.870557029177718,8.682139699381079,30.694076038903624,89.99690539345711,0.6354111405835544
Selangor,2022-05-02,26.921561338289962,8.07899628252788,29.588754646840147,88.28015799256505,0.8201208178438661
Selangor,2022-05-03,26.84914015477214,8.752794496990541,29.32932072226999,88.90279449699054,0.6857265692175408
Selangor,2022-05-04,28.110909935004642,9,32.460538532961934,85.34178272980502,0.6777623026926648
Selangor,2022-05-05,29.130934922089825,8.91704857928506,34.02428964252979,82.20600366636114,0.9308432630614115
Selangor,2022-05-06,29.030919340849955,9,35.25758889852558,82.94588031222897,1.2628360797918474
Selangor,2022-05-07,27.922799188640973,9,32.65679513184584,85.58640973630831,1.404503042596349
Selangor,2022-05-08,27.977100565955595,9,32.4915106660862,86.25698737483674,1.401959077057031
Selangor,2022-05-09,28.392432908051035,9,34.887813462384514,86.57637483501979,1.1262648482182138
Selangor,2022-05-10,29.87395744680851,9,36.63191489361702,79.70276595744681,1.1312340425531915
Selangor,2022-05-11,28.188433843384338,9,34.139963996399636,84.37565256525653,1.0006300630063005
Selangor,2022-05-12,28.780940594059405,9,35.55239273927393,83.71885313531354,1.0249587458745875
Selangor,2022-05-13,29.197742975587285,9,35.59051128512206,81.99299861814832,0.9574850299401197
Selangor,2022-05-14,28.998168825368467,9,35.44082179544439,84.0940151853506,0.8367574810183117
Selangor,2022-05-15,27.959737827715355,8.786516853932584,34.14747191011236,89.12097378277153,0.7211610486891386
Selangor,2022-05-16,25.940902809765085,7.964993090741594,28.841547673883003,92.04205435283279,0.9896821741133118
Selangor,2022-05-17,28.090191897654584,9,31.856716417910448,81.66716417910447,0.7738592750533049
Selangor,2022-05-18,28.35055090348171,9,33.55178492728074,83.4452622300573,0.7314676068752755
Selangor,2022-05-19,27.876625172890733,8.828953434762564,33.10834485938221,85.93457814661134,0.7766251728907331
Selangor,2022-05-20,29.517543043275943,8.789669613773848,35.224290367612845,80.01540251279665,0.9744997673336435
Selangor,2022-05-21,29.629898336414048,9,34.41358595194085,77.27259704251387,1.0356746765249538
Selangor,2022-05-22,29.009727985246656,9,34.14983863531582,79.41226371599815,0.9715076071922545
Selangor,2022-05-23,28.61591013296653,9,34.49610270518111,83.74974782209995,0.889958734525447
Selangor,2022-05-24,28.630026929982048,9,33.5237881508079,83.36274685816876,0.9026032315978456
Selangor,2022-05-25,25.08017641597029,7.409006499535748,26.754874651810585,93.33909006499536,0.8231662024141133
Selangor,2022-05-26,27.149150206706476,8.95957740009187,30.493798805695914,84.25879650895727,0.7565916398713827
Selangor,2022-05-27,28.317793103448277,9,33.0767816091954,83.77020689655173,1.0453793103448277
Selangor,2022-05-28,27.97236480293309,8.918423464711275,32.05316223648029,83.1340054995417,0.945096241979835
Selangor,2022-05-29,28.812391005048188,9,32.78659935750344,78.90229463056448,0.8598439651216154
Selangor,2022-05-30,29.43336177474403,9,34.139078498293514,75.34547781569965,0.9754266211604096
Selangor,2022-05-31,29.729399755002042,9,34.58554512045733,76.03568803593303,1.0003674969375256
Selangor,2022-06-01,29.152224052718285,9,34.2998352553542,79.74093904448105,0.9301070840197694
Selangor,2022-06-02,26.85970873786408,9,32.58414239482201,88.82168284789644,1.961326860841424
Selangor,2022-06-03,28.65271779597915,8.923678332092331,32.70067014147431,78.68842144452718,1.1231943410275502
Selangor,2022-06-04,28.181398923904688,9,32.280937740199846,81.51729438893159,1.1761721752498078
Selangor,2022-06-05,27.592219959266803,9,31.74745417515275,84.29584521384929,0.6242362525458248
Selangor,2022-06-06,28.38992628992629,9,32.21457821457822,81.30655200655201,0.8951269451269451
Selangor,2022-06-07,27.358694802657286,8.669792887846816,31.82415005861665,86.43399765533411,0.8444314185228605
Selangor,2022-06-08,27.31646969119329,8.866183759054518,30.84940907357987,85.99054517727792,0.8467403736179947
Selangor,2022-06-09,26.83168841761827,8.674551386623165,29.20309951060359,88.32320554649266,0.7833197389885808
Selangor,2022-06-10,27.62969325153374,8.205725971370143,31.369325153374234,85.2683026584867,0.9220040899795501
Selangor,2022-06-11,25.867221770917954,8.595857026807474,28.20430544272949,92.06888708367181,0.7827782290820471
Selangor,2022-06-12,26.84939558149229,8.91871613172155,29.588161734055856,84.95414756148395,0.8614839516465194
Selangor,2022-06-13,27.274161896974654,8.878168438266558,31.673344235486507,86.80441537203598,0.794358135731807
Selangor,2022-06-14,27.650877192982456,9,31.06854345165239,84.42953896368829,0.849204406364749
Selangor,2022-06-15,26.89650548557497,8.494108086143845,30.623730190979277,86.2010971149939,0.9052011377488826
Selangor,2022-06-16,27.44914910858995,8.878038897893031,31.127633711507293,83.07151539708266,1.027350081037277
Selangor,2022-06-17,26.27880875202593,8.875607779578607,28.104943273905995,89.24789303079416,0.7304700162074554
Selangor,2022-06-18,26.580218446601943,8.95873786407767,29.152508090614887,86.75194174757281,0.8125809061488674
Selangor,2022-06-19,27.273381877022654,8.998381877022654,30.726132686084142,85.20533980582525,1.063309061488673
Selangor,2022-06-20,26.544229217110573,8.807506053268765,29.324455205811137,88.63777239709444,0.8148506860371267
Selangor,2022-06-21,27.383306255077173,8.460194963444355,30.61332250203087,83.8076360682372,0.6557676685621446
Selangor,2022-06-22,27.03421686746988,8.333333333333334,29.721285140562248,84.82530120481928,0.8385140562248996
Selangor,2022-06-23,26.940022172949003,8.804878048780488,29.697708795269772,85.84626755358462,0.7282335550628234
Selangor,2022-06-24,26.62370340356564,8.70259319286872,28.63087520259319,88.45567260940032,0.7864667747163695
Selangor,2022-06-25,27.732899022801302,9,30.903501628664497,83.46376221498372,0.962214983713355
Selangor,2022-06-26,27.9843006263048,9,31.762004175365345,83.66488517745303,0.8020876826722338
Selangor,2022-06-27,28.976794155565106,9,32.780833691448215,78.70107434464977,0.8569832402234637
Selangor,2022-06-28,27.645892707460185,8.918692372170998,32.08675607711651,85.020871751886,0.7162615255658005
Selangor,2022-06-29,28.046475953565505,8.703980099502488,32.850746268656714,83.00667495854063,1.0176616915422885
Selangor,2022-06-30,28.244642857142857,8.922619047619047,30.625,74.13095238095238,5.714285714285714
Selangor,2022-07-01,28.631059983566146,9,32.062037797863596,75.86861133935908,0.9391536565324569
Selangor,2022-07-02,28.784216916228246,9,32.800890327802506,76.5034803723189,1.2092675030352085
Selangor,2022-07-03,29.084339858392337,9,34.063723448563096,77.73802582257393,1.058975426905456
Selangor,2022-07-04,29.138150770512286,9,33.070803831736775,76.04952103290296,0.8887546855476884
Selangor,2022-07-05,28.40108864696734,8.8367029548989109,34.19129082426127,81.92262830482115,0.9113919129082426
Selangor,2022-07-06,26.897113821138213,9,31.954471544715446,88.90573170731707,0.6567073170731708
Selangor,2022-07-07,28.332839890923257,9,33.578106739384495,81.95979742890533,1.0520062329567588
Selangor,2022-07-08,28.64349146110057,9,33.33738140417457,79.5765844402277,1.3875521821631878
Selangor,2022-07-09,29.23603567085529,9,34.20956627482773,75.93883259019051,1.0066882853668424
Selangor,2022-07-10,28.471775171856045,9,33.96118075212293,80.30938131823696,0.7452486858067124
Selangor,2022-07-11,27.92906882591093,9,32.004453441295546,83.30417004048583,0.6619838056680162
Selangor,2022-07-12,26.980397614314114,8.955467196819086,30.123260437375745,85.90664015904572,0.5944731610337972
Selangor,2022-07-13,28.014370078740157,9,31.257874015748033,81.13307086614174,0.6638976377952756
Selangor,2022-07-14,28.49358121330724,9,33.29823874755382,80.12692759295498,0.5778082191780822
Selangor,2022-07-15,28.17942486836776,9,34.137707573916565,81.65463750506278,0.7128392061563386
Selangor,2022-07-16,28.74263029315961,9,33.03827361563518,79.9814332247557,0.9148208469055374
Selangor,2022-07-17,29.675394686176357,9,35.26992683865999,77.69992298806315,0.941817481709665
Selangor,2022-07-18,29.401197836166926,9,36.280139103554866,79.69211746522411,0.8011205564142195
Selangor,2022-07-19,28.452113758647194,8.840891621829362,34.30514988470407,81.95518831667948,1.1275557263643352
Selangor,2022-07-20,28.209522031366692,9,33.30619865571322,81.85313666915609,0.9899925317401046
Selangor,2022-07-21,28.501075268817203,9,32.2128290693363,79.85891731553578,0.7739710789766407
Selangor,2022-07-22,28.03626577579807,8.224944320712694,30.827765404602822,81.7956570155902,0.8487750556792873
Selangor,2022-07-23,27.2755275823769,8.824509440947796,29.780451684561275,85.80414661236578,0.8671232876712329
Selangor,2022-07-24,27.229655946148092,8.413986537023186,29.25168287210172,87.02442034405385,0.8204936424831712
Selangor,2022-07-25,27.19710743801653,8.720886551465064,29.515026296018032,85.49928625093915,0.8021788129226146
Selangor,2022-07-26,28.465229321834574,9,32.245393963151706,79.20791846334771,0.8389651117208937
Selangor,2022-07-27,27.215696993361966,9,31.475595470519327,85.37567356501367,0.8304568527918782
Selangor,2022-07-28,27.018524040253446,8.926947446887812,31.09168840849795,85.66656727543794,0.8344390607528885
Selangor,2022-07-29,26.85597127739985,8.750566893424036,30.079743008314438,85.02433862433863,1.0298185941043083
Selangor,2022-07-30,28.57605057642246,9,32.61993306061733,79.26957976943102,0.9364075864633693
Selangor,2022-07-31,28.03247508305648,9,32.89576411960133,83.82392026578073,0.9095930232558139
Selangor,2022-08-01,27.853891213389122,9,32.052719665271965,81.95468619246861,0.7201255230125523
Selangor,2022-08-02,27.078823529411764,9,30.32857142857143,84.92588235294117,1.1260504201680672
Selangor,2022-08-03,26.84744585206375,8.795259501430323,29.856150388230486,86.24021250510829,0.6539436044135676
Selangor,2022-08-04,26.94771322620519,8.34404614750721,29.682735887927482,84.58846312319736,0.7716522455706634
Selangor,2022-08-05,26.937364470391994,9,29.735613010842368,83.68932443703086,0.6188490408673895
Selangor,2022-08-06,27.71262939958592,9,29.980124223602484,78.93213250517599,0.6516356107660456
Selangor,2022-08-07,28.905475504322766,9,32.08151502675998,76.73898723754631,1.3645944833264718
Selangor,2022-08-08,28.1537443111295,9,32.14108398841539,79.51774927596193,0.8988001654944145
Selangor,2022-08-09,28.683238172920067,9,32.74551386623165,75.80273246329527,0.9384176182707994
Selangor,2022-08-10,28.44609271523179,9,32.330684326710816,79.89373068432671,1.104988962472406
Selangor,2022-08-11,29.281259370314842,9,33.71614192903548,78.16361819090454,1.166566716641679
Selangor,2022-08-12,28.20420436402342,9,31.738690792974985,82.91559340074508,1.0637573177221926
Selangor,2022-08-13,28.603431890179515,9,32.397571277719116,78.85960929250264,1.349208025343189
Selangor,2022-08-14,27.625394235997824,8.87547580206634,31.6721044045677,85.13017944535073,0.9121805328983142
Selangor,2022-08-15,27.99671784012705,9,31.743779777660137,82.85606140815246,0.776071995764955
Selangor,2022-08-16,28.09802139037433,8.876470588235295,32.39090909090909,82.14331550802139,0.836096256684492
Selangor,2022-08-17,27.52340637450199,8.647410358565738,30.455677290836654,86.53660358565737,0.8866533864541832
Selangor,2022-08-18,27.924039362699155,8.917994376757264,31.2136832239925,83.41073102155576,1.0957357075913776
Selangor,2022-08-19,28.178410722833892,8.8329344183820009,31.972714217328864,82.65318334131163,0.9136428913355673
Selangor,2022-08-20,26.35813282001925,8.613089509143407,28.93888354186718,90.39566891241579,0.8723291626564004
Selangor,2022-08-21,26.170232766338405,8.881378692927484,28.19740376007162,88.39104744852283,0.6616830796777081
Selangor,2022-08-22,27.167057346169944,9,30.229384679782335,83.99962327333613,0.8784847216408539
Selangor,2022-08-23,26.01448132780083,8.93734439834025,28.49585062240664,89.49622406639004,0.8571784232365145
Selangor,2022-08-24,27.882534389328885,9,31.027928303459774,81.37903293038767,0.8263443101292205
Selangor,2022-08-25,27.052347024308467,8.867979882648784,31.099748533109807,88.14136630343671,1.0611902766135792
Selangor,2022-08-26,25.9910970464135,9,28.859915611814348,87.99177215189873,0.9561603375527427
Selangor,2022-08-27,26.50092204526404,8.846605196982397,28.49916177703269,87.12531433361274,0.9148365465213747
Selangor,2022-08-28,25.88924957841484,8.671163575042158,28.159359190556494,89.82453625632378,0.7974704890387858
Selangor,2022-08-29,25.725615352523988,8.655819774718397,27.429286608260327,91.17146433041302,0.6204005006257822
Selangor,2022-08-30,27.26068908260689,9,30.94645080946451,86.84794520547945,0.7268991282689913
Selangor,2022-08-31,27.444342379958247,7.744467640918581,30.747807933194153,84.60450939457202,0.6638830897703549
Selangor,2022-09-01,27.096968438538205,8.795265780730897,31.106312292358805,78.18201827242525,0.7366694352159469
Selangor,2022-09-02,27.026655419654155,8.958667229017292,30.7836355967946,79.48523829607761,1.071151412905947
Selangor,2022-09-03,27.382734113712374,9,29.558528428093645,76.11354515050168,0.8199832775919732
Selangor,2022-09-04,28.652161263507896,9,32.53241895261846,76.92298420615128,0.9112219451371572
Selangor,2022-09-05,28.59514087382605,9,34.24703960800327,81.75336872192732,0.7525520620661494
Selangor,2022-09-06,27.842451665981077,8.875359934183464,31.912381735911147,84.4153023447141,0.6934594816947758
Selangor,2022-09-07,27.055770720371804,9,30.079008520526724,83.19213787761426,0.9842370255615802
Selangor,2022-09-08,28.206498873027797,8.917355371900827,31.372652141247183,78.24857250187829,0.8787002253944403
Selangor,2022-09-09,26.65062454077884,8.554739162380603,28.87031594415871,87.5695077149155,0.5279941219691403
Selangor,2022-09-10,28.00048417132216,8.670763500931098,30.795530726256985,82.64271880819366,0.641415270018622
Selangor,2022-09-11,26.675596816976128,8.834406972338007,29.054945054945055,86.3662372110648,0.8682455475558923
Selangor,2022-09-12,28.070902394106813,8.957642725598527,30.540699815837936,76.62802946593001,1.0660405156537753
Selangor,2022-09-13,27.70773831775701,9,30.093831775700934,79.40848598130842,1.0408598130841122
Selangor,2022-09-14,27.91982313927782,9,30.52063375092115,77.13382461311717,1.1247236551215918
Selangor,2022-09-15,27.689655172413794,9,31.621056493030082,80.73719735876742,0.9017975055025679
Selangor,2022-09-16,27.412083024462564,9,30.733876945885843,84.49725722757599,0.6165678280207562
Selangor,2022-09-17,26.561495327102804,9,28.666542056074768,86.71985046728972,0.6108411214953271
Selangor,2022-09-18,25.997851851851852,8.92,27.704444444444444,86.7477037037037,0.7308888888888889
Selangor,2022-09-19,28.012893664320117,9,30.831048536494997,78.05153760652094,0.7097443497591701
Selangor,2022-09-20,27.579473879214525,9,31.40459429418303,79.70181548721749,0.8684327528714338
Selangor,2022-09-21,27.73808073115004,8.956587966488957,31.666793602437167,80.72684691546078,0.8902894135567403
Selangor,2022-09-22,25.64829931972789,8.882993197278912,28.462585034013607,87.6974149659864,1.500544217687075
Selangor,2022-09-23,27.887354085603114,9,31.947081712062257,80.1914785992218,0.7041634241245136
Selangor,2022-09-24,27.789753178758414,9,30.75729244577412,81.13500373971578,0.8948017950635752
Selangor,2022-09-25,27.348260869565216,8.733201581027668,29.60909090909091,82.93577075098814,0.8752173913043478
Selangor,2022-09-26,28.92228127555192,9,31.7653311529027,74.97698282910875,1.0905151267375306
Selangor,2022-09-27,27.93112016293279,8.959266802443992,30.85743380855397,78.21466395112016,0.8285947046843177
Selangor,2022-09-28,26.509345794392523,8.415684681023974,27.926452661519708,84.62389272653392,0.8790735473384803
Selangor,2022-09-29,28.137871993477376,8.914390542193233,31.015898899306972,77.85381165919283,0.9687321646962903
Selangor,2022-09-30,27.244253578732106,9,30.355828220858896,83.24928425357874,0.7678118609406953
Selangor,2022-10-01,27.7919627749577,7.821489001692047,30.677241962774957,84.1160744500846,0.9253807106598985
Selangor,2022-10-02,27.216997885835095,9,29.130655391120506,83.02186046511628,0.6658350951374207
Selangor,2022-10-03,27.635494460402136,8.915469839967173,30.449322938038573,82.60381616741896,1.0487894952810832
Selangor,2022-10-04,26.933360655737705,9,28.948360655737705,85.8175,0.8002868852459016
Selangor,2022-10-05,27.936904761904763,8.80952380952381,30.511904761904763,77.04761904761905,7.125
Selangor,2022-10-06,28.278705440900563,9,31.5046904315197,77.27593808630394,1.297138836772983
Selangor,2022-10-07,26.02818904224174,8.87202007528231,28.424090338770387,86.18946047678796,0.9036386449184441
Selangor,2022-10-08,26.945909980430528,9,29.362426614481407,83.77232876712328,0.7043835616438356
Selangor,2022-10-09,26.837420560747663,8.83214953271028,28.749532710280373,84.12153271028038,0.7066168224299065
Selangor,2022-10-10,27.180513201933806,9,28.98214949795463,82.81755299367795,0.5465228709557456
Selangor,2022-10-11,27.213567467652496,8.791497227356746,31.034011090573014,83.2237338262477,0.6994085027726432
Selangor,2022-10-12,26.483270755110556,8.794326241134751,28.609929078014183,84.0203587818106,0.7874009178139341
Selangor,2022-10-13,27.44073302790504,8.918367346938776,30.623490212411497,80.9076218242399,1.1943773427738442
Selangor,2022-10-14,27.65294372294372,9,30.704329004329004,79.54991341991342,1.5122077922077921
Selangor,2022-10-15,27.648161276030127,9,30.490474080638016,81.86765618077094,1.2148870181657068
Selangor,2022-10-16,28.266680567139282,9,30.951209341117597,79.32289407839866,0.9958298582151793
Selangor,2022-10-17,28.193181818181817,8.955965909090908,32.65293560606061,80.52878787878788,0.9503787878787879
Selangor,2022-10-18,27.955482352941175,9,31.903529411764705,82.2876705882353,0.6756235294117647
Selangor,2022-10-19,28.303547776726585,8.705298013245033,32.88930936613056,79.919394512772,0.8114474929044465
Selangor,2022-10-20,28.741007532956687,8.959981167608285,32.861111111111114,75.58968926553672,0.9599340866290019
Selangor,2022-10-21,28.199905392620625,8.834437086092715,32.418637653736994,79.25018921475875,1.050236518448439
Selangor,2022-10-22,27.61967291967292,8.874939874939875,30.486772486772487,83.42198172198172,1.3731120731120732
Selangor,2022-10-23,27.431665880132137,8.894289759320435,30.58518168947617,84.71882963662105,1.0576687116564418
Selangor,2022-10-24,27.042204042348413,8.19682386910491,28.681905678537056,86.66924927815207,1.13055822906641
Selangor,2022-10-25,26.29721941354904,7.748736097067745,28.624368048533874,87.03741152679474,1.2945904954499494
Selangor,2022-10-26,26.222513089005236,8.671584959543075,27.72679676344598,86.73855306996668,1.0213707758210375
Selangor,2022-10-27,26.952079395085065,9,29.07797731568998,84.23223062381852,1.3960302457466918
Selangor,2022-10-28,27.01670599339311,8.95422369042001,29.973572439830107,84.60042472864559,0.9883435582822085
Selangor,2022-10-29,27.652410207939507,8.38421550094518,30.78024574669187,83.96521739130435,1.1463610586011341
Selangor,2022-10-30,27.951546882436936,8.54259876249405,31.558305568776774,83.24850071394575,1.1287006187529747
Selangor,2022-10-31,27.248657560056525,8.409797456429581,29.750353273669337,83.83353744700895,0.7097032501177579
Selangor,2022-11-01,27.85263915547025,9,32.19673704414587,82.12567178502879,1.0562380038387715
Selangor,2022-11-02,26.728139754485362,8.517469310670444,29.54579792256846,86.48578847969783,0.7779036827195468
Selangor,2022-11-03,27.46412683388547,8.797444391859916,30.884524372929484,83.6709417889257,0.6836725035494557
Selangor,2022-11-04,26.88135352579271,8.36819687647894,28.964978703265498,86.72082347373403,0.5745858968291528
Selangor,2022-11-05,27.407663650878128,8.632783395423097,30.17722192655668,84.19148483235763,0.6509313464608835
Selangor,2022-11-06,27.21397601476015,9,30.281365313653136,85.31619003690037,0.7409132841328413
Selangor,2022-11-07,27.541130037390943,9,31.028666389696717,81.72143747403406,0.8977149979227254
Selangor,2022-11-08,27.210091362126246,7.870431893687708,29.141611295681063,83.71727574750831,0.6669435215946844
Selangor,2022-11-09,26.969740150880135,8.91450125733445,28.632020117351214,84.20201173512154,0.7790863369656329
Selangor,2022-11-10,26.425132382892055,7.929124236252546,27.232179226069245,86.1871283095723,0.5219959266802444
Selangor,2022-11-11,26.486575010109178,8.49737161342499,27.47715325515568,87.69425798625151,0.5291548726243429
Selangor,2022-11-12,26.436140191169777,8.300409649522075,27.244424214838418,87.94346836595358,0.5570323167956304
Selangor,2022-11-13,27.03869801084991,6.871157323688969,28.216998191681736,86.37319168173599,0.541500904159132
Selangor,2022-11-14,27.394671474358976,8.712339743589743,29.60096153846154,85.8542467948718,0.40072115384615387
Selangor,2022-11-15,27.6675529705027,8.662650602409638,30.405068550062317,82.64765267968426,0.6165351059410054
Selangor,2022-11-16,28.41187019641332,8.558923996584117,32.98804440649018,80.16502988898378,0.864133219470538
Selangor,2022-11-17,27.257100037467215,8.33645560134882,29.614462345447734,82.9007868115399,0.7408392656425627
Selangor,2022-11-18,28.35266433294438,8.870089459354336,32.63593932322053,81.21516919486581,1.0766627771295216
Selangor,2022-11-19,26.74517215568862,8.061002994011975,29.177020958083833,85.77814371257485,1.1686751497005987
Selangor,2022-11-20,27.563132259273136,8.7605844885725,30.135631322592733,83.26830273510679,1.5967403521918322
Selangor,2022-11-21,27.864288382517742,8.96002988419873,31.84684348150915,81.63134105341801,1.3616735151288757
Selangor,2022-11-22,27.74240412979351,8.498156342182892,31.609882005899706,81.67732300884956,1.6892330383480827
Selangor,2022-11-23,27.2207540126913,8.824934677118328,29.757745427398284,81.0699141470698,1.440126913027249
Selangor,2022-11-24,28.296308724832215,8.720730797912006,32.44854586129754,79.33158090976883,1.1994407158836689
Selangor,2022-11-25,27.50044576523031,8.997399702823179,30.361069836552748,80.3780089153046,0.8183135215453194
Selangor,2022-11-26,28.345864946889225,8.91464339908953,32.71699544764795,80.26073596358118,0.7814112291350531
Selangor,2022-11-27,27.266316184754036,6.801351858805858,30.010514457378896,86.01607209913631,0.6352609838527976
Selangor,2022-11-28,27.378481481481483,8.080370370370371,29.68074074074074,83.63088888888889,0.7554814814814815
Selangor,2022-11-29,26.311756007393715,8.120887245841034,26.97670979667283,86.92251386321627,0.7933086876155268
Selangor,2022-11-30,26.52201306185171,7.723011909335383,27.973107952362657,85.8651940069151,0.7092585478294275
Selangor,2022-12-01,26.68918799646955,8.046778464254192,29.03927625772286,85.78499558693733,1.1520300088261253
Selangor,2022-12-02,26.272103004291846,8.537434430138292,28.586552217453505,89.30820219360992,1.0665236051502145
Selangor,2022-12-03,26.592796208530807,8.918009478672985,28.744549763033174,88.13687203791469,1.0593838862559242
Selangor,2022-12-04,27.572675250357655,8.712923223652837,30.620886981402002,84.69518359561278,0.6127324749642347
Selangor,2022-12-05,28.25996231747527,8.587847385774847,32.15120113047574,81.11121055110692,0.6006123410268488
Selangor,2022-12-06,28.079076343072572,8.636192271442036,31.874175306314797,84.35791705937794,0.8989632422243167
Selangor,2022-12-07,27.642322274881515,8.716113744075829,30.988151658767773,84.60274881516588,1.1643601895734597
Selangor,2022-12-08,25.78001902949572,8.91674595623216,28.037583254043767,90.80756422454805,1.006232159847764
Selangor,2022-12-09,25.046695610226724,8.459720212252774,25.953207911239748,91.89975880366619,1.3470815243608296
Selangor,2022-12-10,25.40148916967509,7.787454873646209,26.71028880866426,91.31286101083032,0.7250451263537906
Selangor,2022-12-11,25.013508992053534,8.506064408197407,26.00585529067336,93.32505227938101,0.6398996235884568
Selangor,2022-12-12,25.407370184254606,8.199329983249582,26.052345058626464,92.47060301507538,0.4809045226130653
Selangor,2022-12-13,26.108501683501682,7.854377104377105,28.343855218855218,89.11468855218855,0.8647727272727272
Selangor,2022-12-14,26.24802330420308,8.916770703287558,28.951727007906783,88.26566791510612,0.6947565543071161
Selangor,2022-12-15,26.67203659506762,9,29.031026252983292,85.90894988066826,0.6127287191726333
Selangor,2022-12-16,27.738384955752213,8.553834808259587,29.361725663716815,82.51305309734514,1.2914085545722713
Selangor,2022-12-17,26.695191949310473,8.956392098397316,28.598210957882966,86.5416325009318,0.8493850167722699
Selangor,2022-12-18,26.269056463595838,8.339895988112927,27.583952451708768,89.60683506686479,0.8007800891530461
Selangor,2022-12-19,26.687696335078535,8.917726252804787,29.030665669409125,86.29809274495139,0.8476439790575916
Selangor,2022-12-20,27.267845180498696,8.759211016002977,29.915891328619278,82.03248976553778,0.8259397097134351
Selangor,2022-12-21,26.538966957842764,8.925180402582605,28.426129889859475,87.86464109380934,1.0796050132928219
Selangor,2022-12-22,25.43505703422053,7.820152091254752,26.241825095057035,92.56809885931558,0.6829657794676806
Selangor,2022-12-23,26.158736059479555,8.551301115241635,27.817472118959106,88.15159851301115,0.8843866171003717
Selangor,2022-12-24,27.291604197901048,8.831709145427286,29.42016491754123,82.01068215892055,1.1657421289355323
Selangor,2022-12-25,27.486428571428572,8.957894736842105,29.560526315789474,78.12721804511278,1.2232706766917294
Selangor,2022-12-26,26.882128137879356,8.959910078681155,29.180966654177595,81.77946796553016,1.0771449981266392
Selangor,2022-12-27,26.462301286903863,9,28.50681302043906,83.40446631339894,0.761884935654807
Selangor,2022-12-28,25.918379594898724,8.498124531132783,27.77869467366842,88.845236309077265,0.8516504126031508
Selangor,2022-12-29,26.706126331811262,7.506849315068493,29.55441400304414,86.15745814307458,0.978310502283105
Selangor,2022-12-30,27.588779750661125,8.95957687948621,29.896864374763883,78.30124669437099,1.3349074423876086
Selangor,2022-12-31,27.32464898595944,8.7402496099844,30.274570982839315,80.6508190327613,1.02597503900156
Terengganu,2022-01-01,26.71794871794872,8.387931034482758,29.23076923076923,85.34188034188034,17.837606837606838
Terengganu,2022-01-02,27.120689655172413,8.241379310344827,30.20689655172414,84,19.594827586206897
Terengganu,2022-01-03,27.17094017094017,8.794871794871796,30.205128205128204,82.8974358974359,17.65811965811966
Terengganu,2022-01-04,26.94017094017094,8.615384615384615,29.572649572649574,83.72649572649573,13.094017094017094
Terengganu,2022-01-05,26.811965811965813,8.948717948717949,29.153846153846153,84,10.145299145299145
Terengganu,2022-01-06,27.017094017094017,9,29.384615384615383,83.4957264957265,9.017094017094017
Terengganu,2022-01-07,27.307692307692307,8.931623931623932,30.418803418803417,84.75213675213675,9.82905982905983
Terengganu,2022-01-08,27.666666666666668,8.606837606837606,31.735042735042736,84.34188034188034,11.786324786324787
Terengganu,2022-01-09,27.11965811965812,8.957264957264957,29.54700854700855,83.21367521367522,7.495726495726496
Terengganu,2022-01-10,26.384615384615383,8.914529914529915,28.23931623931624,82.4017094017094,6.717948717948718
Terengganu,2022-01-11,26.418803418803417,8.982905982905983,28.478632478632477,82.07692307692308,6.632478632478633
Terengganu,2022-01-12,26.76923076923077,8.974358974358974,28.564102564102566,77.5042735042735,7.863247863247863
Terengganu,2022-01-13,26.188034188034187,8.982905982905983,27.512820512820515,76.77777777777777,8.205128205128204
Terengganu,2022-01-14,26.77777777777778,8.982905982905983,28.273504273504273,74.61538461538461,9.64102564102564
Terengganu,2022-01-15,26.50862068965517,8.931034482758621,28.396551724137932,80.64655172413794,8.577586206896552
Terengganu,2022-01-16,27.495726495726494,8.982905982905983,30.376068376068375,78.66666666666667,10.837606837606838
Terengganu,2022-01-17,26.641025641025642,8.452991452991453,28.871794871794872,84.68376068376068,9.555555555555555
Terengganu,2022-01-18,26.752136752136753,8.948717948717949,28.4017094017094,80.55555555555556,7.769230769230769
Terengganu,2022-01-19,27.094017094017094,8.948717948717949,29.555555555555557,78.1025641025641,9.393162393162394
Terengganu,2022-01-20,26.444444444444443,8.957264957264957,28.35042735042735,81.74358974358974,6.128205128205129
Terengganu,2022-01-21,26.418803418803417,8.965811965811966,28.444444444444443,82.82051282051282,5.6923076923076925
Terengganu,2022-01-22,26.29059829059829,8.991452991452991,28.153846153846153,83.17948717948718,4.6239316239316235
Terengganu,2022-01-23,26.11965811965812,9,27.957264957264957,84.38461538461539,4.581196581196581
Terengganu,2022-01-24,26.188034188034187,9,28.376068376068375,84.22222222222223,5.589743589743589
Terengganu,2022-01-25,26.786324786324787,8.965811965811966,28.71794871794872,80.17948717948718,6.239316239316239
Terengganu,2022-01-26,26.77777777777778,8.991452991452991,28.897435897435898,81.31623931623932,4.9914529914529915
Terengganu,2022-01-27,26.487179487179485,8.948717948717949,28.45299145299145,80.94871794871794,4.897435897435898
Terengganu,2022-01-28,26.205128205128204,8.948717948717949,27.846153846153847,80.64957264957265,6.188034188034188
Terengganu,2022-01-29,25.897435897435898,9,27.905982905982906,83.35897435897436,5.726495726495727
Terengganu,2022-01-30,26.504273504273506,9,28.871794871794872,82.6923076923077,5.555555555555555
Terengganu,2022-01-31,26.555555555555557,9,28.931623931623932,83.27350427350427,5.136752136752137
Terengganu,2022-02-01,26.973684210526315,8.859649122807017,29.385964912280702,82.73684210526316,5.807017543859649
Terengganu,2022-02-02,26.5,8.89655172413793,28.96551724137931,85.92241379310344,5.310344827586207
Terengganu,2022-02-03,27.196581196581196,8.957264957264957,30.28205128205128,85.42735042735043,8.145299145299145
Terengganu,2022-02-04,27.871794871794872,8.974358974358974,31.94871794871795,82.88888888888889,11.606837606837606
Terengganu,2022-02-05,28.153846153846153,8.794871794871796,32.136752136752136,79.44444444444444,15.863247863247864
Terengganu,2022-02-06,27.52991452991453,9,30.743589743589745,81.83760683760684,13.145299145299145
Terengganu,2022-02-07,26.88034188034188,8.64102564102564,29.71794871794872,88.53846153846153,12.760683760683762
Terengganu,2022-02-08,25.153846153846153,7.435897435897436,25.88034188034188,95.05128205128206,3.6923076923076925
Terengganu,2022-02-09,26.71794871794872,8.94017094017094,29.358974358974358,86.67521367521367,7.085470085470085
Terengganu,2022-02-10,25.94871794871795,8.418803418803419,27.700854700854702,90.47008547008546,6.641025641025641
Terengganu,2022-02-11,24.65811965811966,7.846153846153846,25.52991452991453,95.42735042735043,4.897435897435898
Terengganu,2022-02-12,25.76923076923077,8.521367521367521,27.28205128205128,88.67521367521367,6.495726495726496
Terengganu,2022-02-13,25.64957264957265,8.649572649572649,27.478632478632477,91.80341880341881,6.367521367521367
Terengganu,2022-02-14,26.358974358974358,8.495726495726496,28.692307692307693,90.94017094017094,5.572649572649572
Terengganu,2022-02-15,26.794871794871796,8.615384615384615,30.017094017094017,88.86324786324786,6.264957264957265
Terengganu,2022-02-16,26.572649572649574,8.760683760683762,29.623931623931625,89.07692307692308,4.957264957264957
Terengganu,2022-02-17,27.34188034188034,8.897435897435898,30.82051282051282,87.1025641025641,5.017094017094017
Terengganu,2022-02-18,27.46153846153846,9,30.837606837606838,85.82051282051282,4.444444444444445
Terengganu,2022-02-19,27.863247863247864,8.991452991452991,31.914529914529915,85.4017094017094,5.965811965811966
Terengganu,2022-02-20,27.564102564102566,8.982905982905983,31.299145299145298,86.65811965811966,4.905982905982906
Terengganu,2022-02-21,27.641025641025642,9,30.64957264957265,81.21367521367522,5.188034188034188
Terengganu,2022-02-22,27.41025641025641,8.948717948717949,30.444444444444443,83.82905982905983,7.264957264957265
Terengganu,2022-02-23,26.504273504273506,8.504273504273504,28.94871794871795,88.45299145299145,9.35897435897436
Terengganu,2022-02-24,26.34188034188034,8.461538461538462,28.5982905982906,86.92307692307692,15.2991452991453
Terengganu,2022-02-25,24.854700854700855,6.700854700854701,25.5982905982906,94.12820512820512,14.675213675213675
Terengganu,2022-02-26,24.82051282051282,5.794871794871795,25.683760683760685,93.1880341880342,14.316239316239317
Terengganu,2022-02-27,25.264957264957264,7.777777777777778,26.957264957264957,92.23931623931624,11.786324786324787
Terengganu,2022-02-28,26.811965811965813,8.863247863247864,29.76068376068376,87.76923076923077,8.991452991452991
Terengganu,2022-03-01,27.52991452991453,8.923076923076923,31.29059829059829,86.2051282051282,6.743589743589744
Terengganu,2022-03-02,27.572649572649574,8.957264957264957,31.324786324786324,86.41880341880342,8.076923076923077
Terengganu,2022-03-03,27.615384615384617,8.974358974358974,31.29059829059829,84.03418803418803,10.846153846153847
Terengganu,2022-03-04,25.487179487179485,7.846153846153846,26.88888888888889,93.45299145299145,4.905982905982906
Terengganu,2022-03-05,25.205128205128204,8.709401709401709,26.05982905982906,94.92307692307692,3.128205128205128
Terengganu,2022-03-06,26.45299145299145,9,29,88.91452991452991,4.162393162393163
Terengganu,2022-03-07,27.042735042735043,8.923076923076923,29.974358974358974,88.04273504273505,5.803418803418803
Terengganu,2022-03-08,27.17948717948718,8.897435897435898,30.418803418803417,86.25641025641026,7.17948717948718
Terengganu,2022-03-09,27.75221238938053,8.91150442477876,31.58407079646018,83.93805309734513,6.424778761061947
Terengganu,2022-03-10,27.45744680851064,8.702127659574469,30.71276595744681,83.97872340425532,6.031914893617022
Terengganu,2022-03-11,27.236842105263158,8.982456140350877,30.096491228070175,82.98245614035088,7.192982456140351
Terengganu,2022-03-12,27.478632478632477,8.991452991452991,30.324786324786324,81.93162393162393,6.384615384615385
Terengganu,2022-03-13,27.34188034188034,8.982905982905983,31.05128205128205,85.5042735042735,6.068376068376068
Terengganu,2022-03-14,27.307692307692307,8.871794871794872,30.5982905982906,88.09401709401709,5.547008547008547
Terengganu,2022-03-15,27.854700854700855,9,31.94871794871795,84.47008547008546,4.743589743589744
Terengganu,2022-03-16,27.854700854700855,9,32.01709401709402,86.33333333333333,5.401709401709402
Terengganu,2022-03-17,27.641025641025642,9,31.803418803418804,87.04273504273505,5.230769230769231
Terengganu,2022-03-18,27.572649572649574,9,31.700854700854702,87.2991452991453,4.829059829059829
Terengganu,2022-03-19,27.923076923076923,9,32.58119658119658,85.86324786324786,5.641025641025641
Terengganu,2022-03-20,26.64957264957265,8.760683760683762,29.581196581196583,87.94017094017094,6.641025641025641
Terengganu,2022-03-21,26.854700854700855,8.982905982905983,30.102564102564102,87.54700854700855,5.829059829059829
Terengganu,2022-03-22,27.324786324786324,8.957264957264957,30.905982905982906,88.35042735042735,4.632478632478633
Terengganu,2022-03-23,27.931623931623932,9,32.47008547008547,85.16239316239316,5.162393162393163
Terengganu,2022-03-24,27.516949152542374,9,30.991525423728813,83.44067796610169,5.6440677966101696
Terengganu,2022-03-25,28.35593220338983,8.788135593220339,33.13559322033898,84.86440677966101,4.6525423728813555
Terengganu,2022-03-26,28.33613445378151,9,32.97478991596638,84.07563025210084,6.495798319327731
Terengganu,2022-03-27,28.661016949152543,9,33.6271186440678,83.15254237288136,6.177966101694915
Terengganu,2022-03-28,28.775510204081634,9,33.30612244897959,80.85714285714286,7.163265306122449
Terengganu,2022-03-29,28.851063829787233,9,33.51063829787234,80.32978723404256,6.425531914893617
Terengganu,2022-03-30,29.08695652173913,9,34.06956521739131,80.05217391304348,6.973913043478261
Terengganu,2022-03-31,28.633333333333333,9,32.891666666666666,80.03333333333333,5.633333333333334
Terengganu,2022-04-01,28.033333333333335,9,32.166666666666664,83.05,5.383333333333334
Terengganu,2022-04-02,26.866666666666667,8.866666666666667,29.8,88.50833333333334,4.825
Terengganu,2022-04-03,26.15686274509804,8.862745098039216,28.254901960784313,91.2156862745098,4.568627450980392
Terengganu,2022-04-04,27.948275862068964,8.706896551724139,31.79310344827586,83.98275862068965,6.112068965517241
Terengganu,2022-04-05,26.616666666666667,8.666666666666666,29.508333333333333,86.86666666666666,5.141666666666667
Terengganu,2022-04-06,25.358333333333334,8.283333333333333,26.358333333333334,94.73333333333333,3.65
Terengganu,2022-04-07,26.166666666666668,8.916666666666666,28.058333333333334,90.525,4.116666666666666
Terengganu,2022-04-08,26.883333333333333,9,29.525,85.85833333333333,5.575
Terengganu,2022-04-09,26.805084745762713,8.677966101694915,29.372881355932204,87.33898305084746,5.6440677966101696
Terengganu,2022-04-10,27.409523809523808,9,30.923809523809524,85.63809523809523,4.466666666666667
Terengganu,2022-04-11,27.403361344537814,9,31.22689075630252,88.2016806722689,5.378151260504202
Terengganu,2022-04-12,27.65,9,31.558333333333334,86.79166666666667,5.016666666666667
Terengganu,2022-04-13,27.25,8.841666666666667,30.733333333333334,89.33333333333333,4.333333333333333
Terengganu,2022-04-14,28.083333333333332,9,32.44166666666667,84.71666666666667,4.491666666666666
Terengganu,2022-04-15,28.533333333333335,9,33.541666666666664,84.58333333333333,4.016666666666667
Terengganu,2022-04-16,28.341666666666665,9,33.4,86.48333333333333,4.825
Terengganu,2022-04-17,28.75,8.958333333333334,34.1,83.84166666666667,5.708333333333333
Terengganu,2022-04-18,28.825,9,33.88333333333333,82.89166666666667,4.175
Terengganu,2022-04-19,28.625,8.958333333333334,33.375,83.25,5.091666666666667
Terengganu,2022-04-20,27.766666666666666,8.283333333333333,31.558333333333334,84.9,5.825
Terengganu,2022-04-21,28.316666666666666,9,32.625,83.45833333333333,4.833333333333333
Terengganu,2022-04-22,28.425,8.916666666666666,33.775,85.85,4.791666666666667
Terengganu,2022-04-23,28.366666666666667,9,33.458333333333336,85.84166666666667,4.916666666666667
Terengganu,2022-04-24,28.316666666666666,9,33.38333333333333,85.98333333333333,5
Terengganu,2022-04-25,28.666666666666668,9,33.75,84.51666666666667,4.966666666666667
Terengganu,2022-04-26,28.65,9,33.46666666666667,82.96666666666667,4.525
Terengganu,2022-04-27,28.891666666666666,9,34.416666666666664,82.75833333333334,5.691666666666666
Terengganu,2022-04-28,28.883333333333333,9,34.233333333333334,83.25833333333334,4.358333333333333
Terengganu,2022-04-29,28.975,9,33.833333333333336,80.525,5.525
Terengganu,2022-04-30,28.625,9,33.34166666666667,82.65833333333333,4.708333333333333
Terengganu,2022-05-01,27.4,8.816666666666666,30.816666666666666,86.81666666666666,5.466666666666667
Terengganu,2022-05-02,27.366666666666667,8.866666666666667,30.65,86.40833333333333,4.5
Terengganu,2022-05-03,28.4,9,33.041666666666664,84.525,5.133333333333334
Terengganu,2022-05-04,27.666666666666668,8.633333333333333,31.991666666666667,88.85,3.8666666666666667
Terengganu,2022-05-05,28.008333333333333,9,32.31666666666667,87.14166666666667,4.866666666666666
Terengganu,2022-05-06,28.416666666666668,9,34.03333333333333,87.30833333333334,5.691666666666666
Terengganu,2022-05-07,27.516666666666666,8.9,31.583333333333332,89.13333333333334,5.375
Terengganu,2022-05-08,28.616666666666667,9,34.4,86.70833333333333,6.358333333333333
Terengganu,2022-05-09,26.9,8.691666666666666,30.591666666666665,94.025,4.008333333333334
Terengganu,2022-05-10,28.433333333333334,8.966666666666667,33.425,85.75,5.083333333333333
Terengganu,2022-05-11,28.166666666666668,9,32.708333333333336,85.18333333333334,5.6
Terengganu,2022-05-12,28.675,9,33.06666666666667,81.03333333333333,6.816666666666666
Terengganu,2022-05-13,28.625,9,33.43333333333333,82.05,5.366666666666666
Terengganu,2022-05-14,28.566666666666666,9,34.166666666666664,86.21666666666667,4.966666666666667
Terengganu,2022-05-15,27.65,9,32.291666666666664,90.09166666666667,5.166666666666667
Terengganu,2022-05-16,27.15,8.15,30.583333333333332,89.01666666666667,6.841666666666667
Terengganu,2022-05-17,27.666666666666668,9,31.333333333333332,84.225,4.425
Terengganu,2022-05-18,28.305084745762713,9,33.03389830508475,85.66101694915254,3.3728813559322033
Terengganu,2022-05-19,27.35,8.633333333333333,30.575,85.53333333333333,5.075
Terengganu,2022-05-20,28.733333333333334,9,33.65833333333333,81.76666666666667,5.375
Terengganu,2022-05-21,28.7,8.941666666666666,34.49166666666667,86.175,5.05
Terengganu,2022-05-22,28.933333333333334,8.983333333333333,35.11666666666667,86.2,5.125
Terengganu,2022-05-23,28.35,9,33.63333333333333,85.21666666666667,4.566666666666666
Terengganu,2022-05-24,28.9,9,35.06666666666667,85.80833333333334,5.05
Terengganu,2022-05-25,28.191666666666666,8.991666666666667,32.75,85.85,6.283333333333333
Terengganu,2022-05-26,28.283333333333335,9,32.81666666666667,83.35,6.691666666666666
Terengganu,2022-05-27,27.966666666666665,9,32.666666666666664,88.70833333333333,3.525
Terengganu,2022-05-28,28.366666666666667,8.991666666666667,33.74166666666667,87.61666666666666,3.45
Terengganu,2022-05-29,28.458333333333332,9,33.525,85.85,3.8916666666666666
Terengganu,2022-05-30,27.85,8.983333333333333,32.483333333333334,86.56666666666666,5.416666666666667
Terengganu,2022-05-31,27.9,9,32.21666666666667,84.96666666666667,5.908333333333333
Terengganu,2022-06-01,26.247524752475247,8.584158415841584,28.643564356435643,90.91089108910892,4.861386138613861
Terengganu,2022-06-02,27.889830508474578,9,31.940677966101696,85.1864406779661,4.686440677966102
Terengganu,2022-06-03,27.61764705882353,9,31.254901960784313,84.92156862745098,5.362745098039215
Terengganu,2022-06-04,27.487179487179485,8.914529914529915,31.41025641025641,87.58119658119658,3.8632478632478633
Terengganu,2022-06-05,28.075,9,32.44166666666667,85.84166666666667,4.783333333333333
Terengganu,2022-06-06,27.916666666666668,9,31.825,84.75833333333334,4.983333333333333
Terengganu,2022-06-07,27.741666666666667,8.925,30.925,83.725,5.85
Terengganu,2022-06-08,28.166666666666668,9,31.925,81.95,5.966666666666667
Terengganu,2022-06-09,28.416666666666668,9,33,83.45,4.625
Terengganu,2022-06-10,28.283333333333335,9,32.65833333333333,83.63333333333334,4.608333333333333
Terengganu,2022-06-11,26.983333333333334,8.85,29.975,89.76666666666667,3.8666666666666667
Terengganu,2022-06-12,25.766666666666666,9,27.583333333333332,93.76666666666667,2.225
Terengganu,2022-06-13,27.75423728813559,9,31.38135593220339,85.35593220338983,3.9915254237288136
Terengganu,2022-06-14,28.25,9,32.166666666666664,81.85833333333333,6.433333333333334
Terengganu,2022-06-15,28.291666666666668,9,32.6,82.38333333333334,5.633333333333334
Terengganu,2022-06-16,28.058333333333334,9,31.741666666666667,81.43333333333334,4.483333333333333
Terengganu,2022-06-17,28.333333333333332,8.833333333333334,32.80833333333333,83.36666666666666,4.35
Terengganu,2022-06-18,28.041666666666668,9,31.816666666666666,83.15833333333333,3.966666666666667
Terengganu,2022-06-19,28.225,9,31.783333333333335,81.11666666666666,4.641666666666667
Terengganu,2022-06-20,28.458333333333332,9,32.50833333333333,80.86666666666666,4.641666666666667
Terengganu,2022-06-21,27.108333333333334,8.866666666666667,30.075,86.41666666666667,3.9583333333333335
Terengganu,2022-06-22,27.525,9,30.716666666666665,83.19166666666666,5.266666666666667
Terengganu,2022-06-23,27.233333333333334,9,30.875,86.525,2.5166666666666666
Terengganu,2022-06-24,27.358333333333334,8.716666666666667,30.55,85.025,6.2
Terengganu,2022-06-25,26.23076923076923,8.934065934065934,28.78021978021978,89.50549450549451,4.582417582417582
Terengganu,2022-06-26,28.201680672268907,8.731092436974789,32.621848739495796,84.83193277310924,5.19327731092437
Terengganu,2022-06-27,28.19607843137255,9,32.745098039215684,85.33333333333333,5.03921568627451
Terengganu,2022-06-28,28.05128205128205,8.649572649572649,32.34188034188034,85.7094017094017,5.6068376068376065
Terengganu,2022-06-29,27.783333333333335,8.541666666666666,31.625,84.4,5.75
Terengganu,2022-06-30,27.975,9,32.125,83.91666666666667,4.066666666666666
Terengganu,2022-07-01,28.441666666666666,9,33.266666666666666,83.79166666666667,5.158333333333333
Terengganu,2022-07-02,28.916666666666668,9,34.03333333333333,81.575,7.533333333333333
Terengganu,2022-07-03,29.166666666666668,9,34.541666666666664,79.71666666666667,6.233333333333333
Terengganu,2022-07-04,27.491666666666667,8.841666666666667,31.416666666666668,88.85833333333333,5.125
Terengganu,2022-07-05,26.533333333333335,8.575,29.141666666666666,89.525,4.358333333333333
Terengganu,2022-07-06,26.833333333333332,8.691666666666666,29.941666666666666,90.64166666666667,5.533333333333333
Terengganu,2022-07-07,27.766666666666666,9,31.816666666666666,85.975,5.316666666666666
Terengganu,2022-07-08,28.758333333333333,8.725,34.81666666666667,85.50833333333334,4.683333333333334
Terengganu,2022-07-09,27.125,8.85,30.333333333333332,86.875,4.5
Terengganu,2022-07-10,27.2,8.958333333333334,31.1,90.225,2.191666666666667
Terengganu,2022-07-11,27.325,8.966666666666667,31.225,90.49166666666666,4.333333333333333
Terengganu,2022-07-12,26.058333333333334,8.825,27.941666666666666,89.80833333333334,5.908333333333333
Terengganu,2022-07-13,27.475,9,30.95,88.4,3.825
Terengganu,2022-07-14,27.941666666666666,8.841666666666667,32.725,87.725,4.608333333333333
Terengganu,2022-07-15,28.241666666666667,9,33.541666666666664,87.5,5.375
Terengganu,2022-07-16,27.991666666666667,9,32.925,88.10833333333333,4.375
Terengganu,2022-07-17,28.316666666666666,8.975,33.983333333333334,87.675,4.841666666666667
Terengganu,2022-07-18,28.325,9,34,87.80833333333334,5.416666666666667
Terengganu,2022-07-19,27.541666666666668,8.95,31.85,90.24166666666666,3.85
Terengganu,2022-07-20,27.358333333333334,8.808333333333334,31.475,90.49166666666666,3.8916666666666666
Terengganu,2022-07-21,27.566666666666666,8.541666666666666,31.575,87.98333333333333,4.841666666666667
Terengganu,2022-07-22,27.9,9,31.725,85.15,4.816666666666666
Terengganu,2022-07-23,28.3,9,32.06666666666667,82.425,5.216666666666667
Terengganu,2022-07-24,28.041666666666668,9,31.675,82.625,4.308333333333334
Terengganu,2022-07-25,27.825,9,31.65,84.9,4.483333333333333
Terengganu,2022-07-26,27.158333333333335,8.975,29.891666666666666,86.28333333333333,4.091666666666667
Terengganu,2022-07-27,28.025,9,31.891666666666666,83.73333333333333,6.675
Terengganu,2022-07-28,27.016666666666666,9,30.083333333333332,86.775,5.433333333333334
Terengganu,2022-07-29,27.841666666666665,9,31.883333333333333,84.48333333333333,6.666666666666667
Terengganu,2022-07-30,27.508333333333333,8.891666666666667,31.258333333333333,85.49166666666666,5.7
Terengganu,2022-07-31,27.483333333333334,8.95,31.508333333333333,86.375,4.641666666666667
Terengganu,2022-08-01,27.608333333333334,9,31.075,84.425,5.2
Terengganu,2022-08-02,27.391666666666666,8.991666666666667,31.183333333333334,87.94166666666666,4.233333333333333
Terengganu,2022-08-03,26.433333333333334,8.716666666666667,28.791666666666668,88.78333333333333,5.133333333333334
Terengganu,2022-08-04,26.616666666666667,9,29.191666666666666,86.34166666666667,3.4
Terengganu,2022-08-05,26.583333333333332,8.933333333333334,28.941666666666666,86.85833333333333,5.441666666666666
Terengganu,2022-08-06,27.441666666666666,9,30.383333333333333,80.99166666666666,4.391666666666667
Terengganu,2022-08-07,27.833333333333332,9,31.783333333333335,84.15,5.475
Terengganu,2022-08-08,28.016666666666666,9,32.4,84.5,6.258333333333334
Terengganu,2022-08-09,28.15,8.958333333333334,32.583333333333336,84.24166666666666,4.883333333333334
Terengganu,2022-08-10,28.425,8.775,33.166666666666664,84.10833333333333,6.483333333333333
Terengganu,2022-08-11,28.858333333333334,9,34.53333333333333,83.44166666666666,6.85
Terengganu,2022-08-12,28.916666666666668,8.975,35.208333333333336,85.725,5.175
Terengganu,2022-08-13,27.733333333333334,9,31.316666666666666,81.94166666666666,5.983333333333333
Terengganu,2022-08-14,27.258333333333333,8.825,30.3,84.88333333333334,3.8583333333333334
Terengganu,2022-08-15,27.491666666666667,9,30.866666666666667,83.1,5.208333333333333
Terengganu,2022-08-16,27.008333333333333,8.766666666666667,29.766666666666666,84.775,3.75
Terengganu,2022-08-17,27.408333333333335,8.916666666666666,30.95,86.75,5.025
Terengganu,2022-08-18,27.716666666666665,8.966666666666667,31.191666666666666,83.85833333333333,5.05
Terengganu,2022-08-19,27.891666666666666,9,31.683333333333334,83.80833333333334,4.841666666666667
Terengganu,2022-08-20,26.125,8.533333333333333,28,91.51666666666667,4.258333333333334
Terengganu,2022-08-21,27.208333333333332,9,30.2,84.78333333333333,3.408333333333333
Terengganu,2022-08-22,27.975,9,31.458333333333332,80.2,4.841666666666667
Terengganu,2022-08-23,26.866666666666667,9,29.658333333333335,85.4,3.8333333333333335
Terengganu,2022-08-24,27.666666666666668,9,30.75,83.25833333333334,4.975
Terengganu,2022-08-25,27.25,8.983333333333333,30.283333333333335,85.65,7.233333333333333
Terengganu,2022-08-26,26.933333333333334,9,29.283333333333335,83.65,7.008333333333334
Terengganu,2022-08-27,27.125,8.983333333333333,29.925,85.425,5.325
Terengganu,2022-08-28,27.65,9,30.941666666666666,84.26666666666667,5.283333333333333
Terengganu,2022-08-29,27.325,8.616666666666667,30.441666666666666,86.50833333333334,4.183333333333334
Terengganu,2022-08-30,27.625,9,31.158333333333335,84.65833333333333,4.4
Terengganu,2022-08-31,27.8,9,31.316666666666666,82.08333333333333,4.566666666666666
Terengganu,2022-09-01,27.95,9,31.758333333333333,84.775,4.916666666666667
Terengganu,2022-09-02,27.7,9,31.308333333333334,84.13333333333334,5.316666666666666
Terengganu,2022-09-03,27.733333333333334,9,31.333333333333332,83.81666666666666,4.508333333333334
Terengganu,2022-09-04,27.85,9,31.841666666666665,86.03333333333333,3.7583333333333333
Terengganu,2022-09-05,26.983333333333334,8.025,30.558333333333334,92.45,1.1583333333333334
Terengganu,2022-09-06,27.983050847457626,8.686440677966102,32.08474576271186,85.04237288135593,5.38135593220339
Terengganu,2022-09-07,26.741666666666667,8.983333333333333,29.466666666666665,86.625,4.358333333333333
Terengganu,2022-09-08,27.033333333333335,9,30.133333333333333,86,3.7916666666666665
Terengganu,2022-09-09,27.666666666666668,9,31.55,87.275,4.591666666666667
Terengganu,2022-09-10,26.833333333333332,8.833333333333334,30.008333333333333,87.45833333333333,5.575
Terengganu,2022-09-11,27.025,9,29.658333333333335,83.55833333333334,5.575
Terengganu,2022-09-12,26.391666666666666,9,28.608333333333334,87.78333333333333,2.941666666666667
Terengganu,2022-09-13,26.516666666666666,9,28.841666666666665,87.65833333333333,5.075
Terengganu,2022-09-14,26.616666666666667,8.691666666666666,29.158333333333335,84.40833333333333,4.891666666666667
Terengganu,2022-09-15,27.433333333333334,8.933333333333334,30.175,81.225,4.425
Terengganu,2022-09-16,27.458333333333332,9,30.575,83.25833333333334,4.866666666666666
Terengganu,2022-09-17,27.141666666666666,8.85,30.166666666666668,88.01666666666667,4.816666666666666
Terengganu,2022-09-18,26.808333333333334,9,29.308333333333334,88.21666666666667,4.708333333333333
Terengganu,2022-09-19,26.933333333333334,9,29.441666666666666,85.63333333333334,3.658333333333333
Terengganu,2022-09-20,27.216666666666665,8.791666666666666,30.041666666666668,82.7,5.241666666666666
Terengganu,2022-09-21,27.275,8.933333333333334,30.033333333333335,83.63333333333334,5.191666666666666
Terengganu,2022-09-22,27.533333333333335,8.9,30.508333333333333,81.18333333333334,5.658333333333333
Terengganu,2022-09-23,26.745098039215687,9,29.274509803921568,86.50980392156863,4.137254901960785
Terengganu,2022-09-24,27.615384615384617,9,31.299145299145298,83.67521367521367,4.52991452991453
Terengganu,2022-09-25,28.3,9,31.991666666666667,80.4,5.233333333333333
Terengganu,2022-09-26,28.133333333333333,9,31.8,82.225,4.783333333333333
Terengganu,2022-09-27,27.7,8.775,30.708333333333332,83.94166666666666,5.716666666666667
Terengganu,2022-09-28,27.55,9,30.983333333333334,86.38333333333334,4.341666666666667
Terengganu,2022-09-29,27.4,9,31.066666666666666,86.275,4.716666666666667
Terengganu,2022-09-30,26.983333333333334,8.9,30.458333333333332,88.28333333333333,5.108333333333333
Terengganu,2022-10-01,26.95,8.958333333333334,29.733333333333334,86.975,5.016666666666667
Terengganu,2022-10-02,26.841666666666665,9,29.5,89.25833333333334,3.375
Terengganu,2022-10-03,26.808333333333334,8.583333333333334,29.316666666666666,88.55833333333334,5.625
Terengganu,2022-10-04,26.8,8.966666666666667,29.366666666666667,87.93333333333334,5.858333333333333
Terengganu,2022-10-05,26.05,8.783333333333333,27.741666666666667,91.95,3.975
Terengganu,2022-10-06,26.9,9,29.925,88.89166666666667,3.725
Terengganu,2022-10-07,25.775,8.908333333333333,27.55,91.55833333333334,4.3
Terengganu,2022-10-08,26.116666666666667,8.9,28.333333333333332,87.84166666666667,4.533333333333333
Terengganu,2022-10-09,26.108333333333334,8.875,28.275,90.44166666666666,3.6416666666666666
Terengganu,2022-10-10,26.058333333333334,9,27.983333333333334,91.525,2.933333333333333
Terengganu,2022-10-11,27.275,9,30.125,83.775,5.591666666666667
Terengganu,2022-10-12,27.833333333333332,9,30.8,79.575,7.083333333333333
Terengganu,2022-10-13,27.141666666666666,8.966666666666667,29.966666666666665,85.09166666666667,5.325
Terengganu,2022-10-14,26.633333333333333,8.891666666666667,29.066666666666666,87.85833333333333,5.791666666666667
Terengganu,2022-10-15,26.470588235294116,8.941176470588236,28.764705882352942,88.49019607843137,4.784313725490196
Terengganu,2022-10-16,26.905982905982906,8.521367521367521,29.71794871794872,89.05982905982906,4.3418803418803416
Terengganu,2022-10-17,27.008333333333333,8.858333333333333,30.141666666666666,89.325,5.216666666666667
Terengganu,2022-10-18,27.258333333333333,8.95,30.483333333333334,87.04166666666667,3.716666666666667
Terengganu,2022-10-19,26.85,8.691666666666666,29.458333333333332,88.575,4.216666666666667
Terengganu,2022-10-20,27.108333333333334,8.966666666666667,30.3,87.69166666666666,3.4833333333333334
Terengganu,2022-10-21,27.716666666666665,9,31.641666666666666,86.80833333333334,3.341666666666667
Terengganu,2022-10-22,26.333333333333332,8.725,28.55,90.55833333333334,6.166666666666667
Terengganu,2022-10-23,26.583333333333332,9,28.925,87.475,5.766666666666667
Terengganu,2022-10-24,26.108333333333334,8.991666666666667,28.058333333333334,90.45833333333333,5.741666666666666
Terengganu,2022-10-25,26.875,8.966666666666667,29.475,88.41666666666667,7.175
Terengganu,2022-10-26,26.275,8.733333333333333,28.408333333333335,91.68333333333334,3.466666666666667
Terengganu,2022-10-27,26.916666666666668,9,29.725,87.04166666666667,5.35
Terengganu,2022-10-28,26.95,8.941666666666666,29.5,86.80833333333334,6.358333333333333
Terengganu,2022-10-29,26.716666666666665,8.625,29.116666666666667,87.70833333333333,6.041666666666667
Terengganu,2022-10-30,27.55,8.833333333333334,30.633333333333333,84.78333333333333,6.433333333333334
Terengganu,2022-10-31,26.216666666666665,8.583333333333334,28.1,91.675,3.2583333333333333
Terengganu,2022-11-01,26.75,8.525,28.908333333333335,88.18333333333334,4.433333333333334
Terengganu,2022-11-02,26.558333333333334,8.958333333333334,28.908333333333335,87.35833333333333,4.908333333333333
Terengganu,2022-11-03,26.516666666666666,9,28.958333333333332,91.49166666666666,2.3666666666666667
Terengganu,2022-11-04,27.016666666666666,8.958333333333334,30.283333333333335,89,4.175
Terengganu,2022-11-05,25.941666666666666,8.633333333333333,27.733333333333334,93.54166666666667,2.6666666666666665
Terengganu,2022-11-06,26.733333333333334,8.8,29.591666666666665,91.33333333333333,3.0416666666666665
Terengganu,2022-11-07,27.341666666666665,8.883333333333333,30.258333333333333,85.85,4.358333333333333
Terengganu,2022-11-08,26.383333333333333,9,28.775,90.275,3.4
Terengganu,2022-11-09,26.491666666666667,8.941666666666666,28.441666666666666,89.35,5
Terengganu,2022-11-10,27.333333333333332,8.841666666666667,31.091666666666665,88.75,8.541666666666666
Terengganu,2022-11-11,26.116666666666667,7.716666666666667,28.041666666666668,93,4.858333333333333
Terengganu,2022-11-12,25.520833333333332,8.541666666666666,27.020833333333332,94.47916666666667,2.7291666666666665
Terengganu,2022-11-13,26.5982905982906,8.974358974358974,29.58974358974359,91.07692307692308,3.1709401709401708
Terengganu,2022-11-14,26.108333333333334,8.85,28.041666666666668,93.78333333333333,2.533333333333333
Terengganu,2022-11-15,26.725,9,29.516666666666666,89.76666666666667,3.4916666666666667
Terengganu,2022-11-16,27.358333333333334,9,30.75,87.55,4.658333333333333
Terengganu,2022-11-17,27.816666666666666,9,31.483333333333334,84.88333333333334,4.233333333333333
Terengganu,2022-11-18,27.175,8.975,30.508333333333333,87.75,5.85
Terengganu,2022-11-19,27.35,8.958333333333334,30.35,85.675,6.625
Terengganu,2022-11-20,27.525,9,30.425,81.4,8.575
Terengganu,2022-11-21,28.016666666666666,9,32.03333333333333,82.70833333333333,6.2
Terengganu,2022-11-22,26.791666666666668,9,29.841666666666665,89.90833333333333,4.241666666666666
Terengganu,2022-11-23,26.783333333333335,8.958333333333334,29.983333333333334,90.58333333333333,4.175
Terengganu,2022-11-24,27.808333333333334,8.9,31.833333333333332,87.375,4.491666666666666
Terengganu,2022-11-25,27.425,8.975,30.7,86.11666666666666,4.1
Terengganu,2022-11-26,27.133333333333333,9,30.033333333333335,85.56666666666666,4.25
Terengganu,2022-11-27,26.941666666666666,8.65,29.625,87.5,3.3833333333333333
Terengganu,2022-11-28,27.591666666666665,9,30.8,84.425,4.833333333333333
Terengganu,2022-11-29,27.741666666666667,9,30.9,83.5,4.908333333333333
Terengganu,2022-11-30,26.833333333333332,8.6,29.466666666666665,88.83333333333333,4.691666666666666
Terengganu,2022-12-01,25.816666666666666,7.925,27.133333333333333,91.46666666666667,5.591666666666667
Terengganu,2022-12-02,25.1,8.483333333333333,25.9,93.44166666666666,5.025
Terengganu,2022-12-03,25.858333333333334,9,27.791666666666668,91.06666666666666,3.9916666666666667
Terengganu,2022-12-04,26.225,9,28.25,92.29166666666667,3.5
Terengganu,2022-12-05,25.541666666666668,8.9,27.05,94.73333333333333,1.7416666666666667
Terengganu,2022-12-06,27.325,9,30.825,86.98333333333333,4.6
Terengganu,2022-12-07,26.616666666666667,8.3,29.141666666666666,90.8,5.741666666666666
Terengganu,2022-12-08,26.091666666666665,8.383333333333333,27.933333333333334,91.69166666666666,9.775
Terengganu,2022-12-09,24.616666666666667,6.291666666666667,24.883333333333333,96.675,5.225
Terengganu,2022-12-10,24.516666666666666,7.116666666666666,24.625,97.55,5.85
Terengganu,2022-12-11,24.566666666666666,7.291666666666667,24.95,98.15833333333333,3.8916666666666666
Terengganu,2022-12-12,25.775,8.708333333333334,27.4,92.06666666666666,5.033333333333333
Terengganu,2022-12-13,27.7,8.8,31.258333333333333,80.65833333333333,12.675
Terengganu,2022-12-14,26.033333333333335,8.475,28.116666666666667,87.45833333333333,9.333333333333334
Terengganu,2022-12-15,24.475,8.208333333333334,25.025,95.50833333333334,3.525
Terengganu,2022-12-16,26.458333333333332,8.958333333333334,28.883333333333333,89.04166666666667,4.991666666666666
Terengganu,2022-12-17,25.1,7.983333333333333,26.075,93.95833333333333,6.483333333333333
Terengganu,2022-12-18,26.591666666666665,8.383333333333333,29.508333333333333,90.925,13.258333333333333
Terengganu,2022-12-19,23.155172413793103,6.663793103448276,23.775862068965516,96.78448275862068,8.568965517241379
Terengganu,2022-12-20,24.135416666666668,7.6875,25.072916666666668,96.48958333333333,7.229166666666667
Terengganu,2022-12-21,26.069565217391304,8.556521739130435,28.130434782608695,90.97391304347826,11.234782608695653
Terengganu,2022-12-22,26.166666666666668,8.966666666666667,28.225,89.95833333333333,5.133333333333334
Terengganu,2022-12-23,25.725,8.908333333333333,27.183333333333334,89.98333333333333,4.916666666666667
Terengganu,2022-12-24,26.4,9,27.966666666666665,79.81666666666666,6.741666666666666
Terengganu,2022-12-25,26.166666666666668,8.991666666666667,27.725,79.30833333333334,9.008333333333333
Terengganu,2022-12-26,25.958333333333332,8.916666666666666,27.366666666666667,83.61666666666666,6.366666666666666
Terengganu,2022-12-27,25.625,8.916666666666666,26.741666666666667,85.28333333333333,6.166666666666667
Terengganu,2022-12-28,26.225,9,27.791666666666668,80.3,8.216666666666667
Terengganu,2022-12-29,26.275,9,27.866666666666667,80.025,7.675
Terengganu,2022-12-30,26.183333333333334,9,27.633333333333333,78.40833333333333,9.525
Terengganu,2022-12-31,26.308333333333334,9,28.175,83.45,7.1
